task,group,bin_online,ent_coef_mean,ent_coef_sem,ent_coef_count,logp_mean_mean,logp_mean_sem,logp_mean_count,qw_mean_mean,qw_mean_sem,qw_mean_count,w_absmean_mean,w_absmean_sem,w_absmean_count,mu_absmean_mean,mu_absmean_sem,mu_absmean_count,w_frac_sat_mean,w_frac_sat_sem,w_frac_sat_count,log_std_mean_mean,log_std_mean_sem,log_std_mean_count,offline_p_mean,offline_p_sem,offline_p_count,ratio_ge_gq_mean,ratio_ge_gq_sem,ratio_ge_gq_count,gq_norm_mean,gq_norm_sem,gq_norm_count,entropy_estimate_mean,entropy_estimate_sem,entropy_estimate_count
can,alr_double,0,0.18544569681398568,0.001036584175822368,3,-10.420958598454794,0.1291959212298981,3,57.082077980041504,0.5682228648341454,3,0.5593960086504618,0.0016424872659613332,3,0.46110792147616547,0.0032136632772149544,3,0.14582171477377415,0.002491789938010246,3,-0.279121042539676,0.009012572885250179,3,0.0,0.0,3,,,0,,,0,10.420958598454794,0.1291959212298981,3
can,alr_double,5000,0.07123684262235956,0.0019904755586107672,3,1.1736817322671413,0.7229031706026782,3,-2.8724106897910437,2.8805377613117,3,0.6171651085217794,0.0028144100705756844,3,0.8071953554948171,0.016528383330310818,3,0.2265973873436451,0.0038889292239817274,3,-0.44532518833875656,0.01292955039832886,3,0.0,0.0,3,,,0,,,0,-1.1736817322671413,0.7229031706026782,3
can,alr_double,10000,0.08813617505754029,0.00046947587226435744,3,0.6433703030149142,0.39953774925644797,3,-26.254966100056965,4.5063270100156085,3,0.6149700631697973,0.0020564996041526544,3,0.8001219729582468,0.005861208664319333,3,0.22271438936392465,0.003892177309141931,3,-0.43061283479134244,0.022222911838689408,3,0.0,0.0,3,,,0,,,0,-0.6433703030149142,0.39953774925644797,3
can,alr_double,15000,0.08241833150386807,0.001307531616033649,3,0.11570999523003898,0.11959369328470747,3,-24.21167294184367,3.819707703564754,3,0.6148070394992828,0.002265580685728157,3,0.7962671369314194,0.008343587830934876,3,0.2229352779686451,0.004018354886603448,3,-0.41706638783216476,0.006957809754956951,3,0.0,0.0,3,,,0,,,0,-0.11570999523003898,0.11959369328470747,3
can,alr_double,20000,0.07605918686216073,0.0011051778803551804,3,0.48996642231941223,0.19568381876550936,3,-21.684333244959515,4.650028358823522,3,0.6201641261577606,0.002096231328356331,3,0.8067530045906702,0.004233315956385321,3,0.23181734730799994,0.004174710885275909,3,-0.4016133149464925,0.0037526125921951104,3,0.0,0.0,3,,,0,,,0,-0.48996642231941223,0.19568381876550936,3
can,alr_double,25000,0.07198337245111659,0.0030926134845519057,3,0.4130247750629981,0.11838213698367271,3,-19.418526967366535,3.496314108778792,3,0.6210947583119074,0.0010428663047977774,3,0.8064189404249191,0.0032027210085774946,3,0.2344680167734623,0.0007219194921064744,3,-0.3977845534682274,0.0021439135339222574,3,0.0,0.0,3,,,0,,,0,-0.4130247750629981,0.11838213698367271,3
can,alr_double,30000,0.07050840017696218,0.006022177642864103,3,0.32024567276239396,0.24819922019300808,3,-18.114831781387327,6.8823458702252776,3,0.6221556385358175,0.0015642636848340154,3,0.8101974606513976,0.007765167471738463,3,0.23442151347796122,0.003841416239773467,3,-0.396174544095993,0.0037082611765361846,3,0.0,0.0,3,,,0,,,0,-0.32024567276239396,0.24819922019300808,3
can,alr_double,35000,0.07013374782788252,0.007268974233541432,3,-0.02366006374359131,0.18724620939956815,3,-17.620825121800106,8.166723923434693,3,0.6191344608863195,0.0009562671624299558,3,0.8018415172894796,0.0025849363740077995,3,0.22941081846753755,0.0028735344162006027,3,-0.3958488081892331,0.006204489510639176,3,0.0,0.0,3,,,0,,,0,0.02366006374359131,0.18724620939956815,3
can,alr_double,40000,0.06567573805029188,0.007131579366199443,3,0.3397213264058034,0.20430183685183537,3,-18.02123987674713,9.410337102364824,3,0.6209027121464411,0.002411201161161035,3,0.8055790762106577,0.00896291097494465,3,0.23554921274383864,0.004021752628201145,3,-0.39730869730313617,0.00871358097001062,3,0.0,0.0,3,,,0,,,0,-0.3397213264058034,0.20430183685183537,3
can,alr_double,45000,0.060678977100178555,0.005672806097383354,3,0.2084987349808216,0.16870906476916217,3,-20.868086000283558,8.852296132482946,3,0.62044358253479,0.001621168778116448,3,0.8017721772193909,0.004279770641932257,3,0.23302642504374185,0.0033071711829592617,3,-0.39377448956171673,0.006228587627793992,3,0.0,0.0,3,,,0,,,0,-0.2084987349808216,0.16870906476916217,3
can,alr_double,50000,0.058033725603794,0.004089608230986272,3,0.154582109923164,0.20098580845285577,3,-23.965628420313198,8.728673359439336,3,0.6213897317647934,0.0012944445718423533,3,0.799799179037412,0.006200703282769149,3,0.23227075239022574,0.0023362814923463837,3,-0.397311732172966,0.0061136445492011885,3,0.0,0.0,3,,,0,,,0,-0.154582109923164,0.20098580845285577,3
can,alr_double,55000,0.0561334970872849,0.0032774781664566266,3,0.07798600445191066,0.15592167834357362,3,-27.55530095100403,6.702466595438737,3,0.6198946386575699,0.0011726967731258086,3,0.7964239070812861,0.002156594103360266,3,0.2279924787580967,0.0003857571009748541,3,-0.3999175851543744,0.007000178486007478,3,0.0,0.0,3,,,0,,,0,-0.07798600445191066,0.15592167834357362,3
can,alr_double,60000,0.05431612368673081,0.0032946596898316095,3,-0.10817068815231327,0.27841903239368904,3,-27.516991297403973,4.582430792645003,3,0.6206158041954041,0.0020406170370593484,3,0.7968122998873394,0.007030335468372005,3,0.22925038337707518,0.002691828028739033,3,-0.3968843301137288,0.005631422569075318,3,0.0,0.0,3,,,0,,,0,0.10817068815231327,0.27841903239368904,3
can,alr_double,65000,0.051052289999400535,0.0018046595154511266,3,-0.28170357768734294,0.19151073397459897,3,-29.31341807047526,3.041885665924393,3,0.618659550944964,0.003029947790042921,3,0.792069286108017,0.008471605127503395,3,0.22765533129374185,0.0037207301774231987,3,-0.3994920800129573,0.004276007181080169,3,0.0,0.0,3,,,0,,,0,0.28170357768734294,0.19151073397459897,3
can,alr_double,70000,0.05081465303276971,0.003123122200117493,3,0.12015424482524395,0.06069626115938218,3,-30.944461981455486,1.9366233891564228,3,0.6210831354061762,0.0026892011745573052,3,0.7976341644922892,0.005003616328433732,3,0.23017811651031175,0.002700852294671396,3,-0.4066254024704297,0.007350368908535528,3,0.0,0.0,3,,,0,,,0,-0.12015424482524395,0.06069626115938218,3
can,alr_double,75000,0.0497013659526904,0.0034353968781757616,3,0.3350874334573746,0.13610689592259165,3,-31.568156719207764,1.238947061174413,3,0.6223577012618383,0.0024118981621786455,3,0.8035130401452383,0.005900070126287633,3,0.23407273987929025,0.0023620872531452636,3,-0.40520145992438,0.0028248902809603358,3,0.0,0.0,3,,,0,,,0,-0.3350874334573746,0.13610689592259165,3
can,alr_double,80000,0.04974025292322035,0.003870418184402792,3,-0.09678948546449344,0.10669786801544195,3,-32.271453221639,1.3163872770018796,3,0.6218355000019073,0.003015083600977372,3,0.7935290336608887,0.006484339693268393,3,0.2308640368282795,0.0027675870991480224,3,-0.3979501624902089,0.003583513677358909,3,0.0,0.0,3,,,0,,,0,0.09678948546449344,0.10669786801544195,3
can,alr_double,85000,0.04902492389082905,0.00439593594068939,3,0.02851346880197526,0.09253686274012601,3,-32.15236775080363,1.424184133700111,3,0.6198525577783585,0.0021839443657880203,3,0.7971043437719345,0.0036481209750990782,3,0.2303292490541935,0.001348236648146698,3,-0.40640739351511,0.006509775251595663,3,0.0,0.0,3,,,0,,,0,-0.02851346880197526,0.09253686274012601,3
can,alr_double,90000,0.04906898391743495,0.004304108327489103,3,-0.002984768152236935,0.10355466838278979,3,-32.835702641805014,0.6260049907576939,3,0.6229845523834229,0.0011367107583691864,3,0.7991016864776611,0.004144535577577955,3,0.23271950284639994,0.0016754484905372698,3,-0.4025029261906942,0.007987010874201205,3,0.0,0.0,3,,,0,,,0,0.002984768152236935,0.10355466838278979,3
can,alr_double,95000,0.047648278903216074,0.00426464400793256,3,-0.011543702955047289,0.24968543333759305,3,-31.76060422261556,1.1914006471237,3,0.6222234318653742,0.0018775637440980155,3,0.7947742144266764,0.008973656789222958,3,0.2300618588924408,0.0017583720622194362,3,-0.4041718790928523,0.003813331930918291,3,0.0,0.0,3,,,0,,,0,0.011543702955047289,0.24968543333759305,3
can,alr_double,100000,0.046815733689193874,0.0038175335272691902,3,-0.19824156103034815,0.16285552931707298,3,-31.50321674346924,1.1523433743093778,3,0.6210581660270691,0.002902540736887659,3,0.7909522205591202,0.005554948577228269,3,0.22713217263420424,0.0036330568378693906,3,-0.4075115770101547,0.006447881276664465,3,0.0,0.0,3,,,0,,,0,0.19824156103034815,0.16285552931707298,3
can,alr_double,105000,0.04647785690613087,0.00350111902812955,3,-0.20824257532755533,0.2671505251533875,3,-31.648375670115154,1.9467535771920939,3,0.620506172378858,0.0027463417226076202,3,0.7867493182420731,0.010207119573617323,3,0.22562082608540854,0.0019484485733313117,3,-0.4103102708856265,0.004652504412712872,3,0.0,0.0,3,,,0,,,0,0.20824257532755533,0.2671505251533875,3
can,alr_double,110000,0.045913379903261796,0.0036742547477431847,3,0.05536969130237899,0.12283426084044946,3,-33.22563727696737,2.270768597304591,3,0.6236204753319422,0.0017664933532183086,3,0.7955243835846583,0.00882356897258401,3,0.23053851475318274,0.0031059019687364295,3,-0.4118925581375758,0.0016903891636234447,3,0.0,0.0,3,,,0,,,0,-0.05536969130237899,0.12283426084044946,3
can,alr_double,115000,0.045715735433623145,0.0035869937679651985,3,0.3370642773807049,0.12803380977271991,3,-35.31651210784912,1.9641770444875075,3,0.6241130183140436,0.0024301261920335344,3,0.803520068526268,0.008675137561081037,3,0.2309570424258709,0.0030519063795430446,3,-0.4148162826895714,0.006269178622017355,3,0.0,0.0,3,,,0,,,0,-0.3370642773807049,0.12803380977271991,3
can,alr_double,120000,0.045541495941579295,0.0035036840826336776,3,-0.06481701234976449,0.21706807934935565,3,-33.17040774027506,1.000837993635461,3,0.6218442678451538,0.0002059697405710841,3,0.7898925145467123,0.001866771211507835,3,0.22893416186173757,0.0007093502965955519,3,-0.41000860929489136,0.00829026536743001,3,0.0,0.0,3,,,0,,,0,0.06481701234976449,0.21706807934935565,3
can,alr_half,0,0.5957626953721046,0.00035533092544680984,3,-16.88019069035848,0.27131304987209326,3,166.64912033081055,1.7631084442941056,3,0.5233478546142578,0.0015102700975143514,3,0.22589851853748155,0.012969882351381435,3,0.10273670529325803,0.0015156339823618747,3,-0.1830338599781195,0.008018273303273753,3,0.0,0.0,3,,,0,,,0,16.88019069035848,0.27131304987209326,3
can,alr_half,5000,0.25956754398842646,0.0012858792826305593,3,-9.189128637313843,0.6403719802959926,3,184.42864863077799,3.6063871472186677,3,0.5639354934295019,0.0038864003663555994,3,0.5361321121454239,0.02044769020722048,3,0.1532273143529892,0.004248458484305357,3,-0.2995121131340663,0.01722369763761377,3,0.0,0.0,3,,,0,,,0,9.189128637313843,0.6403719802959926,3
can,alr_half,10000,0.13051371956244107,0.0009787294886111145,3,-2.171638230482737,0.527946087501114,3,113.13861846923828,5.9855810479925,3,0.5937083711226782,0.0057556558177746745,3,0.7201227496067683,0.018928263657988335,3,0.19454520816604295,0.008422977594118187,3,-0.42064444720745087,0.00907515893788831,3,0.0,0.0,3,,,0,,,0,2.171638230482737,0.527946087501114,3
can,alr_half,15000,0.09733147611841554,0.0007527243162293609,3,0.5219048727303743,0.354320633278071,3,45.773465156555176,1.9570509190143595,3,0.6090253045161566,0.003337714408718628,3,0.7857986390590668,0.011130127193939325,3,0.21359980230530104,0.006429036724425644,3,-0.4632183288534482,0.007702804837647348,3,0.0,0.0,3,,,0,,,0,-0.5219048727303743,0.354320633278071,3
can,alr_half,20000,0.08863474863270915,0.005125817605393978,3,0.5724173442771038,0.1311786018545405,3,3.8956838846206665,3.964544756279342,3,0.6143392622470856,0.0027645085687735453,3,0.7965087393919627,0.007525182729226574,3,0.22347006077567735,0.004003359218373301,3,-0.43908291558424634,0.00819064746121514,3,0.0,0.0,3,,,0,,,0,-0.5724173442771038,0.1311786018545405,3
can,alr_half,25000,0.08245998239144678,0.0030564795327049643,3,0.5085111757119497,0.18669803446242905,3,-9.568689783414206,4.113817985987146,3,0.6142172714074453,0.0016050989451458259,3,0.7978448818127314,0.004645791333305533,3,0.22348168989022574,0.0015786627563811326,3,-0.43166810025771457,0.005818850483697243,3,0.0,0.0,3,,,0,,,0,-0.5085111757119497,0.18669803446242905,3
can,alr_half,30000,0.07410253328581648,0.002699921275449477,3,0.18119533260663354,0.2409301147363553,3,-14.305977805455527,2.7002925966317153,3,0.6151401201883951,0.0020022711944053134,3,0.7951562881469726,0.001926661814278567,3,0.2250000099341075,0.0016741852254866718,3,-0.4225181043148041,0.007395171601480556,3,0.0,0.0,3,,,0,,,0,-0.18119533260663354,0.2409301147363553,3
can,alr_half,35000,0.06833628925184403,0.00390880518453153,3,-0.06722436721126239,0.12330748961246556,3,-19.423006375630695,3.6492155506389317,3,0.6163056294123331,0.0012762479395734816,3,0.7931645015875498,0.003627555743753525,3,0.2221796028316021,0.0019219790418640533,3,-0.4164617657661438,0.0035404434239136658,3,0.0,0.0,3,,,0,,,0,0.06722436721126239,0.12330748961246556,3
can,alr_half,40000,0.06489321314729746,0.003782692546764998,3,-0.0023550614714622545,0.033155080786386626,3,-23.090953985850017,2.806396722001254,3,0.6143708179394404,0.0007067418184108112,3,0.7888836860656738,0.0029256936095669647,3,0.22337705517808595,0.0008337365477994099,3,-0.41939064860343933,0.004400791332206161,3,0.0,0.0,3,,,0,,,0,0.0023550614714622545,0.033155080786386626,3
can,alr_half,45000,0.0623686755696932,0.0038514432262175854,3,0.20244294653336206,0.35651498113550767,3,-23.294272422790527,2.770958630140845,3,0.6150796512762705,0.0022797841104268885,3,0.7950393905242285,0.00788249462128158,3,0.22237724314133325,0.0031569203196331057,3,-0.4258190294106801,0.004886008031588465,3,0.0,0.0,3,,,0,,,0,-0.20244294653336206,0.35651498113550767,3
can,alr_half,50000,0.0586588233398894,0.0023922433903929693,3,-0.0608981562157472,0.14903883652701638,3,-23.685417016347248,2.223415335271071,3,0.614606166879336,0.00034940831470230615,3,0.7909536560376486,0.0008254393771499666,3,0.2214123047888279,0.0013799402868535883,3,-0.4194575051466624,0.007657698849561025,3,0.0,0.0,3,,,0,,,0,0.0608981562157472,0.14903883652701638,3
can,alr_half,55000,0.05550224186542129,0.002103051278153738,3,0.10401755695541698,0.22842846631438773,3,-29.19602870941162,3.1565755839786225,3,0.6156589140494665,0.0021285050122044915,3,0.7872363825639089,0.005443731913439615,3,0.22163319463531175,0.003339565330254556,3,-0.42033835748831433,0.0003690740100283514,3,0.0,0.0,3,,,0,,,0,-0.10401755695541698,0.22842846631438773,3
can,alr_half,60000,0.0530246452738841,0.0015873400746908397,3,0.09883113453785575,0.15338124531617323,3,-29.01610196431478,0.9259627960424631,3,0.618640665213267,0.0007419405508075124,3,0.7925829450289408,0.0035886096906578803,3,0.22722285290559133,0.001438797767949281,3,-0.411496106783549,0.00035786928626922005,3,0.0,0.0,3,,,0,,,0,-0.09883113453785575,0.15338124531617323,3
can,alr_half,65000,0.05192346187929306,0.002179724556833226,3,0.05896650875608129,0.1350040727099222,3,-30.725766976674397,0.3884866705380574,3,0.6184628903865814,0.0009239014537453936,3,0.7933730830748876,0.004698399102311545,3,0.22793434808651605,0.00028924567871481464,3,-0.4132571443915367,0.0039691652886732105,3,0.0,0.0,3,,,0,,,0,-0.05896650875608129,0.1350040727099222,3
can,alr_half,70000,0.049765682173892815,0.0018082610091396465,3,-0.3534945845603943,0.21656913870955188,3,-31.53149636586507,0.45501364314491727,3,0.6139862438042959,0.0010267771646292952,3,0.7811435014009476,0.006704004846173376,3,0.22216798116763434,0.001616939971022419,3,-0.41192910075187683,0.003924576196835777,3,0.0,0.0,3,,,0,,,0,0.3534945845603943,0.21656913870955188,3
can,alr_half,75000,0.048959939119716446,0.001872089080709785,3,0.40412694960832596,0.15695927864067952,3,-34.10645389556885,0.3305324644550712,3,0.6192175249258677,0.000686031488806306,3,0.7993593861659368,0.0007287330200749897,3,0.23118955766161284,0.0005336466330240468,3,-0.41643640398979187,0.0015431476479829639,3,0.0,0.0,3,,,0,,,0,-0.40412694960832596,0.15695927864067952,3
can,alr_half,80000,0.04751501500916974,0.0018023206053457096,3,-0.10010784553984799,0.057107950542074605,3,-34.112306435902916,1.0025122273336016,3,0.6162352164586385,0.0011102141000211452,3,0.7842425058285395,0.0028597694914109504,3,0.22201684365669885,0.0015836636828456625,3,-0.4199248378475507,0.0030295043100311276,3,0.0,0.0,3,,,0,,,0,0.10010784553984799,0.057107950542074605,3
can,alr_half,85000,0.046815898176282573,0.001673859161347818,3,0.16749869473278525,0.1674948446005209,3,-35.454574267069496,1.355144394962006,3,0.617804025610288,0.0002654717475977468,3,0.7910454322894415,0.005349373276261597,3,0.2257487066090107,0.0022263533668323513,3,-0.41744239379962284,0.0019069123934491337,3,0.0,0.0,3,,,0,,,0,-0.16749869473278525,0.1674948446005209,3
can,alr_half,90000,0.04675600332518414,0.001352212493952,3,-0.10012560685475667,0.19104845501869502,3,-36.446197509765625,0.7782342409585107,3,0.61596253712972,0.0004093949646305911,3,0.7846079230308532,0.0026635474471219983,3,0.22345611055692038,0.0009989381171691082,3,-0.42437063058217367,0.00017840782837418972,3,0.0,0.0,3,,,0,,,0,0.10012560685475667,0.19104845501869502,3
can,alr_half,95000,0.04655035478062922,0.0012330394806854448,3,-0.11533721350133419,0.2648817421659468,3,-36.65811983744303,0.8766025295741781,3,0.6155699342489243,0.0012159961165314288,3,0.7809414813915888,0.002859918379951376,3,0.2235863208770752,0.0034809947389695495,3,-0.4209216386079788,0.0022765896535980536,3,0.0,0.0,3,,,0,,,0,0.11533721350133419,0.2648817421659468,3
can,alr_half,100000,0.04641451815453664,0.0013756595902929046,3,-0.3492827049146096,0.20210388519538078,3,-35.62961800893148,0.32344148391774363,3,0.6153746743996938,0.0018779148246271138,3,0.7748492757479349,0.004066968037522206,3,0.22120304157336554,0.0010853747861677009,3,-0.41836205621560413,0.004619377353370833,3,0.0,0.0,3,,,0,,,0,0.3492827049146096,0.20210388519538078,3
can,alr_half,105000,0.04630970555978512,0.0015853065046781362,3,-0.007851163546244303,0.15862929033254655,3,-37.255138079325356,0.5951961917819467,3,0.6166104525327682,0.0015518519432301898,3,0.7834508021672567,0.00570696388254028,3,0.22515579561392465,0.002708349414706378,3,-0.42354291925827664,0.0052456185976360705,3,0.0,0.0,3,,,0,,,0,0.007851163546244303,0.15862929033254655,3
can,alr_half,110000,0.045925625196347596,0.0017033457007875686,3,0.005070435504118602,0.19587397283917876,3,-37.48674074808756,0.5563850466358155,3,0.6188167879978815,0.0029615845561307805,3,0.7859839896361033,0.009233659074539113,3,0.22364445154865584,0.002625256865908121,3,-0.42774008214473724,0.003995270073782121,3,0.0,0.0,3,,,0,,,0,-0.005070435504118602,0.19587397283917876,3
can,alr_half,115000,0.04617079845629627,0.0020593370370878984,3,0.1613954578836759,0.1420250319393637,3,-38.03028869628906,1.2534689606266716,3,0.617049902677536,0.001063671555622697,3,0.7890272935231527,0.0036054581985574654,3,0.22539993499716124,0.003645759825604956,3,-0.4234568178653717,0.0027090837312876833,3,0.0,0.0,3,,,0,,,0,-0.1613954578836759,0.1420250319393637,3
can,alr_half,120000,0.04593396916985507,0.0015814199336134527,3,-0.09710311492284136,0.2576672576261888,3,-36.60254109700521,0.5172160874850177,3,0.6170696457227071,0.001960667405096107,3,0.7836831053098043,0.005514639427310591,3,0.22363282342751822,0.0022171528747875866,3,-0.4220557709534963,0.0011310839002531073,3,0.0,0.0,3,,,0,,,0,0.09710311492284136,0.2576672576261888,3
can,baseline,0,0.3802117122337222,0.0005615961207841644,5,-15.110586404800415,0.3454101085662842,2,113.29887390136719,0.34215354919433594,2,0.5355478152632713,0.002665393054485321,2,0.30080231092870235,0.021420108154416098,2,0.11650739889591932,0.004690987057983875,2,-0.2017210610210895,0.005666289478540414,2,0.0,0.0,2,,,0,,,0,15.110586404800415,0.3454101085662842,2
can,baseline,5000,0.09951496593654152,0.003264605452287821,5,-2.42044884711504,1.209278054535389,2,62.90554428100586,3.8008546829223633,2,0.5943815633654594,0.008196569979190826,2,0.7041207104921341,0.030006080865859985,2,0.1927315965294838,0.012939453125,2,-0.41784345358610153,0.003598824143409729,2,0.0,0.0,2,,,0,,,0,2.42044884711504,1.209278054535389,2
can,baseline,10000,0.08154489103704687,0.004397579412499638,5,0.6820472814142704,0.2238808013498783,2,-4.048150151968002,7.107828766107559,2,0.6016578152775764,0.011180184781551361,2,0.7712470069527626,0.024966932833194733,2,0.2031075693666935,0.0162702314555645,2,-0.5057235658168793,0.043553620576858534,2,0.0,0.0,2,,,0,,,0,-0.6820472814142704,0.2238808013498783,2
can,baseline,15000,0.08240556664764878,0.004102925331935972,5,0.27752387523651123,0.12793511524796483,2,-25.814853072166443,11.334409356117249,2,0.610266849398613,0.0009280741214752197,2,0.7826883345842361,0.0009809285402297974,2,0.21550642512738705,0.0016043540090322495,2,-0.44890179112553596,0.00846942141652103,2,0.0,0.0,2,,,0,,,0,-0.27752387523651123,0.12793511524796483,2
can,baseline,20000,0.07367986057884987,0.004848206647358262,5,0.6186460219323635,0.11720050498843193,2,-25.706756949424744,14.291255593299866,2,0.6160506010055542,0.0028188973665237427,2,0.8035008236765862,0.0014400854706764221,2,0.2266497015953064,0.0006452277302742004,2,-0.4247271306812763,0.006414491683244705,2,0.0,0.0,2,,,0,,,0,-0.6186460219323635,0.11720050498843193,2
can,baseline,25000,0.06765383495017882,0.004979375880743515,5,1.0703615210950375,0.17879826948046684,2,-22.61512380838394,15.307962357997894,2,0.6210459917783737,0.0012701153755187988,2,0.8219589367508888,0.001953817903995514,2,0.2329624816775322,0.0027378611266613007,2,-0.41698358207941055,8.242577314376831e-05,2,0.0,0.0,2,,,0,,,0,-1.0703615210950375,0.17879826948046684,2
can,baseline,30000,0.06331613715738053,0.004871767602692325,5,0.09321009516716003,0.24941890835762023,2,-19.17467620372772,14.627353215217589,2,0.6153834342956543,0.002353668212890625,2,0.7962531387805938,0.0039009630680084395,2,0.22643695175647738,0.0010463178157806355,2,-0.4085255980491638,0.0005922079086303905,2,0.0,0.0,2,,,0,,,0,-0.09321009516716003,0.24941890835762023,2
can,baseline,35000,0.061053870068862995,0.004943958985393515,5,-0.020831696689128876,0.13754361867904663,2,-22.242071837186813,13.737719804048538,2,0.614502027630806,0.00017143785953521729,2,0.7907920554280281,0.006128080189228058,2,0.22260394506156445,8.719228208065033e-05,2,-0.41952379047870636,0.0003268718719482422,2,0.0,0.0,2,,,0,,,0,0.020831696689128876,0.13754361867904663,2
can,baseline,40000,0.05974182379432018,0.004477121690007074,5,0.1558266207575798,0.27271224558353424,2,-23.172353267669678,14.155538082122803,2,0.6169727519154549,0.0006881579756736755,2,0.7962998673319817,0.008330307900905609,2,0.2256557010114193,0.0023018978536128998,2,-0.4189918041229248,0.003128945827484131,2,0.0,0.0,2,,,0,,,0,-0.1558266207575798,0.27271224558353424,2
can,baseline,45000,0.058541708188131404,0.005047847625899898,5,0.47407521679997444,0.36155441030859947,2,-23.363549888134003,14.017535507678986,2,0.6220835819840431,0.0026055946946144104,2,0.8060996308922768,0.006855778396129608,2,0.23552596010267735,0.0006626676768064499,2,-0.4006827101111412,0.004253387451171917,2,0.0,0.0,2,,,0,,,0,-0.47407521679997444,0.36155441030859947,2
can,baseline,50000,0.05792694044299419,0.005254767150164183,5,-0.06938774138689043,0.03937412798404695,2,-24.75793969631195,14.292646050453186,2,0.6169547438621521,0.0016548633575439453,2,0.7902135401964188,0.004926621913909912,2,0.22359794564545155,0.0021623875945806503,2,-0.41337721049785614,0.006725795567035633,2,0.0,0.0,2,,,0,,,0,0.06938774138689043,0.03937412798404695,2
can,baseline,55000,0.05767176992259915,0.005305572047147235,5,0.259768845513463,0.05024026148021222,2,-20.425281196832657,14.629215568304062,2,0.6161813214421272,0.000300087034702301,2,0.7968132793903351,0.002281367778778076,2,0.22623117826879025,0.0002964567393064499,2,-0.421057503670454,0.003990989178419113,2,0.0,0.0,2,,,0,,,0,-0.259768845513463,0.05024026148021222,2
can,baseline,60000,0.0557700054198503,0.0044987559278354804,5,0.25955694466829304,0.5324695035815239,2,-24.258172130584718,10.538869190216063,2,0.618312555551529,0.0026858627796173262,2,0.803545778989792,0.010042268037796037,2,0.22840402871370316,0.00552455335855484,2,-0.41490088105201717,0.003296101093292217,2,0.0,0.0,2,,,0,,,0,-0.25955694466829304,0.5324695035815239,2
can,baseline,65000,0.05283597725443536,0.0037929024735209355,5,0.1338144727051258,0.24401118233799934,2,-26.63642954826355,9.493327379226685,2,0.6184239611029625,0.0012968555092811584,2,0.7988734319806099,0.004934124648571014,2,0.2277483381330967,0.0036272332072257996,2,-0.41562679782509804,0.004451584070920944,2,0.0,0.0,2,,,0,,,0,-0.1338144727051258,0.24401118233799934,2
can,baseline,70000,0.05020182665437456,0.0032366725840443874,5,0.18031263351440427,0.15713358670473096,2,-28.832084894180298,8.637743711471558,2,0.61745685338974,0.0014935731887817383,2,0.7943010553717613,0.009671993553638458,2,0.2258824072778225,0.0034005306661128998,2,-0.42545057088136673,0.004238739609718281,2,0.0,0.0,2,,,0,,,0,-0.18031263351440427,0.15713358670473096,2
can,baseline,75000,0.0495076430663466,0.0030241021274925394,5,0.07930224947631356,0.1653197687119245,2,-33.87887406349182,6.005634069442749,2,0.6197243183851242,0.0008582770824432373,2,0.7929364442825317,0.004728168249130249,2,0.2272949330508709,0.00013950839638710022,2,-0.41831234097480774,0.0020133331418037276,2,0.0,0.0,2,,,0,,,0,-0.07930224947631356,0.1653197687119245,2
can,baseline,80000,0.04863522394560273,0.003276172533841827,5,-0.046065581962466254,0.08469191007316114,2,-33.66415452957153,4.261987209320068,2,0.614320732653141,0.0004804953932762146,2,0.7853667289018631,0.006507247686386108,2,0.2229004018008709,0.001185823231935501,2,-0.4203963428735733,0.005217328667640686,2,0.0,0.0,2,,,0,,,0,0.046065581962466254,0.08469191007316114,2
can,baseline,85000,0.048026573993265584,0.0034267989794910052,5,-0.18470019102096558,0.03253939747810364,2,-31.58906841278076,3.7359695434570312,2,0.6167991012334824,0.0005762577056884766,2,0.7868290841579437,0.002818554639816284,2,0.2235979437828064,0.0018136166036128998,2,-0.4093502312898636,0.0001890137791633606,2,0.0,0.0,2,,,0,,,0,0.18470019102096558,0.03253939747810364,2
can,baseline,90000,0.04737960381992157,0.003360103319978754,5,0.17854798734188082,0.23977945744991305,2,-32.22620315551758,3.8158233642578114,2,0.6193082988262177,0.0012092411518097312,2,0.7962081789970399,0.007494223117828408,2,0.22480469644069673,0.002650669217109679,2,-0.4210617065429687,0.0035238206386566245,2,0.0,0.0,2,,,0,,,0,-0.17854798734188082,0.23977945744991305,2
can,baseline,95000,0.046585653107613284,0.003023097260065768,5,0.2421322576701641,0.1567845605313778,2,-31.70653486251831,4.536071300506592,2,0.6202580779790878,0.0018984228372573853,2,0.7920515537261963,0.009623229503631592,2,0.22706823237240314,0.0009242463856935501,2,-0.4160941168665886,0.00020035356283183703,2,0.0,0.0,2,,,0,,,0,-0.2421322576701641,0.1567845605313778,2
can,baseline,100000,0.046345573887228916,0.0028586346019843093,5,0.48763539642095566,0.17941739410161972,2,-34.960726737976074,2.5250463485717773,2,0.6218765750527382,1.5124678611755371e-06,2,0.800007589161396,0.006128735840320587,2,0.2315325178205967,0.0005405992269515991,2,-0.41886141151189804,0.001227058470249176,2,0.0,0.0,2,,,0,,,0,-0.48763539642095566,0.17941739410161972,2
can,baseline,105000,0.04635171396285291,0.0027548541982483745,5,0.05105401575565337,0.11411973834037782,2,-34.29428267478943,3.0738680362701416,2,0.6212224140763283,4.708021879196167e-05,2,0.7920770570635796,0.006026364862918854,2,0.22738212533295155,0.00200544111430645,2,-0.41543358564376826,0.0007405281066894531,2,0.0,0.0,2,,,0,,,0,-0.05105401575565337,0.11411973834037782,2
can,baseline,110000,0.04589427777566011,0.002577552413857204,5,0.1507558897137642,0.13995089381933212,2,-35.45875597000122,0.4155001640319824,2,0.6196486279368401,0.0020276084542274475,2,0.791687436401844,0.0020098313689231873,2,0.22872489877045155,0.0022321436554193497,2,-0.4178812801837921,0.005333267152309418,2,0.0,0.0,2,,,0,,,0,-0.1507558897137642,0.13995089381933212,2
can,baseline,115000,0.04570484315976496,0.0024519546627364257,5,-0.06507936120033264,0.514717660844326,2,-34.62469434738159,1.319385051727295,2,0.620200052857399,0.005158409476280212,2,0.7945952117443085,0.012746945023536682,2,0.22642300091683865,0.00690569169819355,2,-0.4127369001507759,0.00155026465654369,2,0.0,0.0,2,,,0,,,0,0.06507936120033264,0.514717660844326,2
can,baseline,120000,0.04479740294255311,0.0023902606012354984,5,-0.2596087247133255,0.2202626496553421,2,-32.22162628173828,1.1464099884033203,2,0.6179185450077056,0.0011875212192535012,2,0.7803318321704864,0.006596678495407043,2,0.22423271238803863,0.0023577004671096746,2,-0.4162442266941071,0.0007049977779388511,2,0.0,0.0,2,,,0,,,0,0.2596087247133255,0.2202626496553421,2
can,baseline,125000,0.04195176193801061,0.002317979385623842,3,,,0,,,0,,,0,,,0,,,0,,,0,,,0,,,0,,,0,,,0
can,baseline,130000,0.041726901304597615,0.0022301306459106282,3,,,0,,,0,,,0,,,0,,,0,,,0,,,0,,,0,,,0,,,0
can,baseline,135000,0.04177402575500303,0.0021676277635335984,3,,,0,,,0,,,0,,,0,,,0,,,0,,,0,,,0,,,0,,,0
can,baseline,140000,0.042254564166068986,0.0017390072073144372,3,,,0,,,0,,,0,,,0,,,0,,,0,,,0,,,0,,,0,,,0
can,baseline,145000,0.04234421288905039,0.0018098502123658803,3,,,0,,,0,,,0,,,0,,,0,,,0,,,0,,,0,,,0,,,0
can,baseline,150000,0.042425631467873814,0.001977688336078414,3,,,0,,,0,,,0,,,0,,,0,,,0,,,0,,,0,,,0,,,0
can,baseline,155000,0.042342541661734324,0.002017651037029506,3,,,0,,,0,,,0,,,0,,,0,,,0,,,0,,,0,,,0,,,0
can,baseline,160000,0.0418242815105865,0.002169459382554891,3,,,0,,,0,,,0,,,0,,,0,,,0,,,0,,,0,,,0,,,0
can,baseline,165000,0.04224384743409848,0.0023790146695443835,3,,,0,,,0,,,0,,,0,,,0,,,0,,,0,,,0,,,0,,,0
can,baseline,170000,0.04184506214223797,0.002275786828724125,3,,,0,,,0,,,0,,,0,,,0,,,0,,,0,,,0,,,0,,,0
can,baseline,175000,0.041112839231888416,0.002409628102463438,3,,,0,,,0,,,0,,,0,,,0,,,0,,,0,,,0,,,0,,,0
can,baseline,180000,0.04096484677866096,0.002532723669409243,3,,,0,,,0,,,0,,,0,,,0,,,0,,,0,,,0,,,0,,,0
can,baseline,185000,0.04107944699935611,0.0026890082003962605,3,,,0,,,0,,,0,,,0,,,0,,,0,,,0,,,0,,,0,,,0
can,baseline,190000,0.04083424288158611,0.0023416401143952475,3,,,0,,,0,,,0,,,0,,,0,,,0,,,0,,,0,,,0,,,0
can,baseline,195000,0.04060931197988485,0.002163393469916039,3,,,0,,,0,,,0,,,0,,,0,,,0,,,0,,,0,,,0,,,0
can,baseline,200000,0.04008068482701973,0.0021294731342735114,3,,,0,,,0,,,0,,,0,,,0,,,0,,,0,,,0,,,0,,,0
can,baseline,205000,0.040288752817238316,0.0024643405277280897,3,,,0,,,0,,,0,,,0,,,0,,,0,,,0,,,0,,,0,,,0
can,baseline,210000,0.03991082351033884,0.002678480071693804,3,,,0,,,0,,,0,,,0,,,0,,,0,,,0,,,0,,,0,,,0
can,baseline,215000,0.03973678418745593,0.00219359358996809,3,,,0,,,0,,,0,,,0,,,0,,,0,,,0,,,0,,,0,,,0
can,baseline,220000,0.03933436819352204,0.002028876187034244,3,,,0,,,0,,,0,,,0,,,0,,,0,,,0,,,0,,,0,,,0
can,baseline,225000,0.03886644586920734,0.0021269930445118137,3,,,0,,,0,,,0,,,0,,,0,,,0,,,0,,,0,,,0,,,0
can,baseline,230000,0.03865777060079074,0.0024092421134065075,3,,,0,,,0,,,0,,,0,,,0,,,0,,,0,,,0,,,0,,,0
can,baseline,235000,0.03849588546281057,0.00277414837496005,3,,,0,,,0,,,0,,,0,,,0,,,0,,,0,,,0,,,0,,,0
can,baseline,240000,0.0383217455198367,0.002970852326133958,3,,,0,,,0,,,0,,,0,,,0,,,0,,,0,,,0,,,0,,,0
can,baseline,245000,0.037646054942160785,0.0027372538027115164,3,,,0,,,0,,,0,,,0,,,0,,,0,,,0,,,0,,,0,,,0
can,baseline,250000,0.03752106071139371,0.0027397963303245894,3,,,0,,,0,,,0,,,0,,,0,,,0,,,0,,,0,,,0,,,0
can,baseline,255000,0.03762980278581377,0.0028481396870773867,3,,,0,,,0,,,0,,,0,,,0,,,0,,,0,,,0,,,0,,,0
can,baseline,260000,0.03717278479598458,0.0028777666361210655,3,,,0,,,0,,,0,,,0,,,0,,,0,,,0,,,0,,,0,,,0
can,baseline,265000,0.03719338743947442,0.002857993782201396,3,,,0,,,0,,,0,,,0,,,0,,,0,,,0,,,0,,,0,,,0
can,baseline,270000,0.036826759902760346,0.0029935887492115354,3,,,0,,,0,,,0,,,0,,,0,,,0,,,0,,,0,,,0,,,0
can,baseline,275000,0.03697083803514637,0.0031945061158530556,3,,,0,,,0,,,0,,,0,,,0,,,0,,,0,,,0,,,0,,,0
can,calql,0,0.37591819812854127,0.000575911174564585,3,-12.923957268397013,0.11864836394693702,3,-10.360412041346232,1.1470989824454028,3,0.5512926578521729,0.000835682298162393,3,0.42867008099953335,0.005691143903996799,3,0.1342540985594193,0.0015906880115609352,3,-0.22830806424220398,0.0017895599021671188,3,0.0,0.0,3,0.6166336147287955,0.009149348144179045,3,2.43691286444664,0.03296006688376784,3,12.923957268397013,0.11864836394693702,3
can,calql,5000,0.09517587941760815,0.0015638914456043746,3,-2.7673039957880974,0.18762658421068173,3,13.519276658693949,2.0098654719676103,3,0.6073604126771291,0.0015518532065706596,3,0.7392148971557617,0.003885730510209455,3,0.21154204880197844,0.001661627544712011,3,-0.35610033323367435,0.002073890346489074,3,0.0,0.0,3,0.5278883045268863,0.006521487772266746,3,1.2263043125470479,0.041155669523414096,3,2.7673039957880974,0.18762658421068173,3
can,calql,10000,0.0715618649187187,0.0007969796039864126,3,-0.07696977381904918,0.19605065090898643,3,-0.3359357714653018,3.2783307325927566,3,0.6211529721816381,0.001090015420464217,3,0.8012880037228266,0.002425302553254825,3,0.2280273549258709,0.003213692012838634,3,-0.3981159453590711,0.0045976845476845786,3,0.0,0.0,3,0.4937161724215984,0.0012848916341510479,3,1.0921104103326797,0.013261307329059885,3,0.07696977381904918,0.19605065090898643,3
can,calql,15000,0.06303623565472656,0.0007371177373435346,3,0.5229257084429264,0.21667070294859067,3,-9.186011254787445,2.590752324661847,3,0.6247053941090902,0.0022398234948524387,3,0.8145590027173361,0.00550893029890459,3,0.23551433409253755,0.002944415248416101,3,-0.40292472889026004,0.0020336410596553437,3,0.0,0.0,3,0.48662258497670235,0.004863996942828879,3,0.9922700375318527,0.01608334282017882,3,-0.5229257084429264,0.21667070294859067,3
can,calql,20000,0.06000379562998807,0.0024068729108508,3,0.049855707213282585,0.1554479129783616,3,-14.49527088801066,2.5956502451561345,3,0.6228209336598715,0.0014654555051390116,3,0.8071917047103246,0.006798541451195942,3,0.23177084575096765,0.003231267709517571,3,-0.39610712230205536,0.002386435707982612,3,0.0,0.0,3,0.49941691395794496,0.0081452363799901,3,0.9151455362637838,0.03476467829378828,3,-0.049855707213282585,0.1554479129783616,3
can,calql,25000,0.05554855304459727,0.0024162092750078714,3,0.04309123133619625,0.09510028045215325,3,-20.34325162569682,3.1925434899493457,3,0.6250700006882349,0.0009526122099178248,3,0.8036383837461472,0.005829864406630022,3,0.2352120652794838,0.002079805856769783,3,-0.3917207171519597,0.0033877705349863387,3,0.0,0.0,3,0.5122517895522982,0.008312339166252975,3,0.816388855377833,0.026061033915933462,3,-0.04309123133619625,0.09510028045215325,3
can,calql,30000,0.05459559908757603,0.0028840072258234295,3,-0.0941407124201457,0.14996896298166923,3,-22.410873985290525,2.5379797515684257,3,0.6217188080151876,0.0010687218660485102,3,0.7993598580360413,0.004131271384888055,3,0.22970611254374185,0.0009257247190297775,3,-0.3995213806629181,0.0015888485201625369,3,0.0,0.0,3,0.5037826580135202,0.0029781932741542788,3,0.8220636407534281,0.04174602628631542,3,0.0941407124201457,0.14996896298166923,3
can,calql,35000,0.05240801800973708,0.002540555786016863,3,-0.042232186843951545,0.20987292336864977,3,-25.57939354578654,2.927272227433509,3,0.6238800783952078,0.001163983583722063,3,0.8025952130556107,0.0032523620718005277,3,0.23270090421040854,0.002541015337355218,3,-0.39804985622564953,0.004939894009343705,3,0.0,0.0,3,0.4955861015133097,0.007169886338048947,3,0.8018456101417542,0.024755996441537975,3,0.042232186843951545,0.20987292336864977,3
can,calql,40000,0.05150848212651902,0.0020914782395994587,3,0.00105317123234272,0.21384005105409298,3,-26.582412878672283,2.9315183418572333,3,0.6222910036643347,0.0008371856406827062,3,0.8014265398184458,0.003395101001096068,3,0.23265440141161284,0.002891539974230403,3,-0.3988013143340747,0.007707906774599831,3,0.0,0.0,3,0.504623069892354,0.002340029327608669,3,0.7746153771877289,0.024445268758383355,3,-0.00105317123234272,0.21384005105409298,3
can,calql,45000,0.049902969707424416,0.0017041966339539924,3,0.2794303347667058,0.23389664032249385,3,-27.706607341766357,2.1971949488156484,3,0.626173198223114,0.0011460530381870646,3,0.8095643719037374,0.0039016613909738937,3,0.23516556123892465,0.0027989813911843122,3,-0.4039526457587878,0.006734936214930444,3,0.0,0.0,3,0.512475912198095,0.0027058449106815183,3,0.747346356511116,0.02442545965997901,3,-0.2794303347667058,0.23389664032249385,3
can,calql,50000,0.048643932305276354,0.0013575783780754708,3,-0.053917775551478066,0.20921006167534614,3,-28.868505477905273,2.0671753285823082,3,0.6208065946896871,0.0018450035304988866,3,0.7951914320389429,0.006106283316306625,3,0.227922722697258,0.0031744032647284415,3,-0.4054186095794042,0.005159055237332611,3,0.0,0.0,3,0.5032783657000041,0.01077854255315281,3,0.7330605387687683,0.0030896728703769514,3,0.053917775551478066,0.20921006167534614,3
can,calql,55000,0.04899938879534598,0.0014460393999532507,3,-0.01790582885344823,0.19166618374342864,3,-30.311357021331787,1.6934371863916764,3,0.6216861456632614,0.0021989855255835585,3,0.797301764289538,0.005983811932006346,3,0.23050363858540854,0.002577219839080289,3,-0.4056318774819374,0.006187480818743734,3,0.0,0.0,3,0.502606986025893,0.008214419331080589,3,0.7421794881423315,0.01815996013481835,3,0.01790582885344823,0.19166618374342864,3
can,calql,60000,0.049053804837167224,0.0011428923452347656,3,0.2246005843083064,0.2621771758252286,3,-29.711240895589196,2.0506679944148303,3,0.6219439188639323,0.000990007682773915,3,0.8017401099205017,0.007252308429156103,3,0.23371466696262358,0.0016023776417079388,3,-0.4066887100537618,0.003742459919991978,3,0.0,0.0,3,0.4991088854984107,0.00645704252922055,3,0.7546492060025534,0.018610423494058344,3,-0.2246005843083064,0.2621771758252286,3
can,calql,65000,0.04732224969193335,0.0009608190397314462,3,-0.3424563134709995,0.13717765019458059,3,-29.830577691396076,1.8650886888104565,3,0.6180230577786764,0.0012040117044060964,3,0.7903207292159399,0.006611425797509671,3,0.22520229841272035,0.0008223923431581814,3,-0.40739226589600247,0.0024953668353951803,3,0.0,0.0,3,0.5001651416463365,0.004484269774672285,3,0.7223340521256129,0.025380100779662088,3,0.3424563134709995,0.13717765019458059,3
can,calql,70000,0.046986297642191206,0.0006032635695364214,3,0.4410994052886963,0.01994863097671338,3,-30.03523286183675,2.6740744838416823,3,0.621486023068428,0.0010353171146237506,3,0.8049883345762888,0.0014800258810467087,3,0.230119988322258,0.0012596109321807907,3,-0.41063376516103745,0.001696467907060241,3,0.0,0.0,3,0.496904884909825,0.009774215662964198,3,0.7292465269565582,0.02040342055891621,3,-0.4410994052886963,0.01994863097671338,3
can,calql,75000,0.04690917582872008,0.0008066786486059476,3,-0.2622580404082934,0.18424037922304354,3,-31.718937873840332,2.1533205030186724,3,0.6206035415331522,0.0007944128153564415,3,0.7909998943408331,0.0060874821343965616,3,0.2287597768008709,0.0017115916316192189,3,-0.39987532794475555,0.0015592127078278674,3,0.0,0.0,3,0.4940864261578606,0.004527811630929997,3,0.7184090316295624,0.017211662512023763,3,0.2622580404082934,0.18424037922304354,3
can,calql,80000,0.046828869606057755,0.00046857546920526177,3,0.2723102743426959,0.038663191004248185,3,-31.268031120300293,0.858532623566034,3,0.6226528882980347,0.0008014504392031338,3,0.8016649931669235,0.0026247910068502157,3,0.232607901096344,0.0012767687852976138,3,-0.40741319706042606,0.0037905508544839057,3,0.0,0.0,3,0.4846072213403563,0.0035954938480717716,3,0.7395505756139755,0.005631270116733494,3,-0.2723102743426959,0.038663191004248185,3
can,calql,85000,0.04692630643645918,0.000637973207735502,3,-0.21472086384892464,0.1513088844695572,3,-30.5254324277242,0.5420993149925505,3,0.6195782274007797,0.0020453164764444717,3,0.7875228673219681,0.006937701649531203,3,0.22724842901031175,0.001798500581246993,3,-0.4040156503518422,0.0023816343309354306,3,0.0,0.0,3,0.48495620752688695,0.006179169192040766,3,0.7335469623406728,0.015174844003165438,3,0.21472086384892464,0.1513088844695572,3
can,calql,90000,0.04673081008096532,0.0008754511502246422,3,0.0760402907927831,0.15714653199793382,3,-31.69277089436849,1.16317239389428,3,0.6207002758979797,0.0011279960296354612,3,0.7955755233764649,0.004298168600488117,3,0.22951080004374189,0.0022777340783967895,3,-0.40903582970301305,0.0038027626499510443,3,0.0,0.0,3,0.4695157762197246,0.0018489356464613707,3,0.7641904552777609,0.01472101163737587,3,-0.0760402907927831,0.15714653199793382,3
can,calql,95000,0.04587684827856714,0.0009453239670771766,3,-0.09838911332190037,0.05656153541881021,3,-31.546855608622234,1.285597037676055,3,0.6183142811059952,0.0015814465142083667,3,0.7901124159495035,0.0034284961018890884,3,0.22634162257115045,0.0014805822294655317,3,-0.40979388107856113,0.0052984038451510534,3,0.0,0.0,3,0.4876735832537474,0.0019572987151278915,3,0.7162009924650192,0.012470053832303244,3,0.09838911332190037,0.05656153541881021,3
can,calql,100000,0.045219880295917364,0.0011173690071175264,3,-0.1434467372794946,0.18709384569424262,3,-29.285505930582683,1.0491044038743833,3,0.6178469757239023,0.0009668751107297705,3,0.7849410772323608,0.0021358058122055057,3,0.2267950251698494,0.0004950165840317353,3,-0.40561756243308383,0.007634713749850541,3,0.0,0.0,3,0.49492706934109504,0.010297535222860744,3,0.6901241391897202,0.01196115456477959,3,0.1434467372794946,0.18709384569424262,3
can,calql,105000,0.04432106685514248,0.0014664561909195693,3,-0.13482269023855528,0.04940620848273579,3,-30.521913369496662,0.54600313046287,3,0.6194525311390559,0.0006029526395245764,3,0.7872539063294729,0.0037613237279694213,3,0.22608585531512895,0.003363458632074782,3,-0.4087924088040988,0.0016077743521514937,3,0.0,0.0,3,0.4873421179261576,0.003884441432115706,3,0.690164844195048,0.019304123132541682,3,0.13482269023855528,0.04940620848273579,3
can,calql,110000,0.04405518514104182,0.0016523497505186917,3,0.3991580332318942,0.13995303634138873,3,-31.700440565745037,1.987660926400092,3,0.6213215589523315,0.0004539847218362917,3,0.7965603470802307,0.0037120215467695036,3,0.23018974314133325,0.0015159892506885807,3,-0.41207163284222287,0.005426398436167686,3,0.0,0.0,3,0.4885353190281345,0.011324901480524873,3,0.6897967408100764,0.011561029692362888,3,-0.3991580332318942,0.13995303634138873,3
can,calql,115000,0.04364476848083234,0.0015586270172070213,3,-0.3200125955045223,0.1301353647978594,3,-32.26485808690389,1.2517064250385594,3,0.6176163007815679,0.0007065591188547633,3,0.7799455225467682,0.00176360785250813,3,0.2256789542734623,0.0020594642855868324,3,-0.40648264934619266,0.0016505552770076646,3,0.0,0.0,3,0.48441298685797013,0.014521275475478587,3,0.6783438424269358,0.007325264633852265,3,0.3200125955045223,0.1301353647978594,3
can,calql,120000,0.04321865269293384,0.0010693737887534566,3,-0.14527565240859985,0.14659332671917552,3,-30.422821553548175,1.5030753194711588,3,0.6168366352717082,0.0011076233124216231,3,0.7829907178878784,0.003498965774594175,3,0.22535343368848162,0.0020494270720710253,3,-0.4135645528634389,0.0012373831988526723,3,0.0,0.0,3,0.4877104252220746,0.001724941175740501,3,0.676059631506602,0.015393760226341403,3,0.14527565240859985,0.14659332671917552,3
can,calql_prefill,0,0.3655546041826407,0.0022043732611056054,3,-13.129830201466879,0.5939135656494484,3,-25.050286908944447,11.043803763410757,3,0.547533318400383,0.0031076392414327047,3,0.4204128434260686,0.019200779715670472,3,0.12762742365399996,0.004843513784898533,3,-0.24018604308366773,0.008968111587055133,3,0.9016336547812588,0.0,3,0.6042215662875944,0.009795326362927022,3,2.4079656898975372,0.042970860899997285,3,13.129830201466879,0.5939135656494484,3
can,calql_prefill,5000,0.0883498133781055,0.002386017192087748,3,-3.109738290309906,0.29766142181939736,3,-17.975084731976192,3.939622333137454,3,0.6054655512173971,0.0021161687706544386,3,0.7301600327094396,0.006500399440591367,3,0.2064732238650322,0.0016939707373654722,3,-0.35899167756239575,0.006212555275999208,3,0.8861334000221387,0.0,3,0.546226586558188,0.0034446738323928084,3,1.0922039945920308,0.05156760052816411,3,3.109738290309906,0.29766142181939736,3
can,calql_prefill,10000,0.0682964493675778,0.0039106064039930374,3,0.17418579384684563,0.23850715320293692,3,-38.548308531443276,0.5669965749649023,3,0.6278855055570602,0.0012160638938224877,3,0.8213635335365931,0.0037073780331079577,3,0.24089705323179564,0.0006490658882466176,3,-0.37217474232117337,0.0017461372049845723,3,0.8711570889447849,0.0,3,0.5150332571153456,0.013773938216334011,3,0.9847805400689443,0.05137365665303221,3,-0.17418579384684563,0.23850715320293692,3
can,calql_prefill,15000,0.061898903874680354,0.0017821476119772727,3,0.4286434178551038,0.20850932168101108,3,-49.20158672332764,3.608160307560227,3,0.6306808739900589,0.0007262758982193063,3,0.8217601180076599,0.0038841290703343447,3,0.2431524433195591,0.002758928872489431,3,-0.37313884248336154,0.0024363928221109742,3,0.8566785967910797,0.0,3,0.5322036566779539,0.006303760245502246,3,0.8597507178783417,0.01320847584301637,3,-0.4286434178551038,0.20850932168101108,3
can,calql_prefill,20000,0.057481556897982906,0.0022371956075741663,3,0.13162315264344215,0.11593857869669004,3,-52.630619049072266,4.683265514398045,3,0.6286136507987976,0.0005103291228037004,3,0.8210200717051824,0.004007406236888136,3,0.24099005882938704,0.0007799657027140224,3,-0.3725595821936925,0.0004008316818158469,3,0.8426735072787791,0.0,3,0.5371173069313563,0.0024024998186856724,3,0.7967769602934519,0.025130105615482637,3,-0.13162315264344215,0.11593857869669004,3
can,calql_prefill,25000,0.0537040470167994,0.0009026770169149559,3,0.11596768846114476,0.10785493062044924,3,-50.88798109690348,3.9009479673779675,3,0.6306333988904953,0.0014041975278557754,3,0.8223512917757034,0.006022769645594717,3,0.24452428271373114,0.0015505012112031035,3,-0.3679785802960396,0.003279887172385747,3,0.8291189751842606,0.0,3,0.5600661179553262,0.009722825626646437,3,0.7119415402412415,0.010327039164671394,3,-0.11596768846114476,0.10785493062044924,3
can,calql_prefill,30000,0.05018341859181718,0.00014528671988763578,3,-0.09507806797822316,0.2475699195324006,3,-50.38271891276042,3.6485610137650464,3,0.6304982980092366,0.0019970017121637225,3,0.8198966940244038,0.003941796466504962,3,0.23974145551522574,0.003497951862649576,3,-0.3698668400446574,0.007963596910471125,3,0.8143916212247237,0.0,3,0.5728184635063109,0.013311547800931875,3,0.6523088932037354,0.020814705371942775,3,0.09507806797822316,0.2475699195324006,3
can,calql_prefill,35000,0.04779567044849192,0.0004592335174038331,3,0.07777763654788335,0.17453434826269462,3,-50.79660892486572,2.7706194224199083,3,0.6309196402629217,0.0006394379681224519,3,0.8222920497258505,0.0038851133663374976,3,0.2420131228864193,0.0014125635073163059,3,-0.37154890100161236,0.0017599460503003024,3,0.8001599416781972,0.0,3,0.5645753483259582,0.012173074233644682,3,0.6327388087908427,0.020352040515191832,3,-0.07777763654788335,0.17453434826269462,3
can,calql_prefill,40000,0.04710286680298544,0.001276579069874609,3,-0.33983543639381725,0.21177679410280628,3,-46.10768477121989,2.9514251534740232,3,0.6278550873200098,0.0015176163304311658,3,0.8095050603151321,0.004080016011759415,3,0.23961822564403215,0.003096183068114674,3,-0.367467001080513,0.0012441557208661027,3,0.7879286821904739,0.0,3,0.5756669411902072,0.013248099609850185,3,0.6051450322071711,0.027418214365033642,3,0.33983543639381725,0.21177679410280628,3
can,calql_prefill,45000,0.04542869273573155,0.0008579556119262717,3,0.02782280743122101,0.05015655498675027,3,-45.39910411834717,2.0769704365878887,3,0.6319944063822428,0.0016135888051301728,3,0.8215858985980352,0.0027989469405613025,3,0.24393137296040854,0.00129813201003082,3,-0.3703853487968445,0.0016741914645163568,3,0.7760657338259286,0.0,3,0.5757137659534708,0.007443429727750801,3,0.5890299081802368,0.016560548429272307,3,-0.02782280743122101,0.05015655498675027,3
can,calql_prefill,50000,0.04527230137027796,0.0006218578096671026,3,0.24494537835319838,0.04567192595743746,3,-44.44486459096273,1.979269270899877,3,0.6329258382320404,0.0009212148283922883,3,0.8253684838612875,0.003954860662323061,3,0.2451288215816021,0.0021577266730489933,3,-0.36876608431339264,0.0035809760720381272,3,0.7645547070300119,0.0,3,0.5719402509851924,0.013917334408832902,3,0.590247799952825,0.019278714713259624,3,-0.24494537835319838,0.04567192595743746,3
can,calql_prefill,55000,0.043607724830508184,0.0007848071313396416,3,0.21358298261960348,0.2217671771537708,3,-42.91578610738119,1.617525833688314,3,0.6337399135033289,0.0010548316801497284,3,0.8251909017562866,0.004546909733555795,3,0.24551247557004294,0.0015509372456700063,3,-0.3691426192720731,0.0007522833038995464,3,0.7533801704805437,0.0,3,0.5916450587917529,0.0038325272824906607,3,0.5506469359000524,0.008912487447852984,3,-0.21358298261960348,0.2217671771537708,3
can,calql_prefill,60000,0.04326404288411135,0.0007207745069151154,3,0.162870724995931,0.0876665944272152,3,-41.622355143229164,1.9419105048477427,3,0.632694395383199,9.469056090140039e-05,3,0.8224622885386149,0.0017921508983117823,3,0.24540551900863647,0.001309535122403987,3,-0.3702268540859222,0.0013137535203960134,3,0.7412001374139843,0.0,3,0.5887591244187749,0.00415593285817383,3,0.5493138114611308,0.008673609803614701,3,-0.162870724995931,0.0876665944272152,3
can,calql_prefill,65000,0.04324814630672331,0.0008001549206228195,3,-0.006843581795692462,0.1673759969771185,3,-41.19730917612711,2.4413513561915456,3,0.6318254421154658,0.001859995037650236,3,0.8161753118038177,0.003937678511696644,3,0.24288505812486014,0.0023441366798445055,3,-0.3685890982548396,0.00157320786507912,3,0.7293937644995804,0.0,3,0.6020753961108033,0.019594251059375498,3,0.5337938119967779,0.020622346245165235,3,0.006843581795692462,0.1673759969771185,3
can,calql_prefill,70000,0.04207019107416268,0.0005759212557487471,3,0.19037614079813162,0.11622457892162434,3,-39.37669404347738,1.3418448984883768,3,0.6314212332169215,0.0014537903160013882,3,0.8215897977352142,0.004615362402941718,3,0.244280144572258,0.0005755613493637434,3,-0.37084322174390155,0.0015621351407748795,3,0.7192165753454235,0.0,3,0.6009316939062568,0.006128238064803291,3,0.5227512568235397,0.011780675427191849,3,-0.19037614079813162,0.11622457892162434,3
can,calql_prefill,75000,0.041926661630471485,0.00035307861789975225,3,0.03784730906287831,0.09948249541627235,3,-38.79891045888265,2.0250474563242404,3,0.6305120587348938,0.0017217167707771776,3,0.8174722641706467,0.0008309114828182337,3,0.24240840350588164,0.002945997546747075,3,-0.3744490072131157,0.004472710072808958,3,0.7093194856483516,0.0,3,0.5816267797213522,0.00831971806704138,3,0.5410105933745702,0.013621008704460964,3,-0.03784730906287831,0.09948249541627235,3
can,calql_prefill,80000,0.041762926367421904,0.0006452167948123503,3,0.060406696672240856,0.15480924405986687,3,-37.96776135762533,1.745986335898402,3,0.6305214514334997,0.0025056100168269753,3,0.8125055879354477,0.005072505406935056,3,0.24043202524383864,0.0032980866640766313,3,-0.37877504527568817,0.002947566779389997,3,0.6996910887467526,0.0,3,0.5843609899872763,0.00793804087690596,3,0.5353726098934809,0.010212342348071004,3,-0.060406696672240856,0.15480924405986687,3
can,calql_prefill,85000,0.0426692010213931,0.0005933569266113798,3,-0.01148977316915989,0.3765558338839424,3,-37.45608647664388,1.2931395230492335,3,0.6323086569706599,0.0019434519665467388,3,0.8153170347213745,0.008705118516975285,3,0.24458241586883864,0.003006081707837023,3,-0.3690922384460767,0.006407185806984702,3,0.6903205890532563,0.0,3,0.5860562697969677,0.014952319758967124,3,0.5397145946820577,0.011724982545790527,3,0.01148977316915989,0.3765558338839424,3
can,calql_prefill,90000,0.04200822457671161,0.0006502114893733802,3,-0.017202032605806994,0.12352977454903512,3,-35.78706792195638,2.000179446523124,3,0.6316511591275533,0.0011625013020686752,3,0.814484445254008,0.0028056303574980858,3,0.24291295806566873,0.0004888777511531874,3,-0.3717668255170186,0.0016390038064375944,3,0.6800798835063336,0.0,3,0.5790132539626681,0.019654553349456268,3,0.5406523863474528,0.01700248059509913,3,0.017202032605806994,0.12352977454903512,3
can,calql_prefill,95000,0.04116532291906571,0.0006325117273909139,3,-0.06804574901858966,0.1363440001358991,3,-34.70307652155558,1.4062348074169495,3,0.6312766422828039,0.00037990877388140295,3,0.8135610818862915,0.003778446352070273,3,0.2421177551150322,0.0006014009077646058,3,-0.37111976742744446,0.0023890947802558686,3,0.6701278003611019,0.0,3,0.589222117237033,0.003950100760188541,3,0.5177080159385999,0.007301101898348428,3,0.06804574901858966,0.1363440001358991,3
can,calql_prefill,100000,0.04054281904051698,0.0006445687485991754,3,0.3362261429429054,0.24881796623516392,3,-35.59326283137003,2.4055479552743253,3,0.6318467309077581,7.882725554606078e-05,3,0.8191641569137573,0.003972536342313738,3,0.243547722697258,0.0008031848810326735,3,-0.37554680556058884,0.00476199643459437,3,0.6615275587780353,0.0,3,0.5802171206843139,0.011473588370439615,3,0.5217511107524236,0.006354371497431557,3,-0.3362261429429054,0.24881796623516392,3
can,calql_prefill,105000,0.039744353822121985,0.001093481833478002,3,0.08834908778468768,0.11176828440736644,3,-34.22800366083781,1.508199804554073,3,0.630465437968572,0.0005686277710636446,3,0.8134668916463852,0.0018507283340675914,3,0.2428966797888279,0.0012242408072917264,3,-0.3783833011984825,0.002506731514329219,3,0.6531452692418841,0.0,3,0.5784571054608879,0.012495357752874713,3,0.5131500909725825,0.01678337814350975,3,-0.08834908778468768,0.11176828440736644,3
can,calql_prefill,110000,0.039526631388192325,0.0008091979048120548,3,0.08659189691146212,0.11155655850796219,3,-34.17688910166422,1.247607991391633,3,0.6292038808266321,0.0013879908188410104,3,0.814787025252978,0.0031953867839860065,3,0.24054828037818274,0.002588679918417386,3,-0.37718958407640457,0.0008589004413383635,3,0.6449727501321119,0.0,3,0.5884950665051322,0.016698470938769694,3,0.501620315015316,0.0157833602380847,3,-0.08659189691146212,0.11155655850796219,3
can,calql_prefill,115000,0.03918517871449387,0.0004561925548356727,3,-0.002157881235082907,0.15588221548439624,3,-34.973401387532554,0.7461135745228065,3,0.6300687541564306,0.0014330175517903935,3,0.8122861782709757,0.002440208479872154,3,0.24066453675429025,0.0010742955968592377,3,-0.376253974934419,0.0035904300897083162,3,0.637002224274678,0.0,3,0.5860046470166554,0.009175595391252584,3,0.49966926127672195,0.004311068516651833,3,0.002157881235082907,0.15588221548439624,3
can,calql_prefill,120000,0.03929114383955792,0.0006666414927581875,3,-0.28336730897426604,0.25619188388216607,3,-33.99065450032552,0.46287868067664756,3,0.6274427851041158,0.0021964860957289496,3,0.8036921302477519,0.006754718772820067,3,0.23897880514462788,0.0035793043021195028,3,-0.3772230525811513,0.0007888150796748508,3,0.6282720061682567,0.0,3,0.5821480815719579,0.004000076584641844,3,0.502783207098643,0.012083087654732028,3,0.28336730897426604,0.25619188388216607,3
can,calql_t12i,0,0.31007089323053755,0.0033694439014579276,3,-12.001272916793823,0.20989681281787956,3,-48.38670722643534,2.6725174639861877,3,0.558575044075648,0.002524911429288285,3,0.46492153654495877,0.004707016993494169,3,0.1421014778316021,0.0027642147984328286,3,-0.2393106296658516,0.001259459549818024,3,0.0,0.0,3,0.6624270484812264,0.00916628413482415,3,2.2012491524219513,0.05402442334037438,3,12.001272916793823,0.20989681281787956,3
can,calql_t12i,5000,0.2171377489964167,0.008251095471330664,3,-11.974292993545532,0.03423601995641893,3,15.498737255732218,3.112196325623645,3,0.5593886772791544,0.0005637478397456696,3,0.46999455243349075,0.004682964747402993,3,0.14105516051252684,0.0009778773339645967,3,-0.2372763007879257,0.0009580276399949302,3,0.0,0.0,3,0.6955432869518332,0.005003731034768636,3,1.4716981649398804,0.04999828549698193,3,11.974292993545532,0.03423601995641893,3
can,calql_t12i,10000,0.24158517885953187,0.00989436912223776,3,-11.615236520767212,0.09864361303315711,3,52.193727334340416,6.924235503689962,3,0.5616968224445978,0.0009923877173447899,3,0.47695909937222797,0.0020823115745335894,3,0.14514742170770964,0.001339382974186155,3,-0.24208914861083028,0.0019310139443470499,3,0.0,0.0,3,0.6994526277441971,0.005142582438602747,3,1.633240799109141,0.059911266657966034,3,11.615236520767212,0.09864361303315711,3
can,calql_t12i,15000,0.26732273064553735,0.017898879787618123,3,-11.956359227498373,0.1470547305435916,3,79.8176924387614,8.902985473159276,3,0.5574460675319036,0.0013538412082146458,3,0.464507761100928,0.0055078122958310575,3,0.1406482569873333,0.0006817682254054479,3,-0.24326474343736962,0.0010737078463782415,3,0.0,0.0,3,0.6709953177895519,0.006718738175025271,3,1.8534834682941437,0.13312232664845342,3,11.956359227498373,0.1470547305435916,3
can,calql_t12i,20000,0.28646393821885185,0.026573707140016698,3,-11.893247365951538,0.15258799573204274,3,104.97652435302734,15.49714393627794,3,0.558284526069959,0.0010723490666688495,3,0.4650348847111066,0.003835586927289545,3,0.1393926776945591,0.0009668260053159978,3,-0.24801736325025556,0.0033946500355759844,3,0.0,0.0,3,0.6866475177952025,0.005683128800931899,3,1.9552809993426006,0.18419709986199104,3,11.893247365951538,0.15258799573204274,3
can,calql_t12i,25000,0.3000633267064889,0.03776302592636856,3,-12.253861029942831,0.06996274999029234,3,121.31097475687663,24.9787823487262,3,0.5534893572330475,0.00025371858517612587,3,0.45510536928971607,0.0022519648485341015,3,0.13869513074556986,0.0008638335519666218,3,-0.2440784523884455,0.0030695864414697614,3,0.0,0.0,3,0.6597854365546708,0.008602327073764486,3,2.0959516962369285,0.267702475584185,3,12.253861029942831,0.06996274999029234,3
can,calql_t12i,30000,0.31794310162464773,0.04541907968994575,3,-11.769030761718751,0.06615997576961073,3,139.99858907063802,32.13366870026683,3,0.5568579912185668,0.0005026289082112398,3,0.4649953345457713,0.002986333843770583,3,0.14217820564905803,0.00044361017177747743,3,-0.24966903428236642,0.0017311282528127512,3,0.0,0.0,3,0.663521075969488,0.008697548296443857,3,2.240637421607971,0.3041378912991636,3,11.769030761718751,0.06615997576961073,3
can,calql_t12i,35000,0.3246532877907156,0.056877390400179716,3,-11.923519055048624,0.10474496851163535,3,155.3173599243164,41.60841363050975,3,0.5559196919202805,0.001873872843278388,3,0.45500922203063965,0.0028718965451794485,3,0.13971819852789244,0.0018692158516848798,3,-0.2503124686578909,0.0010262217721843934,3,0.0,0.0,3,0.6548051269637744,0.002575504302326514,3,2.2874224483966827,0.39848785528534425,3,11.923519055048624,0.10474496851163535,3
can,calql_t12i,40000,0.33731123264878987,0.0658127669807574,3,-11.869007349014282,0.07496293232670653,3,168.62498092651367,50.716749732610815,3,0.5542977203925451,0.0006789594707407116,3,0.4578489239017169,0.002218905991766496,3,0.13857887436946234,0.0006739933903616475,3,-0.25469104076425236,0.0014291883320503938,3,0.0,0.0,3,0.6523283096154052,0.00635550877312899,3,2.4186161160469055,0.47458000911670367,3,11.869007349014282,0.07496293232670653,3
can,calql_t12i,45000,0.3452220391482115,0.07294047400032655,3,-11.890875657399496,0.09149710748066499,3,179.2207317352295,59.328008132066685,3,0.5569793184598287,0.0015601106580967379,3,0.4563504109779994,0.0038771622016347223,3,0.1414039321243763,0.0012349585064732056,3,-0.25263148297866184,0.001479645821765948,3,0.0,0.0,3,0.6551615018102178,0.003411582686147842,3,2.445315659046173,0.5056735692591531,3,11.890875657399496,0.09149710748066499,3
can,calql_t12i,50000,0.343116995319724,0.07475692394640271,3,-11.953416347503662,0.13666674068220053,3,182.93199062347412,62.67652978182476,3,0.5526585777600607,0.0007865019889665916,3,0.45017417271931964,0.008299557617339243,3,0.13704427828391394,0.0019231371443659757,3,-0.25558427224556607,0.002762137240550547,3,0.0,0.0,3,0.626704628181376,0.007806576724910071,3,2.5241495867570243,0.5338440181479621,3,11.953416347503662,0.13666674068220053,3
can,calql_t12i,55000,0.3380406841014822,0.0705534318916503,3,-11.919918378194174,0.12839996624095554,3,183.74518616994223,62.342458910868125,3,0.5542612572511038,0.0016152930031432477,3,0.4494831810394923,0.004890839446315131,3,0.13741630191604295,0.001659998893972812,3,-0.25787436217069626,0.0019946780314578404,3,0.0,0.0,3,0.6229840893943092,0.0018681865753798132,3,2.5026039282480874,0.5040176615083038,3,11.919918378194174,0.12839996624095554,3
can,calql_t12i,60000,0.3357205195228259,0.06558056000135508,3,-12.113665262858072,0.12617194442331936,3,187.2404530843099,61.662896524099175,3,0.5511844714482625,0.0013650068835749762,3,0.4433390816052755,0.004127941856080631,3,0.13638393481572467,0.0012382024363821237,3,-0.257883471250534,0.002776082354351391,3,0.0,0.0,3,0.6238935569721021,0.005751821136041269,3,2.481140867869059,0.4989502790365684,3,12.113665262858072,0.12617194442331936,3
can,calql_t12i,65000,0.33138597874591746,0.0515101163785082,3,-11.87310004234314,0.2510204933469624,3,182.4120693206787,53.94401189274274,3,0.5525487214326859,0.0012953989579508347,3,0.45253461599349976,0.009485007511019009,3,0.13631185765067735,0.001299433294384187,3,-0.2610768104592959,0.005034334340029206,3,0.0,0.0,3,0.6242660211314136,0.011625734241284973,3,2.4815131425857544,0.3845734190116658,3,11.87310004234314,0.2510204933469624,3
can,calql_t12i,70000,0.32595504106332857,0.040048694291489446,3,-11.847805897394815,0.18195039284197317,3,176.42829004923502,46.555727943630615,3,0.5514418681462606,0.00027225305026086207,3,0.4449038381377856,0.0033092617730864507,3,0.13494001577297846,0.0007659771756008589,3,-0.25991272057096165,0.002234405902790392,3,0.0,0.0,3,0.6180430854955606,0.014247758691997667,3,2.4394855002562204,0.3303276345711304,3,11.847805897394815,0.18195039284197317,3
can,calql_t12i,75000,0.324678020675977,0.03501472002121484,3,-11.966718196868896,0.06779387129229081,3,172.3198070526123,37.62594825949031,3,0.5516192962725958,0.0012575608945324093,3,0.443766546746095,0.00208641961508963,3,0.1356375627219677,0.001384146536010393,3,-0.2637944395343463,0.004701888068479413,3,0.0,0.0,3,0.6026459455163696,0.009840172017290944,3,2.5112714966138205,0.32504662558921776,3,11.966718196868896,0.06779387129229081,3
can,calql_t12i,80000,0.3061451647430658,0.027482219936694002,3,-12.300906101862589,0.09512609625632742,3,165.18204625447592,32.52770228016629,3,0.5486761728922526,0.00120975400896939,3,0.4330409641067187,0.0056279676000054145,3,0.1318708204974731,0.0013289997323324503,3,-0.26301414767901105,0.0001527704071747535,3,0.0,0.0,3,0.5966558523054858,0.013769491229218247,3,2.348539541165034,0.24501574406679547,3,12.300906101862589,0.09512609625632742,3
can,calql_t12i,85000,0.2895962236449122,0.022434597795310977,3,-11.867509841918945,0.02630817225192478,3,153.61827850341797,24.76565496471252,3,0.5517799854278564,0.0007192869201220893,3,0.44376327594121295,0.002989274350405988,3,0.1354748010635376,0.0013235485375923048,3,-0.26500725001096725,0.0022913404228683608,3,0.0,0.0,3,0.5890181332579782,0.012192797692460237,3,2.291442404190699,0.17908362387424576,3,11.867509841918945,0.02630817225192478,3
can,calql_t12i,90000,0.26559569413463274,0.01145230984812772,3,-12.08932056427002,0.01759974062553275,3,135.89342091878254,19.119097031014114,3,0.5493527134259542,0.0015770342080133142,3,0.43545630971590676,0.0027044082517277772,3,0.13302642107009888,0.00040186793222899087,3,-0.2676158785820007,0.000938862513043526,3,0.0,0.0,3,0.5859201778144648,0.005127135939786891,3,2.097862720489502,0.09673267424492218,3,12.08932056427002,0.01759974062553275,3
can,calql_t12i,95000,0.24941486716270442,0.007996540518016734,3,-11.817214091618856,0.12318959961581608,3,117.77326838175456,11.833743630063497,3,0.5502072970072428,0.0008425996121200899,3,0.44815020511547726,0.0038426204079233545,3,0.13373094176252684,0.0007668584018403857,3,-0.268897866209348,0.00248325084722907,3,0.0,0.0,3,0.5664857477640298,0.006524691766804504,3,2.0705668131510415,0.07874500517836298,3,11.817214091618856,0.12318959961581608,3
can,calql_t12i,100000,0.23971991750101243,0.006807796128918427,3,-11.696435928344727,0.02949004184294017,3,105.34439595540364,7.12510307480734,3,0.5509570638338724,0.0013761782511431738,3,0.448730727036794,0.000736952356514658,3,0.13256836558381715,0.0016966011429749251,3,-0.27322283138831455,0.0023279989739595245,3,0.0,0.0,3,0.5760001426152411,0.00810827334477449,3,1.974794069925944,0.07748884967246095,3,11.696435928344727,0.02949004184294017,3
can,calql_t12i,105000,0.23068104392538466,0.005883270275276407,3,-11.849482456843058,0.08353888286409447,3,99.23454666137695,3.469996308744502,3,0.5503532687822977,0.0017147244734515331,3,0.44268100212017697,0.0060296869036577175,3,0.13228934879104295,0.002797364384977864,3,-0.2735517993569374,0.00111107700712962,3,0.0,0.0,3,0.567068299612954,0.001598237995712541,3,1.9160941739877064,0.0427697981035797,3,11.849482456843058,0.08353888286409447,3
can,calql_t12i,110000,0.22528681010007856,0.006501898162705793,3,-12.0896364847819,0.04371353671169951,3,91.2215805053711,5.813442035994386,3,0.5464568883180618,0.001019409914814635,3,0.4385213057200114,0.006056404406191268,3,0.1294759170462688,0.0018608817450608314,3,-0.2713358625769615,0.0011795831878889528,3,0.0,0.0,3,0.5769936505631147,0.00765053636134562,3,1.8215175966421764,0.053255804970838524,3,12.0896364847819,0.04371353671169951,3
can,calql_t12i,115000,0.21574713066220277,0.009610615072528847,3,-12.023075580596924,0.07189180054337811,3,80.1418399810791,5.702742325613737,3,0.5491264710823694,0.0003094665178461718,3,0.43693958471218747,0.002192287903044874,3,0.13317290445168814,0.0011341506854034356,3,-0.26886223008235294,0.0023417913111963653,3,0.0,0.0,3,0.5904736728536687,0.005823537730981637,3,1.6943099200725555,0.054034313674474206,3,12.023075580596924,0.07189180054337811,3
can,calql_t12i,120000,0.2071962449451287,0.01303139755220522,3,-12.029128774007162,0.09627059073818646,3,73.54434789021809,7.7378004881145035,3,0.5490959842999776,0.0013687031484804525,3,0.4417762855688731,0.004642418246957234,3,0.13128720770279567,0.0016524462347828936,3,-0.27200941443443294,0.0021028560213647144,3,0.0,0.0,3,0.584111815282445,0.002239321109040167,3,1.6698926528294882,0.10055764238337585,3,12.029128774007162,0.09627059073818646,3
can,cql,0,0.37003891672939065,0.0046737353942914684,3,-12.973925828933716,0.24693670878958324,3,-17.08146623770396,6.890675900843123,3,0.5512824952602386,0.002339458216039593,3,0.42972995340824127,0.01067069234154979,3,0.1324521079659462,0.002416478378860725,3,-0.22903797527154282,0.002810663194615408,3,0.0,0.0,3,0.6467347399760629,0.0024948866723852377,3,2.2910773555437722,0.0727604185522248,3,12.973925828933716,0.24693670878958324,3
can,cql,5000,0.0908295232802629,0.0006499556087617984,3,-2.2502018759648004,0.3258238603157839,3,7.793116271495819,5.823453482509111,3,0.6132004658381144,0.0025778730882599936,3,0.755678708354632,0.010934635401814396,3,0.21772694463531175,0.004092312874701234,3,-0.3549625227848689,0.0045854088425404,3,0.0,0.0,3,0.567305601672489,0.006312675515036887,3,1.0998054941495259,0.023459854999817745,3,2.2502018759648004,0.3258238603157839,3
can,cql,10000,0.0707156565971672,0.0017878598709131683,3,0.41947835435469943,0.18205394298911157,3,-2.8423655033111572,3.55885833626729,3,0.6259770294030508,0.0009419210442416872,3,0.8182347218195597,0.004854104590508454,3,0.23760696748892465,0.001559928925213994,3,-0.3866456672549248,0.0030872400522759446,3,0.0,0.0,3,0.522992175528154,0.008946686872722135,3,1.018839920560519,0.0295567282348084,3,-0.41947835435469943,0.18205394298911157,3
can,cql,15000,0.0656496308278292,0.0015063969870613007,3,0.15904817730188373,0.07383825038910354,3,-9.440500418345133,3.4469849997030972,3,0.6262843857208887,0.0006032378820106695,3,0.8118845174709955,0.001219368006264226,3,0.23656065141161284,0.002044248764694777,3,-0.38524119307597476,0.0058054392027526895,3,0.0,0.0,3,0.5102420748790585,0.004865574711223887,3,0.9630394081274668,0.019385332628995233,3,-0.15904817730188373,0.07383825038910354,3
can,cql,20000,0.061066278287519975,0.0011239440400191137,3,0.096686656276385,0.17407597943937128,3,-13.798240264256796,2.5710995586124095,3,0.6256664047638575,0.0014978625677916036,3,0.811094120144844,0.006024548956294213,3,0.23341007654865584,0.0036699819322184093,3,-0.3907414947946866,0.00701329199756881,3,0.0,0.0,3,0.5280817508070957,0.0038153513551961267,3,0.8763206303119659,0.022706799459445072,3,-0.096686656276385,0.17407597943937128,3
can,cql,25000,0.05685490422571695,0.0008899068882176064,3,0.03839523469408355,0.41799982760800025,3,-18.38926116625468,1.3127133642736581,3,0.6271234204371771,0.0025335637622593307,3,0.8091845810413361,0.006929567293741776,3,0.23597936456402144,0.003965946799990791,3,-0.39022202293078107,0.008082197583770368,3,0.0,0.0,3,0.5239247847160002,0.004851674215236416,3,0.8181100487709045,0.02065007112608675,3,-0.03839523469408355,0.41799982760800025,3
can,cql,30000,0.05287897280106938,0.0014814711078723847,3,-0.13428386251131694,0.05074883362377437,3,-23.135933430989585,1.0949081225757586,3,0.6233419656753539,0.0019016939865836681,3,0.8042155702908834,0.004040880360220837,3,0.2316499372323354,0.0021658412204954604,3,-0.39522108038266496,0.004463191288053226,3,0.0,0.0,3,0.5195411636641096,0.0028381679702915437,3,0.7691294352213541,0.024605207297514732,3,0.13428386251131694,0.05074883362377437,3
can,cql,35000,0.05059268420251702,0.002140239559310514,3,-0.20716073860724768,0.20108993140097617,3,-27.207802931467693,1.2744725169070104,3,0.6231092760960261,0.0030201944707696415,3,0.8001695523659388,0.0068361764798494686,3,0.2320382334291935,0.0024982893642224277,3,-0.3924778625369072,0.003046525916515439,3,0.0,0.0,3,0.5171520756130651,0.008043879992341789,3,0.7343903382619222,0.03912291853061801,3,0.20716073860724768,0.20108993140097617,3
can,cql,40000,0.04983686607641474,0.002119123054451377,3,0.19087602819005647,0.04885458315290541,3,-27.107187112172443,0.599545947763592,3,0.6243394464254379,0.0013661792345377398,3,0.8070148974657059,0.0023291169894450346,3,0.23364258805910745,0.0016522862185050942,3,-0.3999715323249499,0.0034386485456372306,3,0.0,0.0,3,0.5152653607620906,0.006193474814965177,3,0.7352378616730372,0.043587080207575964,3,-0.19087602819005647,0.04885458315290541,3
can,cql,45000,0.04926097746938462,0.001911621855271104,3,-0.24959991748134291,0.22169881123783644,3,-25.98042090733846,1.9860658199722516,3,0.6224232713381449,0.000873597351156351,3,0.7975009183088938,0.003384703327900201,3,0.2307012751698494,0.0005696619651760987,3,-0.40075373152891797,0.0034657921344515568,3,0.0,0.0,3,0.5060282280832529,0.006935824169164793,3,0.7380959987640381,0.03853198420156583,3,0.24959991748134291,0.22169881123783644,3
can,cql,50000,0.04909490359326199,0.0023083615854514834,3,-0.08226730550328888,0.2434762435044518,3,-27.246211369832356,1.0347958028705129,3,0.6218436807394028,0.0021310055285268473,3,0.7987425873676935,0.004635259633198937,3,0.23050363858540854,0.002173703964677793,3,-0.40093789001305896,0.0033380059441798808,3,0.0,0.0,3,0.5168530968634389,0.006553101777338305,3,0.719249869386355,0.03947823524879202,3,0.08226730550328888,0.2434762435044518,3
can,cql,55000,0.04917287117180721,0.002498175906738343,3,0.3108169063925743,0.1379065045987211,3,-27.4511456489563,1.4560849118001085,3,0.6232900619506836,0.00042866015016203285,3,0.8062592347462972,0.0004205321102521101,3,0.23463077719012895,0.0011569810678047556,3,-0.4049386754631996,0.0028244403195603037,3,0.0,0.0,3,0.5033926606443738,0.002520505007978401,3,0.7451950560013453,0.03872537273260064,3,-0.3108169063925743,0.1379065045987211,3
can,cql,60000,0.0492519363512595,0.0031646407295922194,3,-0.12864971359570823,0.012263362304945773,3,-28.428776168823244,1.3002141013219604,3,0.6208928823471069,0.00031411486317018354,3,0.799045741558075,0.0033840226476429007,3,0.22980841795603435,0.0006397836131679796,3,-0.40518601934115095,0.00214330806317635,3,0.0,0.0,3,0.5070588916165492,0.004600197736045994,3,0.7416815439860026,0.054553306202222804,3,0.12864971359570823,0.012263362304945773,3
can,cql,65000,0.048973175929859225,0.0027501034271992133,3,0.1374142232040564,0.3224276554878027,3,-29.522995154062908,0.3815897420481528,3,0.623407632112503,0.0024623801434508815,3,0.8009636998176575,0.007193369038290235,3,0.22998048240939775,0.003974627752181012,3,-0.40934868653615314,0.0006554343861609087,3,0.0,0.0,3,0.5115288954043714,0.00624260241959301,3,0.7349614004294077,0.05202373336302496,3,-0.1374142232040564,0.3224276554878027,3
can,cql,70000,0.04909065373552337,0.002310537024808548,3,0.0521928109228611,0.09708577145024307,3,-28.035937309265137,1.230560707824529,3,0.6211639394362768,0.00014689747840136504,3,0.7946879416704178,0.005911937625674808,3,0.22667876755197844,0.0005646576283250707,3,-0.4058319355050723,0.001502082321245653,3,0.0,0.0,3,0.49615954259594314,0.0033094823975847966,3,0.7503299464782079,0.039727643352931115,3,-0.0521928109228611,0.09708577145024307,3
can,cql,75000,0.04911575469498828,0.0014714833942086664,3,0.20022759338219961,0.07047588085756139,3,-28.97464958826701,1.306954782411101,3,0.62222753961881,0.0011742401045603808,3,0.8018259306748708,0.0038938385788970793,3,0.23037575682004294,0.000859124861212081,3,-0.41311520834763843,0.001189437545751541,3,0.0,0.0,3,0.5009872774151775,0.010032473359999274,3,0.7548074920972189,0.03403362141332339,3,-0.20022759338219961,0.07047588085756139,3
can,cql,80000,0.04874081698556735,0.0018868888266205125,3,-0.164276409894228,0.05451624952961662,3,-29.082808017730713,2.1367803310642257,3,0.6196245700120926,0.001449531139628809,3,0.7917816837628683,0.0034284768981231884,3,0.22696941221753755,0.0020525617632010987,3,-0.4103826433420181,0.003663086092312193,3,0.0,0.0,3,0.5175152026609244,0.005210974183663031,3,0.719258094827334,0.019152510054580046,3,0.164276409894228,0.05451624952961662,3
can,cql,85000,0.04825706703898804,0.0016362725228883162,3,-0.3061312089363734,0.3936200386238132,3,-27.721347173055012,2.7067453397918717,3,0.6189868350823721,0.0012820424463165234,3,0.7849969367186228,0.0073181948452969645,3,0.2253999374806881,0.0021577266429412697,3,-0.4093798299630483,0.006374819256500832,3,0.0,0.0,3,0.50087448566154,0.0022354476847123205,3,0.7298163672288259,0.023276872171734533,3,0.3061312089363734,0.3936200386238132,3
can,cql,90000,0.04707206433018044,0.0016046520762528578,3,-0.10676063845554988,0.017820857000787695,3,-29.10981763203939,2.8252195896138916,3,0.6195728500684102,0.000969410750605586,3,0.7916371186574299,0.0021020101287754192,3,0.22805060644944508,0.0013067582614483325,3,-0.4066510419050853,0.0033976294792238443,3,0.0,0.0,3,0.4947434823129186,0.008114259711898185,3,0.7220302740732829,0.0372186843350781,3,0.10676063845554988,0.017820857000787695,3
can,cql,95000,0.045786267829438,0.0013757498615491626,3,-0.042680722971757235,0.4009488355768188,3,-29.731808026631672,3.340509947544554,3,0.6195605993270874,0.0026966067119024275,3,0.7919733375310898,0.0077848502903644385,3,0.22765533005197844,0.004837443542823958,3,-0.40904918561379117,0.004082744457710444,3,0.0,0.0,3,0.4924044482908574,0.0008091656610988449,3,0.706599642833074,0.018400665762626476,3,0.042680722971757235,0.4009488355768188,3
can,cql,100000,0.045120214888205085,0.0010941528721420814,3,0.1728262094159921,0.2741142230106739,3,-29.443724473317463,1.9784639094691912,3,0.6206330309311548,0.0007557472825256134,3,0.7920763989289602,0.005956087123235067,3,0.2275274470448494,0.000321131879749121,3,-0.41325264672438305,0.005600641948800942,3,0.0,0.0,3,0.5016885612135361,0.0009530987484517145,3,0.6884556959072748,0.02105374975285969,3,-0.1728262094159921,0.2741142230106739,3
can,cql,105000,0.04529987955465908,0.0007445328467899903,3,0.04139677683512368,0.20837743277387155,3,-29.580827554066975,1.9477886414715764,3,0.6216826091210047,0.0022757922164777546,3,0.7933962196111679,0.0071579176318245594,3,0.2288062795996666,0.0028135025657721785,3,-0.4095369478066762,0.0025980339754041568,3,0.0,0.0,3,0.48720643896512383,0.006440889221632093,3,0.7058357298374176,0.009814357078802375,3,-0.04139677683512368,0.20837743277387155,3
can,cql,110000,0.045014323402817004,0.0012949119278872993,3,-0.2227897122502327,0.33759419313309563,3,-29.81285047531128,1.7600527212014394,3,0.6180297980705897,0.0027894699555497462,3,0.789518321553866,0.007923082538934268,3,0.22384208689133325,0.002052429243724557,3,-0.4109585260351499,0.003977414724145337,3,0.0,0.0,3,0.48855550550707205,0.005498504400710905,3,0.7068371872107188,0.03570173428081444,3,0.2227897122502327,0.33759419313309563,3
can,cql,115000,0.044306855043396313,0.0016345188424676715,3,0.2507896025975545,0.038299917137506696,3,-30.03366009394328,1.360335201932115,3,0.6215996692577997,0.0006288822903315731,3,0.7986328850189844,0.0018815447121281151,3,0.23073615257938704,0.0011648374306038969,3,-0.4143185541033745,0.0005600153630832457,3,0.0,0.0,3,0.49857880375040137,0.011238864175195687,3,0.6879363159338633,0.04298423035493881,3,-0.2507896025975545,0.038299917137506696,3
can,cql,120000,0.04364984453966215,0.0016551618946942666,3,-0.15785011251767478,0.09449987425496599,3,-27.51722068786621,1.4327442513821294,3,0.6183109561602275,0.000509746474416488,3,0.7863237063090006,0.0015668864010586424,3,0.22456288039684294,0.0008154348712029973,3,-0.4150945425033569,0.0024482870046325256,3,0.0,0.0,3,0.4921577362279039,0.003490571805681361,3,0.6802615563074749,0.023007105778451834,3,0.15785011251767478,0.09449987425496599,3
can,fixalpha,0,0.0099999997764825,0.0,3,45.07044871648153,4.423076520426986,3,-51.56238301595052,0.24033304823570317,3,0.7892680366834005,0.015597262583954092,3,1.634887586037318,0.08139323170934346,3,0.5401902322967848,0.02965557999694086,3,-0.7114471942186356,0.029219713280550775,3,0.0,0.0,3,,,0,,,0,-45.07044871648153,4.423076520426986,3
can,fixalpha,5000,0.0099999997764825,0.0,3,54.526668548583984,1.8672125841668479,3,-61.655954360961914,2.36920132293887,3,0.780493900179863,0.0007014136535626421,3,1.7514950335025787,0.027045290550239503,3,0.5318894411126772,0.005856059869492685,3,-0.9410335769255956,0.01778332672922437,3,0.0,0.0,3,,,0,,,0,-54.526668548583984,1.8672125841668479,3
can,fixalpha,10000,0.0099999997764825,0.0,3,49.55204931894938,1.1236017416503055,3,-53.58556715647379,0.8211658400283575,3,0.7703795780738195,0.002273973630898388,3,1.6836379369099934,0.018408430176753608,3,0.5127069676915804,0.005638919961031227,3,-0.871212457617124,0.009176349003790022,3,0.0,0.0,3,,,0,,,0,-49.55204931894938,1.1236017416503055,3
can,fixalpha,15000,0.0099999997764825,0.0,3,45.167775789896645,1.148909365528004,3,-50.05694452921549,1.3695693454820639,3,0.7609713127215704,0.003464540531244594,3,1.61115097006162,0.02209392036375766,3,0.4942104021708171,0.00663083492860991,3,-0.8401840776205063,0.013264678948970722,3,0.0,0.0,3,,,0,,,0,-45.167775789896645,1.148909365528004,3
can,fixalpha,20000,0.0099999997764825,0.0,3,42.02869256337484,1.367069952898771,3,-50.12374369303385,1.6103477405081408,3,0.7526353498299917,0.003930881886029192,3,1.5564496715863545,0.026379572212961035,3,0.4778181066115697,0.00729059606458605,3,-0.8132927417755127,0.016630688156076795,3,0.0,0.0,3,,,0,,,0,-42.02869256337484,1.367069952898771,3
can,fixalpha,25000,0.0099999997764825,0.0,3,43.11755975087484,2.6844110486324197,3,-46.06599712371826,3.953583617826933,3,0.759930024544398,0.006433079903756092,3,1.595707505941391,0.04774227593308596,3,0.4902692784865697,0.012970785157493331,3,-0.7859714329242706,0.016394741420425005,3,0.0,0.0,3,,,0,,,0,-43.11755975087484,2.6844110486324197,3
can,fixalpha,30000,0.0099999997764825,0.0,3,38.96086705525716,2.2535486045349673,3,-43.80361811319987,5.456862421699599,3,0.7532373706499736,0.006429759742746106,3,1.5234191179275511,0.04568289249195121,3,0.4760788897673289,0.012814891250802896,3,-0.7657455245653789,0.01210966922488227,3,0.0,0.0,3,,,0,,,0,-38.96086705525716,2.2535486045349673,3
can,fixalpha,35000,0.0099999997764825,0.0,3,38.608446756998696,1.4909581460244623,3,-44.87426344553629,4.865729907793018,3,0.7514116913080215,0.0057995105768202364,3,1.5171414017677307,0.0356569331879096,3,0.4746559038758278,0.010925009216859445,3,-0.7655099531014761,0.01021451575393305,3,0.0,0.0,3,,,0,,,0,-38.608446756998696,1.4909581460244623,3
can,fixalpha,40000,0.0099999997764825,0.0,3,39.45220820109049,2.6815613430317495,3,-45.78053410847982,4.995437887323132,3,0.7556641399860382,0.007543076961471103,3,1.5428436994552612,0.04986901609896914,3,0.4803641388813655,0.014209821354533391,3,-0.7393310417731603,0.011813072792421548,3,0.0,0.0,3,,,0,,,0,-39.45220820109049,2.6815613430317495,3
can,fixalpha,45000,0.0099999997764825,0.0,3,39.72027047475179,2.0810628308119337,3,-45.865595976511635,5.913739270716131,3,0.7590611179669698,0.006103440095910977,3,1.5556721687316895,0.03770648142773943,3,0.4880022605260213,0.011663624697488278,3,-0.735463485121727,0.019619869219331943,3,0.0,0.0,3,,,0,,,0,-39.72027047475179,2.0810628308119337,3
can,fixalpha,50000,0.0099999997764825,0.0,3,38.20269298553467,1.2622293980155472,3,-46.04852898915609,4.036839525826362,3,0.7532589137554169,0.002877167604330403,3,1.5207430322964985,0.017257090230094432,3,0.4763067588210106,0.005277893553408031,3,-0.7359883983929952,0.011755015807481724,3,0.0,0.0,3,,,0,,,0,-38.20269298553467,1.2622293980155472,3
can,fixalpha,55000,0.0099999997764825,0.0,3,39.10774930318197,1.3442374682158964,3,-44.654879887898765,2.8785022237502353,3,0.7566820581754049,0.00434101215955796,3,1.5384068687756856,0.028571514979431212,3,0.4832008232673009,0.007544705024913613,3,-0.7442582647005717,0.010838811822250567,3,0.0,0.0,3,,,0,,,0,-39.10774930318197,1.3442374682158964,3
can,fixalpha,60000,0.0099999997764825,0.0,3,38.741111246744794,2.1192861407566332,3,-41.08179499308268,4.299095185509772,3,0.7565635800361633,0.004775188533856338,3,1.530795407295227,0.03454592514993547,3,0.4815662403901418,0.010636025671604904,3,-0.7482228994369508,0.018762878294937016,3,0.0,0.0,3,,,0,,,0,-38.741111246744794,2.1192861407566332,3
can,fixalpha,65000,0.0099999997764825,0.0,3,37.464585304260254,1.5467615808905701,3,-42.29067325592041,4.76594337661713,3,0.7515424241622289,0.0030128538471275775,3,1.506427377462387,0.0244092790548025,3,0.4748070339361827,0.0058369913562690955,3,-0.7413088182608286,0.0182079247370649,3,0.0,0.0,3,,,0,,,0,-37.464585304260254,1.5467615808905701,3
can,fixalpha,70000,0.0099999997764825,0.0,3,38.53178723653158,1.8006975370109126,3,-43.5156888961792,4.5331709301012255,3,0.756093959013621,0.0042507788723041345,3,1.5273525714874268,0.0321256294597265,3,0.4808407947421074,0.008812340531042127,3,-0.7370676795641581,0.012806962251021804,3,0.0,0.0,3,,,0,,,0,-38.53178723653158,1.8006975370109126,3
can,fixalpha,75000,0.0099999997764825,0.0,3,37.935394605000816,1.6052232205225607,3,-45.78995164235433,4.11477113777923,3,0.7551611363887787,0.005151230090676542,3,1.513583113749822,0.03143135197551443,3,0.4800502484043439,0.009528144794422107,3,-0.7487663229306539,0.01829433178105081,3,0.0,0.0,3,,,0,,,0,-37.935394605000816,1.6052232205225607,3
can,fixalpha,80000,0.0099999997764825,0.0,2,37.702064037323,1.1423373222351074,2,-43.75021934509277,0.3225431442260742,2,0.7541800662875175,0.0007244125008583069,2,1.510009229183197,0.00856122374534607,2,0.4763358198106289,0.0009591169655323029,2,-0.7465601339936256,0.023558475077152252,2,0.0,0.0,2,,,0,,,0,-37.702064037323,1.1423373222351074,2
can,fixalpha,85000,0.0099999997764825,0.0,2,37.820775508880615,1.8743844032287598,2,-46.169753074645996,1.180283546447754,2,0.7550245150923729,0.0015131756663322449,2,1.511143997311592,0.018739566206932068,2,0.4787249118089676,0.003487721085548401,2,-0.7421568632125854,0.03072892129421234,2,0.0,0.0,2,,,0,,,0,-37.820775508880615,1.8743844032287598,2
can,fixalpha,90000,0.0099999997764825,0.0,2,37.255022048950195,1.9648372650146513,2,-48.10993881225586,1.6423759460449219,2,0.7527901828289032,0.0006765425205230713,2,1.495081889629364,0.01591712236404419,2,0.47361887991428375,0.0034179657697677723,2,-0.7549527764320374,0.04472681283950805,2,0.0,0.0,2,,,0,,,0,-37.255022048950195,1.9648372650146513,2
can,fixalpha,95000,0.0099999997764825,0.0,2,37.627885818481445,2.148318290710449,2,-48.52160596847534,1.7348599433898926,2,0.7539001330733299,0.002227701246738434,2,1.5083221793174744,0.03140345215797424,2,0.4751499928534031,0.0080392025411129,2,-0.7518159374594688,0.025133006274700165,2,0.0,0.0,2,,,0,,,0,-37.627885818481445,2.148318290710449,2
can,fixalpha,100000,0.0099999997764825,0.0,2,38.655903816223145,2.4213199615478516,2,-47.79086351394653,0.6849551200866699,2,0.7562625780701637,0.004284895956516266,2,1.5264944285154343,0.03330828249454498,2,0.4779576137661934,0.007777616381645203,2,-0.7588291987776756,0.03424116224050522,2,0.0,0.0,2,,,0,,,0,-38.655903816223145,2.4213199615478516,2
can,fixalpha,105000,0.0099999997764825,0.0,2,37.94824457168579,1.0583605766296387,2,-46.96374702453613,1.2256278991699219,2,0.7537485435605049,0.002499975264072418,2,1.505020409822464,0.0008752048015594482,2,0.4754290133714676,0.0057373046875,2,-0.7652312889695168,0.031366415321826935,2,0.0,0.0,2,,,0,,,0,-37.94824457168579,1.0583605766296387,2
can,fixalpha,110000,0.0099999997764825,0.0,2,37.83524227142334,1.499847412109375,2,-46.528220653533936,3.0940861701965385,2,0.7548505216836929,0.001108214259147644,2,1.5113494247198105,0.014568790793418884,2,0.4801548756659031,0.0012207068502902985,2,-0.7414842024445534,0.029107220470905304,2,0.0,0.0,2,,,0,,,0,-37.83524227142334,1.499847412109375,2
can,fixalpha,115000,0.0099999997764825,0.0,2,37.26589775085449,0.037299156188964844,2,-50.72400903701782,2.4795756340026855,2,0.7546309530735016,0.004315868020057678,2,1.5009192526340485,0.010747820138931274,2,0.4771903119981289,0.006870817393064499,2,-0.7438744753599167,0.02300092577934265,2,0.0,0.0,2,,,0,,,0,-37.26589775085449,0.037299156188964844,2
can,fixalpha,120000,0.0099999997764825,0.0,2,36.59864692687988,0.31106605529785547,2,-50.33913192749023,1.0879562377929712,2,0.751458352804184,0.004040974378585777,2,1.4851551055908203,0.017805075645446866,2,0.4720842868089676,0.008663502335548412,2,-0.7564398407936097,0.014808011054992715,2,0.0,0.0,2,,,0,,,0,-36.59864692687988,0.31106605529785547,2
can,fixalpha_003,0,0.0299999993294477,0.0,3,9.34490164120992,1.3416370722849693,3,-49.82593027750651,1.5538009986275054,3,0.6730584800243378,0.010212278444924729,3,0.9860887279113134,0.03494132379008331,3,0.3150576750437419,0.017257880980695067,3,-0.4320023295780023,0.02983924964641969,3,0.0,0.0,3,,,0,,,0,-9.34490164120992,1.3416370722849693,3
can,fixalpha_003,5000,0.0299999993294477,0.0,3,20.325499375661213,1.16108282859458,3,-60.85454177856445,2.9112693644683842,3,0.6896323760350546,0.0054265861791470815,3,1.1794001758098602,0.023901911944069616,3,0.3556199024120967,0.007830885491343694,3,-0.6387037187814713,0.007286863765641981,3,0.0,0.0,3,,,0,,,0,-20.325499375661213,1.16108282859458,3
can,fixalpha_003,10000,0.0299999993294477,0.0,3,17.996110439300537,0.4843942052132746,3,-53.52911218007406,2.427784026333286,3,0.681321586171786,0.0006674615626071472,3,1.134416898091634,0.005646913681908803,3,0.3419480249285698,0.0014509854538070448,3,-0.6198080281416575,0.013201943543224981,3,0.0,0.0,3,,,0,,,0,-17.996110439300537,0.4843942052132746,3
can,fixalpha_003,15000,0.0299999993294477,0.0,3,16.493370215098064,0.7063144343684654,3,-51.15519873301188,3.539929876300215,3,0.6817753811677297,0.0027492760568378917,3,1.1235543886820476,0.014435897427380268,3,0.339808888733387,0.0049267519772431875,3,-0.5869196454683939,0.00786818056727187,3,0.0,0.0,3,,,0,,,0,-16.493370215098064,0.7063144343684654,3
can,fixalpha_003,20000,0.0299999993294477,0.0,3,16.708104689915974,0.8590707886448103,3,-49.56415843963623,5.3332528927845875,3,0.6871277044216791,0.0032515776129179025,3,1.1369421084721882,0.019267652792933822,3,0.3494350065787633,0.005031515236957656,3,-0.5657705267270406,0.013125363779477487,3,0.0,0.0,3,,,0,,,0,-16.708104689915974,0.8590707886448103,3
can,fixalpha_003,25000,0.0299999993294477,0.0,3,16.503950993220013,2.292875413606304,3,-45.44257481892904,6.57875130425179,3,0.6911864628394445,0.008986752251701625,3,1.144677609205246,0.042020459795747485,3,0.3554455141226451,0.014766768074166959,3,-0.5365218768517176,0.024285368309156445,3,0.0,0.0,3,,,0,,,0,-16.503950993220013,2.292875413606304,3
can,fixalpha_003,30000,0.0299999993294477,0.0,3,15.5978458404541,2.7705747195083483,3,-40.24533780415853,9.638731456324024,3,0.6855660041173298,0.010227924106133759,3,1.1232587019602456,0.051575849532684924,3,0.34534972111384077,0.017105308394170356,3,-0.5451747993628184,0.026053727873952163,3,0.0,0.0,3,,,0,,,0,-15.5978458404541,2.7705747195083483,3
can,fixalpha_003,35000,0.0299999993294477,0.0,3,14.682324965794882,2.4379167283481635,3,-41.45042530695597,9.625603269343037,3,0.6835651795069376,0.008129042228082901,3,1.1060376067956288,0.041768489707436234,3,0.3409249559044838,0.014306739584234708,3,-0.5376034379005432,0.030299010033900727,3,0.0,0.0,3,,,0,,,0,-14.682324965794882,2.4379167283481635,3
can,fixalpha_003,40000,0.0299999993294477,0.0,3,14.413310527801514,1.7696448579189303,3,-42.57911856969198,7.91573907410012,3,0.6838191151618958,0.00669637576414947,3,1.1026606857776642,0.03180296430234772,3,0.3425525650382042,0.009700354492100242,3,-0.5224196116129557,0.025536398348833176,3,0.0,0.0,3,,,0,,,0,-14.413310527801514,1.7696448579189303,3
can,fixalpha_003,45000,0.0299999993294477,0.0,3,13.45622730255127,1.9315481622235025,3,-44.90617640813192,6.887174576537035,3,0.6818618575731913,0.008125470260487402,3,1.0883683760960896,0.038886830634181135,3,0.337100088596344,0.013689915951113631,3,-0.5185471127430598,0.015009712895557317,3,0.0,0.0,3,,,0,,,0,-13.45622730255127,1.9315481622235025,3
can,fixalpha_003,50000,0.0299999993294477,0.0,3,12.759630997975668,1.4579501325722237,3,-42.69488445917765,6.64054693555139,3,0.6781715005636215,0.006233318171194594,3,1.070058802763621,0.02684327620667467,3,0.3297177429000537,0.011050915809901366,3,-0.5090404401222864,0.013606827041168343,3,0.0,0.0,3,,,0,,,0,-12.759630997975668,1.4579501325722237,3
can,fixalpha_003,55000,0.0299999993294477,0.0,3,12.30631399154663,1.5730782808428156,3,-43.85408433278402,8.882252123669733,3,0.6771669487158457,0.005167641534233487,3,1.0658966501553853,0.0292007196840383,3,0.3292527124285698,0.010899872714200657,3,-0.5013836473226547,0.018205188477132067,3,0.0,0.0,3,,,0,,,0,-12.30631399154663,1.5730782808428156,3
can,fixalpha_003,60000,0.0299999993294477,0.0,3,12.237466176350912,1.4064709742222927,3,-42.6658016204834,8.164468468507835,3,0.6760516842206319,0.0045937956819277325,3,1.0570659399032591,0.02552293505544308,3,0.3273251593112945,0.008849754193202636,3,-0.5068282226721446,0.014510173016107759,3,0.0,0.0,3,,,0,,,0,-12.237466176350912,1.4064709742222927,3
can,fixalpha_003,65000,0.0299999993294477,0.0,3,11.649648586908976,1.6713793179289984,3,-44.159388383229576,5.93074997478091,3,0.6740640352169672,0.006380176689601747,3,1.0453481078147888,0.033715145299856863,3,0.3223237668474515,0.013398731940368443,3,-0.5045373017589251,0.012152490232937099,3,0.0,0.0,3,,,0,,,0,-11.649648586908976,1.6713793179289984,3
can,fixalpha_003,70000,0.0299999993294477,0.0,3,11.45038636525472,1.395628302148011,3,-44.07629648844401,6.028967517752163,3,0.6727679371833801,0.005843120122383569,3,1.0416531711816788,0.029562269265915923,3,0.3193243270119031,0.010635065932368643,3,-0.5049371222654978,0.013370771517625562,3,0.0,0.0,3,,,0,,,0,-11.45038636525472,1.395628302148011,3
can,fixalpha_003,75000,0.0299999993294477,0.0,3,11.489659706751505,1.0391886762320866,3,-44.724761962890625,5.183587778160753,3,0.6762944708267847,0.004255214263558949,3,1.0481672286987305,0.02323550405183931,3,0.3238234892487526,0.009234003056335741,3,-0.5037787059942881,0.006858094071334251,3,0.0,0.0,3,,,0,,,0,-11.489659706751505,1.0391886762320866,3
can,fixalpha_003,80000,0.0299999993294477,0.0,3,10.532463232676188,0.9500403847304517,3,-45.40082041422526,4.841009246517521,3,0.6696196446816126,0.004039965287711788,3,1.0231751203536987,0.020799858289410802,3,0.3145810241500537,0.007896501534911596,3,-0.502314085761706,0.005821779281996102,3,0.0,0.0,3,,,0,,,0,-10.532463232676188,0.9500403847304517,3
can,fixalpha_003,85000,0.0299999993294477,0.0,3,11.172220150629679,0.4695616180823693,3,-47.9979616800944,4.390236587894133,3,0.6778018375237783,0.003408653789878005,3,1.04354232052962,0.014560144227056267,3,0.3245094045996666,0.004070606572453847,3,-0.49362142384052277,0.004735762574014056,3,0.0,0.0,3,,,0,,,0,-11.172220150629679,0.4695616180823693,3
can,fixalpha_003,90000,0.0299999993294477,0.0,3,10.162022654215495,0.18987014747970282,3,-46.83036702473959,3.6561893937264776,3,0.6720274607340495,0.0019383137425056146,3,1.019522742430369,0.0063629557129248025,3,0.3160621424516042,0.002558324798585126,3,-0.4961115380128225,0.0019300198448088848,3,0.0,0.0,3,,,0,,,0,-10.162022654215495,0.18987014747970282,3
can,fixalpha_003,95000,0.0299999993294477,0.0,3,10.283412138621012,0.4199685890306362,3,-47.133629163106285,2.659926643457676,3,0.672166720032692,0.003125375574239568,3,1.0201807220776875,0.011735950593304734,3,0.3149879202246666,0.003237788386019173,3,-0.5013305967052778,0.006800288965684601,3,0.0,0.0,3,,,0,,,0,-10.283412138621012,0.4199685890306362,3
can,fixalpha_003,100000,0.0299999993294477,0.0,3,10.347490628560385,0.4121327605054298,3,-46.40674336751302,2.0649667087604504,3,0.671264206369718,0.0050970451879258525,3,1.0150766124327977,0.011935365591828975,3,0.3141741181413333,0.005931419695664644,3,-0.508146141966184,0.0014669238326535973,3,0.0,0.0,3,,,0,,,0,-10.347490628560385,0.4121327605054298,3
can,fixalpha_003,105000,0.0299999993294477,0.0,3,9.267866611480713,0.37020649101368763,3,-47.07125473022461,2.1749210157146166,3,0.6695855259895325,0.005209488525171949,3,1.0016278723875682,0.014831353952185508,3,0.3089192832509677,0.005437952789823094,3,-0.4939573059479396,0.0013266770776687723,3,0.0,0.0,3,,,0,,,0,-9.267866611480713,0.37020649101368763,3
can,fixalpha_003,110000,0.0299999993294477,0.0,3,10.038185993830362,0.38828727574356803,3,-47.81208197275797,2.2587590881382633,3,0.6745568712552389,0.00430118557553487,3,1.0136539439360301,0.012223658632528266,3,0.3132789358496666,0.006796266140309607,3,-0.5041852121551832,0.002326915353038424,3,0.0,0.0,3,,,0,,,0,-10.038185993830362,0.38828727574356803,3
can,fixalpha_003,115000,0.0299999993294477,0.0,3,9.557126124699911,0.26892115510285897,3,-48.48891067504883,2.250058484294752,3,0.6731284111738205,0.003422387602991231,3,1.0105881194273632,0.011521737044633329,3,0.3123256290952365,0.004150441952892904,3,-0.4950523649652799,0.008733254246064049,3,0.0,0.0,3,,,0,,,0,-9.557126124699911,0.26892115510285897,3
can,fixalpha_003,120000,0.0299999993294477,0.0,3,9.490483856201172,0.18190078369398668,3,-45.81867980957031,1.42588620349458,3,0.6718822399775187,0.0028539176885471885,3,1.006831165154775,0.009945346635895903,3,0.3111328264077504,0.00388970613317988,3,-0.49848265449206036,0.00168134625965415,3,0.0,0.0,3,,,0,,,0,-9.490483856201172,0.18190078369398668,3
can,fixalpha_01,0,0.1000000014901161,0.0,3,-10.75944976011912,0.56924857315163,3,-31.37760877609253,1.8617545310875772,3,0.5673038711150488,0.0028368234417498243,3,0.4956168072919051,0.024502842535344294,3,0.152367007608215,0.003586895464986468,3,-0.24644889558355013,0.021245353407516553,3,0.0,0.0,3,,,0,,,0,10.75944976011912,0.56924857315163,3
can,fixalpha_01,5000,0.1000000014901161,0.0,3,-2.0501458843549094,0.3987246282610637,3,-39.448874155680336,3.592924312037125,3,0.6023075183232626,0.003397222146447639,3,0.7337858080863953,0.010545583892096082,3,0.2049618773162365,0.00476438670718645,3,-0.39576851079861325,0.014083812828859624,3,0.0,0.0,3,,,0,,,0,2.0501458843549094,0.3987246282610637,3
can,fixalpha_01,10000,0.1000000014901161,0.0,3,-2.7628927330176034,0.5279063300690995,3,-30.292068481445312,2.039143805821588,3,0.5980328619480133,0.005052777773817767,3,0.7190975099802017,0.015105911577536693,3,0.20123001312216124,0.005310254925648504,3,-0.3875574419895808,0.011991161377480344,3,0.0,0.0,3,,,0,,,0,2.7628927330176034,0.5279063300690995,3
can,fixalpha_01,15000,0.1000000014901161,0.0,3,-4.1811467210451765,0.1922849316858619,3,-19.328767776489258,2.1121942375375684,3,0.5932916502157847,0.002281035299300609,3,0.6922149658203125,0.010622673212423349,3,0.19126675153772035,0.0034051917327209275,3,-0.3685867314537366,0.0036565240232789395,3,0.0,0.0,3,,,0,,,0,4.1811467210451765,0.1922849316858619,3
can,fixalpha_01,20000,0.1000000014901161,0.0,3,-4.593109865983327,0.5670469165243337,3,-14.001621087392172,2.537436815943107,3,0.5932417511940002,0.003767667441838352,3,0.6813012560208639,0.018178566058678382,3,0.1901971809566021,0.006767030941808514,3,-0.35401903589566547,0.007885994530876279,3,0.0,0.0,3,,,0,,,0,4.593109865983327,0.5670469165243337,3
can,fixalpha_01,25000,0.1000000014901161,0.0,3,-5.147871454556783,0.8545934921575311,3,-8.684011568625769,3.3880843353237005,3,0.5936930676301321,0.004170739120570819,3,0.6701673368612925,0.020797766969834403,3,0.19147601226965585,0.007237871351323285,3,-0.33666309465964633,0.009010517695326228,3,0.0,0.0,3,,,0,,,0,5.147871454556783,0.8545934921575311,3
can,fixalpha_01,30000,0.10000000149011608,0.0,3,-5.2263023376464846,0.7000410512547535,3,-3.5846435666084293,3.9120707785007194,3,0.5930913567543029,0.0045895422937912425,3,0.6666435599327087,0.01752414512588277,3,0.18951823711395263,0.005543530483213014,3,-0.33690513571103414,0.009357187791257705,3,0.0,0.0,3,,,0,,,0,5.2263023376464846,0.7000410512547535,3
can,fixalpha_01,35000,0.1000000014901161,0.0,3,-5.6957692702611284,0.7520033336943956,3,-4.724555338422458,5.039958545189409,3,0.5894978940486908,0.002556980668251125,3,0.6536124100287756,0.018033537815625993,3,0.18679083759586015,0.005132379179065589,3,-0.3341939027110736,0.009967473794413833,3,0.0,0.0,3,,,0,,,0,5.6957692702611284,0.7520033336943956,3
can,fixalpha_01,40000,0.1000000014901161,0.0,3,-5.2439926862716675,1.22895507264865,3,-5.065597991148631,6.921060820989847,3,0.592547337214152,0.006581017226051214,3,0.6647466967503229,0.031617069897679484,3,0.1913132518529892,0.010691911144296096,3,-0.33311398327350616,0.017682941556418804,3,0.0,0.0,3,,,0,,,0,5.2439926862716675,1.22895507264865,3
can,fixalpha_01,45000,0.1000000014901161,0.0,3,-5.860168218612671,1.1459359131038622,3,-1.4162444670995076,7.947118007378463,3,0.5886862426996231,0.0047884633728297625,3,0.6475452731053034,0.02977401733193556,3,0.18498884762326875,0.008469423373063027,3,-0.3340236693620682,0.019154287451264147,3,0.0,0.0,3,,,0,,,0,5.860168218612671,1.1459359131038622,3
can,fixalpha_01,50000,0.1000000014901161,0.0,3,-5.685627698898315,0.9175552266448337,3,-0.902618279059728,7.715893252580587,3,0.5890556077162424,0.005760511970416073,3,0.647652710477511,0.0244893458186545,3,0.18630255634586015,0.00765122507128485,3,-0.33100864539543784,0.014447579557516275,3,0.0,0.0,3,,,0,,,0,5.685627698898315,0.9175552266448337,3
can,fixalpha_01,55000,0.1000000014901161,0.0,3,-5.95812060435613,1.0799538963442394,3,-1.2866140305995941,7.120565948333333,3,0.5881272008021673,0.006258029834996539,3,0.6440466195344925,0.02758819916389126,3,0.18315198148290315,0.006406228968341461,3,-0.33313918362061185,0.017111437492412007,3,0.0,0.0,3,,,0,,,0,5.95812060435613,1.0799538963442394,3
can,fixalpha_01,60000,0.10000000149011608,0.0,3,-6.339251406987508,1.0192711222246946,3,-3.7678845008214314,5.095523705663078,3,0.5876649498939513,0.005963666725700565,3,0.6305697282155355,0.0262364720898594,3,0.1788876583178838,0.008838149425487912,3,-0.3285214563210805,0.010257072386057633,3,0.0,0.0,3,,,0,,,0,6.339251406987508,1.0192711222246946,3
can,fixalpha_01,65000,0.1000000014901161,0.0,3,-7.104140440622966,0.8545749338864516,3,-4.647312601407369,4.710995569754076,3,0.5812390247980753,0.005220897802767488,3,0.607544481754303,0.024546370248265257,3,0.17383976032336554,0.0077807345507548515,3,-0.32023633271455765,0.008427950954687052,3,0.0,0.0,3,,,0,,,0,7.104140440622966,0.8545749338864516,3
can,fixalpha_01,70000,0.1000000014901161,0.0,3,-7.008646567662557,0.7032201362961799,3,-4.938399483760198,3.4669869658966412,3,0.5806357810894648,0.005209658260784287,3,0.6099208394686381,0.021880388150643842,3,0.1708519421517849,0.006041496761862856,3,-0.32088927924633026,0.00901838710753205,3,0.0,0.0,3,,,0,,,0,7.008646567662557,0.7032201362961799,3
can,fixalpha_01,75000,0.1000000014901161,0.0,3,-7.588685750961304,0.6143189314372921,3,-5.098478818933169,3.1028215069094705,3,0.5773051728804907,0.0037979295945500023,3,0.5942683716615041,0.014601011620550955,3,0.16927084078391394,0.005606178479839158,3,-0.31865175316731137,0.00749577153374245,3,0.0,0.0,3,,,0,,,0,7.588685750961304,0.6143189314372921,3
can,fixalpha_01,80000,0.1000000014901161,0.0,3,-7.748640855153401,0.391461199448974,3,-6.045315583546956,3.2537667087752067,3,0.5779030919075012,0.001096709217161971,3,0.5868293792009354,0.009181682196629572,3,0.16888719176252684,0.0025420812738082108,3,-0.31419892609119415,0.007664255896336965,3,0.0,0.0,3,,,0,,,0,7.748640855153401,0.391461199448974,3
can,fixalpha_01,85000,0.1000000014901161,0.0,3,-8.081083019574484,0.49457289773258833,3,-7.28380274772644,4.355699652850959,3,0.5768438925345739,0.0018848857307619744,3,0.5800354480743408,0.013038060373833276,3,0.1651785783469677,0.002620747096722507,3,-0.30932648479938507,0.00970827924554961,3,0.0,0.0,3,,,0,,,0,8.081083019574484,0.49457289773258833,3
can,fixalpha_01,90000,0.10000000149011608,0.0,3,-8.032888317108155,0.3346082979584919,3,-7.558468198776246,2.6606210019007435,3,0.5755645275115967,0.002703065095087613,3,0.5813355724016825,0.01248812843294437,3,0.1652622848749161,0.002590963858219451,3,-0.3131085296471914,0.003990311371173629,3,0.0,0.0,3,,,0,,,0,8.032888317108155,0.3346082979584919,3
can,fixalpha_01,95000,0.1000000014901161,0.0,3,-8.165638009707132,0.4426734124947711,3,-6.610419760147731,2.879362231847825,3,0.5740986466407776,0.0032672636660072514,3,0.5732773989439011,0.014662939396191716,3,0.16320220505197844,0.003463360109456857,3,-0.3120461006959279,0.006671438815080215,3,0.0,0.0,3,,,0,,,0,8.165638009707132,0.4426734124947711,3
can,fixalpha_01,100000,0.1000000014901161,0.0,3,-7.918878277142842,0.41459745698849326,3,-5.402323414882024,1.8134063978210153,3,0.5742911100387573,0.002040284731005309,3,0.5791718115409216,0.01214827955504234,3,0.16465541968743005,0.003226913339467598,3,-0.31673769404490787,0.008807704646886615,3,0.0,0.0,3,,,0,,,0,7.918878277142842,0.41459745698849326,3
can,fixalpha_01,105000,0.1000000014901161,0.0,3,-7.725267251332601,0.570430870157145,3,-6.4973371376593905,1.7541872375832746,3,0.578660304347674,0.0036634343784227538,3,0.5912919739882151,0.013450300503031809,3,0.16855004553993544,0.003629542120961836,3,-0.31595339874426526,0.0052164671233909075,3,0.0,0.0,3,,,0,,,0,7.725267251332601,0.570430870157145,3
can,fixalpha_01,110000,0.1000000014901161,0.0,3,-8.053317427635193,0.41320718797865574,3,-5.927398939927419,2.505562953783694,3,0.5736957987149557,0.001841331998117698,3,0.5780183225870132,0.014183955468328206,3,0.16205125426252684,0.003068161660925188,3,-0.3169000719984372,0.0052259077245439675,3,0.0,0.0,3,,,0,,,0,8.053317427635193,0.41320718797865574,3
can,fixalpha_01,115000,0.1000000014901161,0.0,3,-7.791181802749634,0.4103722288020391,3,-7.283252656459808,3.3690553619088406,3,0.5769387582937876,0.0031991479133924145,3,0.585701510310173,0.01125247290891457,3,0.1662016436457634,0.003760188275520782,3,-0.31746555368105567,0.004838819470284177,3,0.0,0.0,3,,,0,,,0,7.791181802749634,0.4103722288020391,3
can,fixalpha_01,120000,0.10000000149011608,0.0,3,-7.914808909098308,0.4326562215865598,3,-5.9593836228052774,2.350755370575232,3,0.576335088411967,0.0033104181614015266,3,0.5788216590881348,0.012287193479173904,3,0.164983265598615,0.003817959982729099,3,-0.3185595174630483,0.0068720722434547936,3,0.0,0.0,3,,,0,,,0,7.914808909098308,0.4326562215865598,3
can,fixalpha_03,0,0.3000000119209289,0.0,5,-16.35573606491089,0.16754728561909596,5,34.77359313964844,0.6466924703045439,5,0.528214979171753,0.001744527257799208,5,0.26645796969532964,0.008161465728509707,5,0.10647321902215481,0.001669428331323159,5,-0.1892346397042274,0.004095955270857445,5,0.0,0.0,5,0.8155499268894544,0.025210829265708917,2,1.2276806756854057,0.08735156804323196,2,16.35573606491089,0.16754728561909596,5
can,fixalpha_03,5000,0.3000000119209289,0.0,5,-12.696390914916993,0.29509100673909017,5,76.46778869628906,1.1003824484289293,5,0.5476963430643081,0.001963795426174633,5,0.43104179501533507,0.011955536141092776,5,0.1301688116043806,0.0022309274949840843,5,-0.24553938657045365,0.006145231501985446,5,0.0,0.0,5,0.5230777969813103,0.021889320051467376,2,2.5033905804157257,0.055290669202804565,2,12.696390914916993,0.29509100673909017,5
can,fixalpha_03,10000,0.3000000119209289,0.0,5,-10.807458209991456,0.2280540903591368,5,105.49898300170898,1.7091348281902485,5,0.5607690930366516,0.002206491008490422,5,0.4994299218058586,0.007884431472669168,5,0.14709124565124512,0.002249909154431784,5,-0.2634366124868393,0.003814364283337643,5,0.0,0.0,5,0.5290312967915565,0.0065860255924374556,2,2.7315104603767395,0.014566302299499512,2,10.807458209991456,0.2280540903591368,5
can,fixalpha_03,15000,0.3000000119209289,0.0,5,-10.5325138092041,0.24064549618357975,5,120.80408477783203,0.8771761890582557,5,0.5617572247982026,0.0012417414416587109,5,0.5039894878864288,0.009311704430812206,5,0.14852818772196769,0.0017338089670610455,5,-0.2701054632663727,0.003908278023345874,5,0.0,0.0,5,0.5799924429860526,0.004430235549801376,2,2.5912468135356903,0.06107863783836365,2,10.5325138092041,0.24064549618357975,5
can,fixalpha_03,20000,0.3000000119209289,0.0,5,-10.971732950210571,0.36174202376457376,5,129.8624069213867,0.3762513292729046,5,0.557921776175499,0.0025096313340548754,5,0.4891763001680374,0.013033083570604249,5,0.14375000670552254,0.003245206027841947,5,-0.26485746055841447,0.004707417044116001,5,0.0,0.0,5,0.5783232771349983,0.011309495737721553,2,2.539842665195465,0.14993685483932495,2,10.971732950210571,0.36174202376457376,5
can,fixalpha_03,25000,0.3000000119209289,0.0,5,-10.804335165023804,0.5168478538185414,5,138.23585510253906,3.9140347887790323,5,0.5586397498846054,0.0042999813628682455,5,0.4940334662795067,0.01962685415433016,5,0.14549386724829674,0.0046743373843337105,5,-0.27092088013887405,0.0032547944000993847,5,0.0,0.0,5,0.6133434314109887,0.0004985368115002775,2,2.475773870944977,0.11547571420669556,2,10.804335165023804,0.5168478538185414,5
can,fixalpha_03,30000,0.3000000119209289,0.0,5,-10.96328296661377,0.5294674237435817,5,141.3320065307617,6.097471817194714,5,0.559067656993866,0.0036468257926461937,5,0.4922671747207642,0.01933597588608383,5,0.14583705961704255,0.004459473744215634,5,-0.26589216887950895,0.005436062185580167,5,0.0,0.0,5,0.6175241421699267,0.006599635400021536,2,2.454902911186218,0.17429897785186776,2,10.96328296661377,0.5294674237435817,5
can,fixalpha_03,35000,0.3000000119209289,0.0,5,-11.41319580078125,0.5059673322075873,5,143.00042114257812,7.018812278319071,5,0.5557783842086792,0.003185888177190392,5,0.47501266449689866,0.019809043805837423,5,0.1419433683156967,0.003589465154506988,5,-0.26314387246966364,0.006539843048231767,5,0.0,0.0,5,0.6139542806904585,0.01763615113625161,2,2.4480281472206116,0.2013077735900879,2,11.41319580078125,0.5059673322075873,5
can,fixalpha_03,40000,0.3000000119209289,0.0,5,-11.678796672821045,0.45910414596013244,5,142.6828514099121,6.226986113588222,5,0.5547527849674225,0.002762918672212324,5,0.4645810827612877,0.0160419247003141,5,0.13929269462823868,0.00360451433110625,5,-0.2600968345999718,0.006593309284142202,5,0.0,0.0,5,0.6214215833488359,0.01891896135903673,2,2.34034463763237,0.18736901879310608,2,11.678796672821045,0.45910414596013244,5
can,fixalpha_03,45000,0.3000000119209289,0.0,5,-12.035360765457153,0.41765214728613564,5,141.84473571777343,6.042124545921948,5,0.5541555136442184,0.0015382952104208512,5,0.4528315380215645,0.016042866519205275,5,0.1372419148683548,0.0020071227376415655,5,-0.2552370473742485,0.00722527013817063,5,0.0,0.0,5,0.6057811293397921,0.016405232932325875,2,2.380592107772827,0.16465044021606445,2,12.035360765457153,0.41765214728613564,5
can,fixalpha_03,50000,0.3000000119209289,0.0,5,-12.100474500656128,0.4390907186452073,5,141.8581901550293,7.679186534245284,5,0.5523523271083832,0.002412246058527961,5,0.4469746664166451,0.016954913413847937,5,0.13547015078365804,0.003247581818991966,5,-0.25269224494695663,0.00668806353766019,5,0.0,0.0,5,0.6073735676598593,0.010349499199329065,2,2.337978333234787,0.135399729013443,2,12.100474500656128,0.4390907186452073,5
can,fixalpha_03,55000,0.3000000119209289,0.0,5,-12.311294460296631,0.47632724894921036,5,139.81641654968263,6.167479179617554,5,0.5500695079565048,0.002888634573501295,5,0.4345492795109749,0.018771890850861072,5,0.13343332037329675,0.003246795676166376,5,-0.2529682993888855,0.006613337948987898,5,0.0,0.0,5,0.6215819046624954,0.0018339555214536007,2,2.295776218175888,0.05328717827796936,2,12.311294460296631,0.47632724894921036,5
can,fixalpha_03,60000,0.3000000119209289,0.0,5,-13.046201286315917,0.35492265992474725,5,136.23944427490235,5.077670292923258,5,0.5457612705230713,0.0020484868804982797,5,0.4124986708164215,0.014377835204893495,5,0.12925223767757416,0.002766241680977802,5,-0.24428530693054196,0.005255209566725505,5,0.0,0.0,5,0.62804523952507,0.0011427412974905626,2,2.1409005880355836,0.001229739189148038,2,13.046201286315917,0.35492265992474725,5
can,fixalpha_03,65000,0.3000000119209289,0.0,5,-13.116719913482665,0.39787643551781576,5,134.02346496582032,5.116292805399235,5,0.5458246916532516,0.0032376541843930217,5,0.40270223617553713,0.015349042698098909,5,0.12915039770305156,0.0025467310260090564,5,-0.24186583980917925,0.005440855315861599,5,0.0,0.0,5,0.6328874497927344,0.01464250990218921,2,2.0802856385707855,0.04528430104255676,2,13.116719913482665,0.39787643551781576,5
can,fixalpha_03,70000,0.3000000119209289,0.0,5,-13.37412896156311,0.3061284528674713,5,133.36211700439452,5.1386673529619085,5,0.5423580169677734,0.0019927265767007373,5,0.392490890622139,0.014359593423228794,5,0.1256905760616064,0.003140198772666693,5,-0.24021622985601426,0.005542692556544941,5,0.0,0.0,5,0.6232252831093277,0.006519416460033539,2,2.096621125936508,0.028331369161605835,2,13.37412896156311,0.3061284528674713,5
can,fixalpha_03,75000,0.3000000119209289,0.0,5,-13.39557342529297,0.3465254643440363,5,133.3674732208252,4.441183081145469,5,0.5434110194444657,0.0023499339915135525,5,0.38907656222581866,0.015401851856080347,5,0.1251604426652193,0.002814932817972898,5,-0.24211609736084938,0.0044021682104913775,5,0.0,0.0,5,0.6280142688555752,0.007241360392953755,2,2.074235364794731,0.05795867741107941,2,13.39557342529297,0.3465254643440363,5
can,fixalpha_03,80000,0.3000000119209289,0.0,5,-13.515623903274536,0.32297911087106557,5,132.53822479248046,4.151352871652942,5,0.5413731664419175,0.001746793079643827,5,0.3881616547703743,0.012986034673505547,5,0.12287946902215481,0.0018715269547331453,5,-0.2424619026482105,0.004914581755476491,5,0.0,0.0,5,0.6202964598336727,0.01379443806619296,2,2.079608738422394,0.05079853534698486,2,13.515623903274536,0.32297911087106557,5
can,fixalpha_03,85000,0.3000000119209289,0.0,5,-13.392555952072144,0.26405728137732193,5,133.16262664794922,3.1565695710078296,5,0.5432356238365174,0.0011253508176462977,5,0.3938522517681121,0.010593767007683812,5,0.1231305856257677,0.0016976152436078155,5,-0.243194330483675,0.0043650434339484725,5,0.0,0.0,5,0.6218447364047781,0.005283537449642189,2,2.109780192375183,0.06544172763824463,2,13.392555952072144,0.26405728137732193,5
can,fixalpha_03,90000,0.3000000119209289,0.0,5,-13.388562355041504,0.23411812651188904,5,132.20930084228516,1.5447265074266023,5,0.5429755377769471,0.0019317614565155135,5,0.3935042905807495,0.009374496652551882,5,0.12381139010190964,0.002109780886939456,5,-0.24578489780426022,0.001793758783439752,5,0.0,0.0,5,0.6356058801819484,0.006108254228118587,2,2.048367214202881,0.037617731094360285,2,13.388562355041504,0.23411812651188904,5
can,fixalpha_03,95000,0.3000000119209289,0.0,5,-13.448551654815674,0.2576708944360383,5,129.31528244018554,1.670460037801503,5,0.5412935256958008,0.0023086624748169114,5,0.39022869318723674,0.010413616223472545,5,0.12287249490618705,0.0029054643955083743,5,-0.24228852391242978,0.0028380377379171,5,0.0,0.0,5,0.625156052122682,0.003936308518823317,2,2.0503382682800293,0.0029653310775756836,2,13.448551654815674,0.2576708944360383,5
can,fixalpha_03,100000,0.3000000119209289,0.0,5,-13.397175645828247,0.15384614832102333,5,129.93600692749024,1.6749536655920043,5,0.5412573277950287,0.001891623357828874,5,0.38764710575342176,0.006020387373417304,5,0.12380022890865802,0.002432661045813498,5,-0.24639795720577234,0.0017692043616006124,5,0.0,0.0,5,0.6264221323912491,0.003951091863575978,2,2.0070525258779526,0.0025442689657211304,2,13.397175645828247,0.15384614832102333,5
can,fixalpha_03,105000,0.3000000119209289,0.0,5,-13.729096698760987,0.1411028622915725,5,130.6863983154297,2.038209277583234,5,0.5405652940273284,0.0016275746456421733,5,0.37713212370872495,0.005656308092386807,5,0.1208286888897419,0.0026854925398473255,5,-0.24194315820932383,0.0027527254190241155,5,0.0,0.0,5,0.6218930200181652,0.007586054127610237,2,1.9664380699396133,0.00453127920627594,2,13.729096698760987,0.1411028622915725,5
can,fixalpha_03,110000,0.3000000119209289,0.0,5,-13.554196453094482,0.24105544827417394,5,129.38753395080568,1.9342802741242846,5,0.5405132621526718,0.0020073147499981552,5,0.38107963353395463,0.010125418786749139,5,0.11986607685685158,0.0020137607969166037,5,-0.24558060243725777,0.0033655830855635082,5,0.0,0.0,5,0.6389769707988348,0.0025416956192814144,2,1.9851148873567581,0.06336735188961029,2,13.554196453094482,0.24105544827417394,5
can,fixalpha_03,115000,0.3000000119209289,0.0,5,-13.948441123962402,0.20436456529978322,5,130.31585235595702,2.5882148050689007,5,0.5385162621736527,0.0010855668728998796,5,0.36475554555654527,0.00846280780753785,5,0.11907785199582577,0.0018691207937463273,5,-0.2391352906823158,0.0033662691808051402,5,0.0,0.0,5,0.6326761452560001,0.006844898116544845,2,1.9248173385858536,0.023433789610862787,2,13.948441123962402,0.20436456529978322,5
can,fixalpha_03,120000,0.3000000119209289,0.0,5,-14.13563034057617,0.24886714511991614,5,126.9071078491211,2.932990746299392,5,0.5376646852493285,0.0015636195183095097,5,0.3591756510734558,0.010379824493702386,5,0.11790737152099609,0.002394119797130561,5,-0.23761063635349272,0.002163781219116605,5,0.0,0.0,5,0.62221151972443,0.002663695077722017,2,1.9525319814682007,0.0016087770462036577,2,14.13563034057617,0.24886714511991614,5
can,fixalpha_1,0,1.0,0.0,3,-17.46794048945109,0.16414138950042131,3,252.85012753804526,2.7215530501597405,3,0.5229686697324117,0.0010566843309205256,3,0.1841989656289418,0.009167484059687796,3,0.10230655161043008,0.0011492443184664412,3,-0.16674476986130074,0.004414205666353494,3,0.0,0.0,3,,,0,,,0,17.46794048945109,0.16414138950042131,3
can,fixalpha_1,5000,1.0,0.0,3,-14.480563163757324,0.0950747650109291,3,504.42659250895184,7.821160326700533,3,0.5380276789267858,0.0018496482871868825,3,0.34429754068454105,0.008315806160954883,3,0.1203962117433548,0.002732989712372954,3,-0.2151924557983875,0.007699535524579453,3,0.0,0.0,3,,,0,,,0,14.480563163757324,0.0950747650109291,3
can,fixalpha_1,10000,1.0,0.0,3,-12.067355155944824,0.217207101174781,3,643.6437581380209,13.317183132757394,3,0.5513123472531637,0.00097741960995919,3,0.44096285353104275,0.0009559395718489439,3,0.13463774820168814,0.0013261506547665692,3,-0.2520656995475292,0.0029818341420042305,3,0.0,0.0,3,,,0,,,0,12.067355155944824,0.217207101174781,3
can,fixalpha_1,15000,1.0,0.0,3,-10.59372591972351,0.5006640739882887,3,725.8066202799479,30.742571815384157,3,0.5613472958405813,0.005087848113453453,3,0.4915618970990181,0.01805358226584552,3,0.14715867613752684,0.006159374010192935,3,-0.26838425919413567,0.002298700158425157,3,0.0,0.0,3,,,0,,,0,10.59372591972351,0.5006640739882887,3
can,fixalpha_1,20000,1.0,0.0,3,-9.482216437657675,0.4192797769188879,3,787.9687143961588,25.32880889608253,3,0.5670086791117986,0.003541455909224593,3,0.5285705253481865,0.010509981782222016,3,0.1568545438349247,0.005085874637547699,3,-0.28098025421301526,0.004715091345036726,3,0.0,0.0,3,,,0,,,0,9.482216437657675,0.4192797769188879,3
can,fixalpha_1,25000,1.0,0.0,3,-9.655227343241373,0.23604141498054507,3,828.5658518473307,25.992139692913867,3,0.5629826535781225,0.0010397400299745148,3,0.525782068570455,0.004364552520257108,3,0.15191360314687094,0.0008110555767868434,3,-0.29398198922475177,0.010463602453401647,3,0.0,0.0,3,,,0,,,0,9.655227343241373,0.23604141498054507,3
can,fixalpha_1,30000,1.0,0.0,3,-9.708005142211915,0.23647702376011068,3,843.9851643880207,29.93860047421672,3,0.5623044371604919,0.001472226830913689,3,0.5228839159011841,0.005103587283606294,3,0.1496465841929118,0.003409743424416617,3,-0.29676959514617923,0.005539166814111528,3,0.0,0.0,3,,,0,,,0,9.708005142211915,0.23647702376011068,3
can,fixalpha_1,35000,1.0,0.0,3,-10.199735164642334,0.34520029866972934,3,845.8566691080729,35.19344172686202,3,0.5594557076692581,0.002361954170416133,3,0.5051584740479788,0.012594187624570945,3,0.1439150907099247,0.002708873120638189,3,-0.29937509695688885,0.008337101245261368,3,0.0,0.0,3,,,0,,,0,10.199735164642334,0.34520029866972934,3
can,fixalpha_1,40000,1.0,0.0,3,-10.068190495173136,0.32879614447478794,3,829.8490753173828,24.232999403921344,3,0.5592963347832361,0.0023932213431142944,3,0.5066366295019785,0.010632410902959223,3,0.14689128349224725,0.0024511313394868753,3,-0.29605626811583835,0.005290671483500328,3,0.0,0.0,3,,,0,,,0,10.068190495173136,0.32879614447478794,3
can,fixalpha_1,45000,1.0,0.0,3,-10.487761894861857,0.4130906727459406,3,822.480946858724,23.79293989577833,3,0.5614095230897268,0.0009932200129387852,3,0.5020926147699356,0.011460838604673753,3,0.14758882795770964,0.0012152645034026472,3,-0.2828209176659584,0.010976457359617525,3,0.0,0.0,3,,,0,,,0,10.487761894861857,0.4130906727459406,3
can,fixalpha_1,50000,1.0,0.0,3,-10.804685274759928,0.24803085830018776,3,819.4339192708334,13.284257636485407,3,0.5544865131378174,0.0011230068913563218,3,0.48348121096690494,0.008666004053230009,3,0.13992746422688165,0.0004204589592267485,3,-0.2854241331418355,0.008288031284296647,3,0.0,0.0,3,,,0,,,0,10.804685274759928,0.24803085830018776,3
can,fixalpha_1,55000,1.0,0.0,3,-11.150360822677612,0.45133648747370253,3,811.716064453125,15.686228998376802,3,0.5541594922542572,0.0026228780717091047,3,0.4727381591995557,0.015789910599026437,3,0.13818359871705374,0.002084578360229122,3,-0.2843725581963857,0.011120192086436035,3,0.0,0.0,3,,,0,,,0,11.150360822677612,0.45133648747370253,3
can,fixalpha_1,60000,1.0,0.0,3,-11.30160541534424,0.40748468163241947,3,797.6007812500001,18.247001328737138,3,0.5515819986661276,0.0016630508419142865,3,0.4680225650469462,0.013774935988804889,3,0.13491444190343221,0.001602863154408115,3,-0.2850395739078521,0.010600646629855305,3,0.0,0.0,3,,,0,,,0,11.30160541534424,0.40748468163241947,3
can,fixalpha_1,65000,1.0,0.0,3,-11.705376307169596,0.25258370075326453,3,791.5985717773438,26.201149426682996,3,0.5493107239405314,0.0016450766408890054,3,0.4515220373868942,0.010873092626165934,3,0.13364955907066664,0.00033634323926258784,3,-0.2741507850587368,0.007206974381399995,3,0.0,0.0,3,,,0,,,0,11.705376307169596,0.25258370075326453,3
can,fixalpha_1,70000,1.0,0.0,3,-11.987359841664633,0.10007132335453713,3,788.6702575683594,31.813798763295736,3,0.5493505398432413,0.0005722391243985094,3,0.4394850929578145,0.005349885995185389,3,0.12932478388150534,0.00029662885082837846,3,-0.2652118653059006,0.007391320827708946,3,0.0,0.0,3,,,0,,,0,11.987359841664633,0.10007132335453713,3
can,fixalpha_1,75000,1.0,0.0,3,-12.11266311009725,0.2452494845320531,3,773.6076812744141,32.65026199064716,3,0.5481350322564443,0.0023112901346094513,3,0.43972033510605496,0.006504975942748484,3,0.1323358522107204,0.0038528602025402867,3,-0.2671772117416064,0.0032934165770143976,3,0.0,0.0,3,,,0,,,0,12.11266311009725,0.2452494845320531,3
can,fixalpha_1,80000,1.0,0.0,3,-12.584971189498901,0.20663871963881403,3,769.5684763590494,30.38549213262135,3,0.544449379046758,0.002446424095175831,3,0.42421048134565353,0.00920479584234264,3,0.1261393278837204,0.0031461974690733877,3,-0.26535915583372116,0.004373131884167239,3,0.0,0.0,3,,,0,,,0,12.584971189498901,0.20663871963881403,3
can,fixalpha_1,85000,1.0,0.0,3,-12.315743366877237,0.2674785712972164,3,753.9857940673828,26.87394543706369,3,0.5468827386697134,0.0012753514476381196,3,0.43159763018290204,0.010519350820289295,3,0.13004558036724725,0.00156395560443752,3,-0.2657260050376256,0.0063088244735587055,3,0.0,0.0,3,,,0,,,0,12.315743366877237,0.2674785712972164,3
can,fixalpha_1,90000,1.0,0.0,3,-12.52938454945882,0.16889748319946424,3,749.9001220703125,22.398114871821765,3,0.5469143589337667,0.0017224669400701022,3,0.42735938032468157,0.008799828569228552,3,0.12791109184424082,0.0011295144321941644,3,-0.261832915743192,0.003422153074272571,3,0.0,0.0,3,,,0,,,0,12.52938454945882,0.16889748319946424,3
can,fixalpha_1,95000,1.0,0.0,3,-12.389559348424276,0.08543745368887387,3,740.2984670003256,16.436173921591287,3,0.5456292281548182,0.0008107791447334823,3,0.4299326067169507,0.002232512633451936,3,0.1286156134059032,0.001355334945774624,3,-0.2639518653353055,0.0029625577308614605,3,0.0,0.0,3,,,0,,,0,12.389559348424276,0.08543745368887387,3
can,fixalpha_1,100000,1.0,0.0,3,-12.80426279703776,0.1608056969924316,3,731.925282796224,10.597767598172089,3,0.5428325881560644,0.003351639631774828,3,0.417034387588501,0.006381796485904989,3,0.12489537335932255,0.0037676017451148116,3,-0.26033569872379303,0.002873639608716862,3,0.0,0.0,3,,,0,,,0,12.80426279703776,0.1608056969924316,3
can,fixalpha_1,105000,1.0,0.0,3,-12.80694047609965,0.21535181790942276,3,726.3464711507162,16.97371146095996,3,0.5459997455279032,0.000813565757793729,3,0.4124280462662379,0.006168267204120073,3,0.12475586558381717,0.001555983148358206,3,-0.259149228533109,0.0047742061243802245,3,0.0,0.0,3,,,0,,,0,12.80694047609965,0.21535181790942276,3
can,fixalpha_1,110000,1.0,0.0,3,-12.839673519134521,0.08478102868889716,3,728.1450246175131,19.433882734820035,3,0.543928066889445,0.0019333446893262977,3,0.4080376625061035,0.002285082007868903,3,0.1246396079659462,0.001536227938848321,3,-0.2566205598413944,0.005981669734980906,3,0.0,0.0,3,,,0,,,0,12.839673519134521,0.08478102868889716,3
can,fixalpha_1,115000,1.0,0.0,3,-13.24210794766744,0.291515697067028,3,726.4736175537109,18.30777439887493,3,0.5419610838095347,0.0016096247852081349,3,0.39881932238737744,0.007925820666281,3,0.12261672752598922,0.0011506559740834753,3,-0.2538662093381087,0.0059214115586007305,3,0.0,0.0,3,,,0,,,0,13.24210794766744,0.291515697067028,3
can,fixalpha_1,120000,1.0,0.0,3,-13.049099985758465,0.39473844138684644,3,713.8043294270833,19.367167255837195,3,0.5424099047978719,0.00243977348889007,3,0.4026176691055297,0.015832023315345074,3,0.1250837097565333,0.0029341132974319345,3,-0.2560719360907872,0.005177778352694075,3,0.0,0.0,3,,,0,,,0,13.049099985758465,0.39473844138684644,3
can,hardq,0,0.3770852920288841,0.00080537299976292,3,-15.24167243639628,0.5407120890982009,3,-57.45011329650879,2.2811884730055048,3,0.5387735416491827,0.0051858195685481395,3,0.27828973283370334,0.02371855684148304,3,0.11861747068663438,0.006242278178410472,3,-0.18987874438365296,0.0023869922032040774,3,0.0,0.0,3,0.9731325100771309,0.05318288975293534,3,1.299553190668424,0.028034264186777545,3,15.24167243639628,0.5407120890982009,3
can,hardq,5000,0.10666111161311465,0.00461227631099705,3,-1.9129733741283417,0.1499246249001468,3,-70.56266212463379,5.267996625185224,3,0.6076934287945429,0.003909305736848741,3,0.7390357404947281,0.008119294530505632,3,0.21358817939956984,0.0055244179184864755,3,-0.3761103227734566,0.013682333207329143,3,0.0,0.0,3,0.38759824987780084,0.011961273258302488,3,1.9148788054784138,0.10631435668198168,3,1.9129733741283417,0.1499246249001468,3
can,hardq,10000,0.07748407041653986,0.0038208625708202166,3,0.9681718250115713,0.38422000851908267,3,-58.89734427134196,1.9170598458183215,3,0.6177319288253784,0.002560412386668655,3,0.8069443106651306,0.009208786294595627,3,0.2290969230234623,0.003900451535261672,3,-0.42467786620060605,0.009918737059448823,3,0.0,0.0,3,0.4174289932621673,0.012769410921604954,3,1.4176574349403381,0.02898154086274427,3,-0.9681718250115713,0.38422000851908267,3
can,hardq,15000,0.06520357847524182,0.0008547629726821096,3,0.7956802832583586,0.08280485602681538,3,-53.73427931467692,1.477186127006824,3,0.6203957845767339,0.0021203900043030295,3,0.8104883134365082,0.0007986790818785083,3,0.23271252711613974,0.002322967433736513,3,-0.41231486449639004,0.012749708833211176,3,0.0,0.0,3,0.42049787628907326,0.0013411573448500731,3,1.1755253374576569,0.029126833899076877,3,-0.7956802832583586,0.08280485602681538,3
can,hardq,20000,0.05937366161185,0.0011204601649329408,3,-0.09925669555862743,0.2675708592245459,3,-53.19275697072347,1.5984172702735575,3,0.6153637717167536,0.0020989465262163574,3,0.789076641201973,0.007063832407692911,3,0.22402809808651605,0.00323828545420544,3,-0.40880942593018216,0.0022686446073036685,3,0.0,0.0,3,0.4441034234685535,0.008466544053713346,3,0.9949566771586736,0.0375355451505462,3,0.09925669555862743,0.2675708592245459,3
can,hardq,25000,0.05660090679302806,0.00022172478075737145,3,0.6638178906093041,0.05419890516533636,3,-50.11302344004313,1.8982794492533923,3,0.621536542971929,0.0035135164552774316,3,0.8019489596287409,0.0060653310347106686,3,0.232317253947258,0.003528177628031126,3,-0.40983522683382034,0.009316993492992047,3,0.0,0.0,3,0.4724628095033619,0.007632707771280327,3,0.8971062203248342,0.015078478236659152,3,-0.6638178906093041,0.05419890516533636,3
can,hardq,30000,0.05584101131806767,0.00018412541666737906,3,0.2549600303173065,0.12913707982153044,3,-49.04800389607747,2.218149788968155,3,0.6195168813069661,0.0005727060852390636,3,0.7934347311655681,0.006002461644922891,3,0.23048736055692035,0.0012044542552490814,3,-0.4070591827233632,0.006772727551705692,3,0.0,0.0,3,0.47058889075073984,0.006206400807441685,3,0.8849389354387919,0.01532108982127088,3,-0.2549600303173065,0.12913707982153044,3
can,hardq,35000,0.05503415726125235,0.000117710689767647,3,0.4663006712992986,0.2452184153275743,3,-48.794080098470054,2.6631961626428686,3,0.6222295413414637,0.0013539693542719018,3,0.802416572968165,0.004613912946619151,3,0.23610724632938704,0.0017485455246657447,3,-0.40226785093545914,0.009262687111016446,3,0.0,0.0,3,0.47883470091951236,0.008455786959286742,3,0.8641894509394964,0.02364426229258275,3,-0.4663006712992986,0.2452184153275743,3
can,hardq,40000,0.05369685001981752,0.0007695170437753419,3,-0.05847008774677912,0.12672533708067274,3,-48.03291893005371,1.6131276311548004,3,0.6206513295571009,0.0010575476396546444,3,0.7942996025085449,0.007293789111267896,3,0.2334914542734623,0.0032056927964477567,3,-0.390111580491066,0.005215996301269936,3,0.0,0.0,3,0.4975619601647449,0.009510018335820521,3,0.7975160976250967,0.020783322024386375,3,0.05847008774677912,0.12672533708067274,3
can,hardq,45000,0.0519876359806706,0.0006706020791653175,3,-0.4341909537712733,0.5192007068973481,3,-48.43626689910889,0.8917644851287145,3,0.6182563404242197,0.004266217015266983,3,0.7850918918848038,0.01361074787158556,3,0.22819011534253755,0.004808604759016646,3,-0.38684725761413574,0.0011407906897030625,3,0.0,0.0,3,0.4865509383228055,0.0048629999228261755,3,0.7827262530724207,0.010367938708633357,3,0.4341909537712733,0.5192007068973481,3
can,hardq,50000,0.05106169233719504,0.0020870993586780138,3,-0.08360775435964267,0.19212697995133957,3,-48.96675682067871,0.5721026047661791,3,0.6229983319838842,0.002026360742145773,3,0.7953437666098276,0.006465612582196198,3,0.2334798313677311,0.0025169925314271696,3,-0.38544687380393344,0.005935448041028085,3,0.0,0.0,3,0.4988085283689987,0.010733789907415501,3,0.7540069073438644,0.019914335444232812,3,0.08360775435964267,0.19212697995133957,3
can,hardq,55000,0.052722156886011305,0.0032049609973758956,3,0.618994951248169,0.3861060920296197,3,-47.64924748738607,2.892944042832183,3,0.625161404410998,0.0022360193909116543,3,0.8138307283322016,0.013164257774618224,3,0.23635138695438704,0.004287693678040132,3,-0.39120083053906757,0.004165949931428805,3,0.0,0.0,3,0.4946682270640576,0.0010287459220836492,3,0.8017546882232031,0.041918564129031,3,-0.618994951248169,0.3861060920296197,3
can,hardq,60000,0.052801255062222434,0.003424318117466838,3,0.41360671023527784,0.12343481308410867,3,-46.26150792439779,3.7338111060312347,3,0.626044750213623,0.00020779423579301838,3,0.8081079800923665,0.004303326216751704,3,0.2382440596818924,0.0015309875316473671,3,-0.3866753915945689,0.0034731068217567817,3,0.0,0.0,3,0.4979940559258449,0.006391606433558438,3,0.7894494692484537,0.03909252532968353,3,-0.41360671023527784,0.12343481308410867,3
can,hardq,65000,0.0525807885297884,0.003941180136510434,3,0.18912469347318014,0.07947187563936559,3,-46.262990951538086,4.728268779262315,3,0.6246083875497183,0.0010124030876343594,3,0.800758550564448,0.0038358861999710043,3,0.23856027672688165,0.0009088169316780504,3,-0.388185386856397,0.0011803999311756383,3,0.0,0.0,3,0.49611779405789624,0.0019507340525809545,3,0.7902736316124598,0.061589891392544,3,-0.18912469347318014,0.07947187563936559,3
can,hardq,70000,0.0524061458961417,0.004938482437482919,3,-0.017242728422085452,0.06593852459587746,3,-44.947649002075195,4.8954145794286745,3,0.6238682568073273,0.0013498279695307533,3,0.7968621701002121,0.001454809864607848,3,0.23453777159253755,0.0015379413778046859,3,-0.3903977846105893,0.002805555017116787,3,0.0,0.0,3,0.49912983609208306,0.0023695327043744955,3,0.7835652679204941,0.06990029093346597,3,0.017242728422085452,0.06593852459587746,3
can,hardq,75000,0.05193971581757064,0.0049308532661617,3,-0.5022928218046824,0.519920353924089,3,-44.25340779622396,4.401764558438045,3,0.6231372157732645,0.003405148950177346,3,0.7801421880722046,0.010922878979023876,3,0.23437500993410745,0.002272468262836271,3,-0.3754013578097026,0.009031749580759857,3,0.0,0.0,3,0.49096391211295565,0.007720915509300633,3,0.7658081849416097,0.071284697014701,3,0.5022928218046824,0.519920353924089,3
can,iql,0,0.3800762172043323,0.00043973360695789045,5,-14.120413899421692,0.07846271991729736,2,37.94415247440338,2.194476366043091,2,0.5429849103093147,0.0003143623471260071,2,0.36481927148997784,0.0016773846000432968,2,0.1243198998272419,8.71904194355011e-05,2,-0.2165111750364303,0.00444963201880455,2,0.0,0.0,2,,,0,,,0,14.120413899421692,0.07846271991729736,2
can,iql,5000,0.10135700767859812,0.0015051713791625347,5,-2.1758962348103523,0.5625837296247482,2,44.004353523254395,4.911555290222168,2,0.6082942634820938,0.0031575560569763184,2,0.7437237277626991,0.013818003237247467,2,0.21184431947767735,0.00565011240541935,2,-0.3722216412425041,0.002833351492881775,2,0.0,0.0,2,,,0,,,0,2.1758962348103523,0.5625837296247482,2
can,iql,10000,0.08461758812889453,0.003489715378030492,5,0.6641749031841755,0.2479538396000862,2,18.40956711769104,7.279236555099487,2,0.6227342486381531,0.00016216933727264404,2,0.8110698312520981,0.007674127817153931,2,0.23655483685433865,0.0016915444284677505,2,-0.40503019094467163,0.010697588324546814,2,0.0,0.0,2,,,0,,,0,-0.6641749031841755,0.2479538396000862,2
can,iql,15000,0.07962732501327986,0.003774304597670635,5,0.1861683838069439,0.4212752468883991,2,3.717591166496277,7.142115592956543,2,0.6196985393762589,0.0013523101806640625,2,0.804022528231144,0.006877921521663666,2,0.2275739498436451,0.0030343197286128998,2,-0.408385518938303,0.011286605149507536,2,0.0,0.0,2,,,0,,,0,-0.1861683838069439,0.4212752468883991,2
can,iql,20000,0.07239717474207277,0.0026836472571302623,5,0.1751110963523388,0.030041832476854317,2,-4.157685652375221,6.999163493514061,2,0.6157614886760712,0.0017996430397033691,2,0.7923305183649063,0.0009789615869522095,2,0.22464426048099995,0.0025809165090322495,2,-0.4170521907508373,0.002334516495466246,2,0.0,0.0,2,,,0,,,0,-0.1751110963523388,0.030041832476854317,2
can,iql,25000,0.06643965071067211,0.00223949100297793,5,0.14825065061450007,0.19461205974221227,2,-8.249340027570724,2.815207749605179,2,0.6175733134150505,0.0008069351315498352,2,0.7949899956583977,0.00741296261548996,2,0.2266671396791935,0.0011160708963871002,2,-0.41023759171366686,0.00898226723074913,2,0.0,0.0,2,,,0,,,0,-0.14825065061450007,0.19461205974221227,2
can,iql,30000,0.062230914622545194,0.0024468277580308004,5,0.006074082851409909,0.20669787824153898,2,-14.567486095428468,4.458039569854737,2,0.6173290014266968,0.001934123039245561,2,0.7957957625389098,0.003240036964416465,2,0.22575335949659348,0.002790178358554829,2,-0.4091719388961792,0.0026755809783935436,2,0.0,0.0,2,,,0,,,0,-0.006074082851409909,0.20669787824153898,2
can,iql,35000,0.05697282974608238,0.0022186653470679606,5,-0.36088749021291733,0.10344420373439789,2,-22.270859479904175,0.293410062789917,2,0.6145892813801765,1.7657876014709473e-06,2,0.7896557375788689,0.0002898797392845154,2,0.22091239877045155,0.00034877099096775055,2,-0.4125562459230423,0.0051482692360877574,2,0.0,0.0,2,,,0,,,0,0.36088749021291733,0.10344420373439789,2
can,iql,40000,0.05400105183012779,0.002342047602899091,5,0.15406662039458754,0.21049435995519158,2,-24.441484689712524,0.6161439418792725,2,0.6173201948404312,0.0013611763715744019,2,0.7989908829331398,0.0022870972752571106,2,0.22736468724906445,0.0006626676768064499,2,-0.4192020744085312,0.010941088199615479,2,0.0,0.0,2,,,0,,,0,-0.15406662039458754,0.21049435995519158,2
can,iql,45000,0.051221501613035736,0.002155295315472077,5,0.09805019572377209,0.02451417967677115,2,-24.76833486557007,1.858508586883545,2,0.6192253232002258,0.002437025308609009,2,0.8020410761237144,0.0005302354693412781,2,0.2272251769900322,0.000732421875,2,-0.4144260622560978,0.0012821294367313801,2,0.0,0.0,2,,,0,,,0,-0.09805019572377209,0.02451417967677115,2
can,iql,50000,0.04900159769691522,0.0019733137930344406,5,-0.03749419748783109,0.2894729971885681,2,-26.09725570678711,2.6802473068237305,2,0.6192850768566132,0.001889750361442566,2,0.7978026196360588,0.0100950226187706,2,0.22565570287406445,0.0022321436554193497,2,-0.40777651593089104,0.0021685995161533356,2,0.0,0.0,2,,,0,,,0,0.03749419748783109,0.2894729971885681,2
can,iql,55000,0.046696536662056996,0.0016335803414490794,5,0.047961266711354256,0.03341023810207844,2,-26.168270349502563,0.6041676998138428,2,0.6212244257330894,0.0007712319493293762,2,0.7980102673172951,1.5892088413238525e-05,2,0.22879465483129025,0.0012555811554193497,2,-0.40539341047406197,0.006373006850481033,2,0.0,0.0,2,,,0,,,0,-0.047961266711354256,0.03341023810207844,2
can,iql,60000,0.04549202184379096,0.0014151444596189342,5,0.05943572670221329,0.05475221425294876,2,-28.81981258392334,2.3992025375366204,2,0.6192497670650482,0.0008142054080962913,2,0.7951827943325043,0.00193018317222593,2,0.22770648300647736,0.0006138384342193604,2,-0.4113477408885956,0.0006845772266388245,2,0.0,0.0,2,,,0,,,0,-0.05943572670221329,0.05475221425294876,2
can,iql,65000,0.04548057061620052,0.001609099382736475,5,0.41660974547266955,0.279102761298418,2,-28.877174139022827,2.728991746902466,2,0.623558834195137,0.0006207674741744995,2,0.7983992174267769,0.0023381635546684265,2,0.2322998158633709,0.0016217902302742004,2,-0.4153354614973068,0.009793996810913086,2,0.0,0.0,2,,,0,,,0,-0.41660974547266955,0.279102761298418,2
can,iql,70000,0.0438913407362997,0.001492986342746373,5,-0.5212207324802876,0.10137492790818214,2,-28.75661015510559,2.62638258934021,2,0.619305856525898,0.0005422160029411316,2,0.783269040286541,0.0036951377987861633,2,0.22323173470795155,0.0005754735320806503,2,-0.40936100110411644,0.005869273096323013,2,0.0,0.0,2,,,0,,,0,0.5212207324802876,0.10137492790818214,2
can,iql,75000,0.04320888065546748,0.0012549570964693639,5,-0.00846555083990097,0.16211801767349243,2,-30.924474000930786,3.231001615524292,2,0.6211156696081161,0.00017112493515014648,2,0.7945523038506508,0.0033787861466407776,2,0.2301548644900322,0.0009416826069355011,2,-0.40681440755724907,0.001966383308172226,2,0.0,0.0,2,,,0,,,0,0.00846555083990097,0.16211801767349243,2
can,iql,80000,0.04257986363954837,0.001051536433965991,5,-0.26074694097042084,0.15806851536035538,2,-30.88170289993286,1.577207088470459,2,0.6167927607893944,0.0014890208840370178,2,0.7850890606641769,0.0011356621980667114,2,0.2248012125492096,0.0003662109375,2,-0.41046831011772156,0.001868948340415913,2,0.0,0.0,2,,,0,,,0,0.26074694097042084,0.15806851536035538,2
can,iql,85000,0.04236285397782917,0.001166472379049304,5,0.26080436259508133,0.2446044608950615,2,-32.44782328605652,3.4818241596221924,2,0.6221785694360733,0.0023738592863082886,2,0.8037592321634293,0.008643269538879395,2,0.23156739212572575,0.004516599699854851,2,-0.41212761774659157,0.0011017955839633942,2,0.0,0.0,2,,,0,,,0,-0.26080436259508133,0.2446044608950615,2
can,iql,90000,0.042468853637576055,0.0011640401978640382,5,-0.12576509118080137,0.10706190466880797,2,-32.34476509094238,2.6205577850341797,2,0.620899248123169,0.0011911273002624123,2,0.796972680091858,0.002583849430084245,2,0.22712054699659348,0.0013392880558967535,2,-0.40952503085136416,0.0026400029659271046,2,0.0,0.0,2,,,0,,,0,0.12576509118080137,0.10706190466880797,2
can,iql,95000,0.04189460521563884,0.0008563149080160279,5,-0.15126164630055428,0.06940828636288641,2,-30.950597763061523,0.27496337890625,2,0.6204338148236275,9.926408529281616e-05,2,0.7918096855282784,0.0017094686627388,2,0.226946160197258,0.0006626695394515991,2,-0.4104638360440731,0.0012503080070018768,2,0.0,0.0,2,,,0,,,0,0.15126164630055428,0.06940828636288641,2
can,iql,100000,0.042144208988174746,0.0009725833302954572,5,0.008887724950909613,0.01649291254580021,2,-32.146087646484375,0.6796741485595703,2,0.6218978613615036,0.0003879070281982422,2,0.7987091466784477,0.003604091703891754,2,0.2301897443830967,0.002162385731935501,2,-0.40769899263978004,0.0018783099949359894,2,0.0,0.0,2,,,0,,,0,-0.008887724950909613,0.01649291254580021,2
can,iql,105000,0.04189112409576769,0.0010705406118482448,5,0.31598677672445774,0.30517671816051006,2,-32.126107692718506,0.6640820503234863,2,0.6276083588600159,0.00046697258949279785,2,0.8015081807971001,0.0009146258234977722,2,0.2323695719242096,5.231797695159912e-05,2,-0.41194798424839973,0.005868460983037949,2,0.0,0.0,2,,,0,,,0,-0.31598677672445774,0.30517671816051006,2
can,iql,110000,0.04160657797008748,0.001211493748353817,5,0.3004121072590351,0.1593580357730388,2,-32.08300995826721,0.006879568099975586,2,0.6246312037110329,0.00024091452360153198,2,0.8003567308187485,0.0022879987955093384,2,0.233782097697258,0.0015694759786128998,2,-0.4111308939754963,0.00039828941226005554,2,0.0,0.0,2,,,0,,,0,-0.3004121072590351,0.1593580357730388,2
can,iql,115000,0.04205535892397161,0.0010940194754945228,5,0.24965346232056618,0.1252296008169651,2,-32.12433052062988,0.7195925712585449,2,0.6240521296858788,0.0016810819506645203,2,0.797459751367569,0.005297556519508362,2,0.23104423470795155,0.0026681069284677505,2,-0.4131902866065502,0.0019660107791423798,2,0.0,0.0,2,,,0,,,0,-0.24965346232056618,0.1252296008169651,2
can,iql,120000,0.04224513508006926,0.0011618839394948784,5,-0.07809833884239195,0.08818120360374451,2,-31.82886447906494,0.9943250656127915,2,0.622044962644577,0.0007681548595428467,2,0.7933191359043121,0.005592435598373413,2,0.22932478785514832,0.0008928567171096746,2,-0.4078874111175537,0.0007927417755126953,2,0.0,0.0,2,,,0,,,0,0.07809833884239195,0.08818120360374451,2
can,iql,125000,0.041407744406412005,0.0010487171849620266,3,,,0,,,0,,,0,,,0,,,0,,,0,,,0,,,0,,,0,,,0
can,iql,130000,0.040705880119154804,0.0009766564929992773,3,,,0,,,0,,,0,,,0,,,0,,,0,,,0,,,0,,,0,,,0
can,iql,135000,0.04048412348764632,0.0008254965976961639,3,,,0,,,0,,,0,,,0,,,0,,,0,,,0,,,0,,,0,,,0
can,iql,140000,0.04012400649177527,0.0009444832620187746,3,,,0,,,0,,,0,,,0,,,0,,,0,,,0,,,0,,,0,,,0
can,iql,145000,0.03975198512586451,0.0013278964077072584,3,,,0,,,0,,,0,,,0,,,0,,,0,,,0,,,0,,,0,,,0
can,iql,150000,0.039442765107378326,0.001249745652559837,3,,,0,,,0,,,0,,,0,,,0,,,0,,,0,,,0,,,0,,,0
can,iql,155000,0.03896082793362434,0.0007846199523634806,3,,,0,,,0,,,0,,,0,,,0,,,0,,,0,,,0,,,0,,,0
can,iql,160000,0.03896161016697678,0.0009635221306067279,3,,,0,,,0,,,0,,,0,,,0,,,0,,,0,,,0,,,0,,,0
can,iql,165000,0.039111369696135274,0.0010027395965435165,3,,,0,,,0,,,0,,,0,,,0,,,0,,,0,,,0,,,0,,,0
can,iql,170000,0.039199705701321315,0.001063216636334017,3,,,0,,,0,,,0,,,0,,,0,,,0,,,0,,,0,,,0,,,0
can,iql,175000,0.038918239530175876,0.0010596570373161878,3,,,0,,,0,,,0,,,0,,,0,,,0,,,0,,,0,,,0,,,0
can,iql,180000,0.039293262067561306,0.0013172397195847802,3,,,0,,,0,,,0,,,0,,,0,,,0,,,0,,,0,,,0,,,0
can,iql,185000,0.03887263916432854,0.0007943356693110291,3,,,0,,,0,,,0,,,0,,,0,,,0,,,0,,,0,,,0,,,0
can,iql,190000,0.03880580429298178,0.0009238454664623185,3,,,0,,,0,,,0,,,0,,,0,,,0,,,0,,,0,,,0,,,0
can,iql,195000,0.038433362189680284,0.0009761064750507145,3,,,0,,,0,,,0,,,0,,,0,,,0,,,0,,,0,,,0,,,0
can,iql,200000,0.0379735077110429,0.0009565534223416689,3,,,0,,,0,,,0,,,0,,,0,,,0,,,0,,,0,,,0,,,0
can,iql,205000,0.03780438778921958,0.0009304369999190486,3,,,0,,,0,,,0,,,0,,,0,,,0,,,0,,,0,,,0,,,0
can,iql,210000,0.03747082281236843,0.0009276372334490411,3,,,0,,,0,,,0,,,0,,,0,,,0,,,0,,,0,,,0,,,0
can,iql,215000,0.037200595013176345,0.0004878362628293848,3,,,0,,,0,,,0,,,0,,,0,,,0,,,0,,,0,,,0,,,0
can,iql,220000,0.03652187472519769,0.0008423548165196707,3,,,0,,,0,,,0,,,0,,,0,,,0,,,0,,,0,,,0,,,0
can,iql,225000,0.03646279489311074,0.0010932618939407317,3,,,0,,,0,,,0,,,0,,,0,,,0,,,0,,,0,,,0,,,0
can,iql,230000,0.03651288993035749,0.0010822887613308645,3,,,0,,,0,,,0,,,0,,,0,,,0,,,0,,,0,,,0,,,0
can,iql,235000,0.03584960362253086,0.0011887006489248282,3,,,0,,,0,,,0,,,0,,,0,,,0,,,0,,,0,,,0,,,0
can,iql,240000,0.03574937417482333,0.0012703436520692655,3,,,0,,,0,,,0,,,0,,,0,,,0,,,0,,,0,,,0,,,0
can,iql,245000,0.035247097431371575,0.0012395324023897886,3,,,0,,,0,,,0,,,0,,,0,,,0,,,0,,,0,,,0,,,0
can,iql,250000,0.034873134968802275,0.0015210709764433433,3,,,0,,,0,,,0,,,0,,,0,,,0,,,0,,,0,,,0,,,0
can,iql,255000,0.035178768079106956,0.0016015191923927645,3,,,0,,,0,,,0,,,0,,,0,,,0,,,0,,,0,,,0,,,0
can,iql,260000,0.03491686400957401,0.0015733487417721207,3,,,0,,,0,,,0,,,0,,,0,,,0,,,0,,,0,,,0,,,0
can,iql,265000,0.034827756811864626,0.00164299876240814,3,,,0,,,0,,,0,,,0,,,0,,,0,,,0,,,0,,,0,,,0
can,iql,270000,0.03463131106303378,0.0018351526210938554,3,,,0,,,0,,,0,,,0,,,0,,,0,,,0,,,0,,,0,,,0
can,iql,275000,0.034093287990738866,0.0017683141680318488,3,,,0,,,0,,,0,,,0,,,0,,,0,,,0,,,0,,,0,,,0
can,iql_linear,0,0.3769571658223867,,1,-14.516820430755615,,1,51.887495040893555,,1,0.5431269109249115,,1,0.36001987755298615,,1,0.1236397959291935,,1,-0.1981071196496486,,1,0.779112,,1,,,0,,,0,14.516820430755615,,1
can,iql_linear,5000,0.0883257533423602,,1,-4.056760706007481,,1,44.12285804748535,,1,0.6046736240386963,,1,0.7099019140005112,,1,0.2043457143008709,,1,-0.33113774657249445,,1,0.7455120000000001,,1,,,0,,,0,4.056760706007481,,1
can,iql_linear,10000,0.04937076852656895,,1,-0.017544679343700395,,1,-12.767401218414307,,1,0.6281967163085938,,1,0.821747899055481,,1,0.2413155771791935,,1,-0.3652578294277191,,1,0.7119120000000001,,1,,,0,,,0,0.017544679343700395,,1
can,iql_linear,15000,0.051704006409272474,,1,-0.1505579650402069,,1,-39.147772789001465,,1,0.6268843710422516,,1,0.8173142522573471,,1,0.2395717166364193,,1,-0.36539941281080246,,1,0.678312,,1,,,0,,,0,0.1505579650402069,,1
can,iql_linear,20000,0.05083663221448655,,1,-0.09459292888641359,,1,-35.37117290496826,,1,0.6222599744796753,,1,0.814182847738266,,1,0.2360491193830967,,1,-0.37684683501720423,,1,0.644712,,1,,,0,,,0,0.09459292888641359,,1
can,iql_linear,25000,0.049409199506044346,,1,-0.29895735532045364,,1,-34.97083759307861,,1,0.6252884119749069,,1,0.8098956942558289,,1,0.2348632924258709,,1,-0.37393304705619806,,1,0.6111120000000001,,1,,,0,,,0,0.29895735532045364,,1
can,iql_linear,30000,0.047438357323408065,,1,0.3811548322439194,,1,-34.931026458740234,,1,0.6293591976165771,,1,0.8231560826301575,,1,0.24405693113803864,,1,-0.36264768242835993,,1,0.5733119999999999,,1,,,0,,,0,-0.3811548322439194,,1
can,iql_linear,35000,0.0529872578568756,,1,0.005334265530109419,,1,-30.278319358825684,,1,0.6294651180505753,,1,0.8190547823905945,,1,0.2414202094078064,,1,-0.370614655315876,,1,0.535512,,1,,,0,,,0,-0.005334265530109419,,1
can,iql_linear,40000,0.05135788521729402,,1,-0.29195570200681686,,1,-24.411244869232178,,1,0.6245859265327454,,1,0.8064953684806824,,1,0.2363630123436451,,1,-0.3719624727964401,,1,0.501912,,1,,,0,,,0,0.29195570200681686,,1
can,iql_linear,45000,0.04873485136777157,,1,0.11055891774594778,,1,-27.133409023284912,,1,0.6249320209026337,,1,0.8146147429943085,,1,0.2374093271791935,,1,-0.3799322098493576,,1,0.468312,,1,,,0,,,0,-0.11055891774594778,,1
can,iql_linear,50000,0.04814256876707072,,1,0.2919507212936878,,1,-25.70589780807495,,1,0.6283960342407227,,1,0.8147408217191696,,1,0.242082878947258,,1,-0.3828325644135475,,1,0.434712,,1,,,0,,,0,-0.2919507212936878,,1
can,iql_linear,55000,0.04630437763407823,,1,-0.5271356366574764,,1,-26.236233711242676,,1,0.6215576827526093,,1,0.7970357984304428,,1,0.2328404113650322,,1,-0.37564007192850113,,1,0.40111199999999997,,1,,,0,,,0,0.5271356366574764,,1
can,iql_linear,60000,0.0433805482834577,,1,0.2820395588874817,,1,-26.443505096435548,,1,0.628976845741272,,1,0.8223714709281922,,1,0.24375001192092896,,1,-0.37817221879959106,,1,0.36331199999999997,,1,,,0,,,0,-0.2820395588874817,,1
can,iql_linear,65000,0.040346862142905546,,1,0.2711087092757225,,1,-29.893340587615967,,1,0.6226582825183868,,1,0.8142291307449341,,1,0.2403390184044838,,1,-0.3823452517390251,,1,0.32551199999999997,,1,,,0,,,0,-0.2711087092757225,,1
can,iql_linear,70000,0.03910838221199805,,1,0.13794546574354172,,1,-29.389245986938477,,1,0.6247041970491409,,1,0.8040156662464142,,1,0.2377232238650322,,1,-0.38497561961412424,,1,0.29191199999999995,,1,,,0,,,0,-0.13794546574354172,,1
can,iql_linear,75000,0.0382129314821213,,1,0.10936816409230238,,1,-32.04775047302246,,1,0.6222255080938339,,1,0.8011095076799393,,1,0.2329450435936451,,1,-0.39072486013174057,,1,0.258312,,1,,,0,,,0,-0.10936816409230238,,1
can,iql_linear,80000,0.03806276102550325,,1,0.2894025444984436,,1,-28.99858045578003,,1,0.6248876750469208,,1,0.8090164810419083,,1,0.2386997863650322,,1,-0.3860537260770798,,1,0.22471199999999994,,1,,,0,,,0,-0.2894025444984436,,1
can,iql_linear,85000,0.03654369227588172,,1,-0.13350778818130493,,1,-28.885894298553467,,1,0.6203321218490601,,1,0.7982632219791412,,1,0.2321428656578064,,1,-0.3892349675297737,,1,0.19111199999999995,,1,,,0,,,0,0.13350778818130493,,1
can,iql_linear,90000,0.0366194355115294,,1,0.014216837286949146,,1,-26.48355598449707,,1,0.6224601745605469,,1,0.7964496493339539,,1,0.23448662161827089,,1,-0.3916865050792694,,1,0.15331199999999995,,1,,,0,,,0,-0.014216837286949146,,1
can,iql_linear,95000,0.03693972197361285,,1,-0.8479800149798393,,1,-22.471118450164795,,1,0.6180142313241959,,1,0.774836465716362,,1,0.2257603332400322,,1,-0.3907395154237747,,1,0.11551199999999995,,1,,,0,,,0,0.8479800149798393,,1
can,iql_linear,100000,0.0364150456618517,,1,0.1073852963745594,,1,-24.381617069244385,,1,0.6227176487445831,,1,0.8017514646053314,,1,0.2344098873436451,,1,-0.3962911143898964,,1,0.0999999999999999,,1,,,0,,,0,-0.1073852963745594,,1
can,iql_linear,105000,0.03545234133489428,,1,0.09701699018478394,,1,-22.09669828414917,,1,0.6238812804222107,,1,0.7966368347406387,,1,0.2334333248436451,,1,-0.3967010974884033,,1,0.0999999999999999,,1,,,0,,,0,-0.09701699018478394,,1
can,iql_linear,110000,0.034756471356376974,,1,0.026103055104613304,,1,-22.495044231414795,,1,0.6239170730113983,,1,0.7995990514755249,,1,0.234758660197258,,1,-0.3931958451867103,,1,0.0999999999999999,,1,,,0,,,0,-0.026103055104613304,,1
can,iql_linear,115000,0.0325059126131236,,1,0.0759086236357689,,1,-23.683953285217285,,1,0.6253580749034882,,1,0.7975260764360428,,1,0.2351074330508709,,1,-0.3935123607516289,,1,0.0999999999999999,,1,,,0,,,0,-0.0759086236357689,,1
can,iql_linear,120000,0.03243121210485692,,1,0.03936806321144104,,1,-26.374586486816405,,1,0.6238598465919495,,1,0.797746479511261,,1,0.2324218839406967,,1,-0.39415944218635557,,1,0.0999999999999999,,1,,,0,,,0,-0.03936806321144104,,1
can,iql_linear,125000,0.0318178641609847,,1,-0.1771503537893295,,1,-26.18925380706787,,1,0.6224270612001419,,1,0.7935067117214203,,1,0.2362583801150322,,1,-0.39569752663373947,,1,0.0999999999999999,,1,,,0,,,0,0.1771503537893295,,1
can,iql_linear,130000,0.032128725945949524,,1,0.5466017425060272,,1,-27.640278339385986,,1,0.6269632875919342,,1,0.805166482925415,,1,0.2387346625328064,,1,-0.4026108533143997,,1,0.0999999999999999,,1,,,0,,,0,-0.5466017425060272,,1
can,iql_linear,135000,0.032289408007636605,,1,-0.5049867853522301,,1,-24.322919845581055,,1,0.6199923455715179,,1,0.7847780734300613,,1,0.2300153560936451,,1,-0.39241173118352884,,1,0.0999999999999999,,1,,,0,,,0,0.5049867853522301,,1
can,iql_linear,140000,0.03298017894849178,,1,0.05495833978056902,,1,-26.10888385772705,,1,0.6217866390943527,,1,0.7960428148508072,,1,0.235491082072258,,1,-0.40033145993947983,,1,0.0999999999999999,,1,,,0,,,0,-0.05495833978056902,,1
can,iql_linear,145000,0.032455112785100895,,1,-0.34599002450704575,,1,-23.920348644256592,,1,0.6224236786365509,,1,0.786664217710495,,1,0.2320382371544838,,1,-0.4019388407468796,,1,0.0999999999999999,,1,,,0,,,0,0.34599002450704575,,1
can,iql_linear,150000,0.03212311953306194,,1,-0.9919539511203765,,1,-22.34183120727539,,1,0.6161779403686524,,1,0.7645991563796997,,1,0.2223772406578064,,1,-0.39686905145645135,,1,0.0999999999999999,,1,,,0,,,0,0.9919539511203765,,1
can,iql_linear,155000,0.03303679032251235,,1,0.03053952753543851,,1,-23.144532203674316,,1,0.6228692978620529,,1,0.8003784567117691,,1,0.2282017357647419,,1,-0.4135434776544571,,1,0.0999999999999999,,1,,,0,,,0,-0.03053952753543851,,1
can,iql_linear,160000,0.03190168254077432,,1,-0.5940328612923622,,1,-21.174948692321777,,1,0.6189267635345459,,1,0.7856369912624359,,1,0.2272949330508709,,1,-0.4021989703178406,,1,0.0999999999999999,,1,,,0,,,0,0.5940328612923622,,1
can,iql_linear,165000,0.0305080623598769,,1,-0.02292468771338463,,1,-22.471962451934814,,1,0.6229023188352585,,1,0.787770539522171,,1,0.2305733934044838,,1,-0.4010106548666954,,1,0.0999999999999999,,1,,,0,,,0,0.02292468771338463,,1
can,iql_linear,170000,0.030231186468154127,,1,-0.5285936444997787,,1,-23.05336332321167,,1,0.6199499666690826,,1,0.7826840132474899,,1,0.2300153560936451,,1,-0.4075336679816246,,1,0.0999999999999999,,1,,,0,,,0,0.5285936444997787,,1
can,iql_linear,175000,0.0305579829961061,,1,-1.1722952127456665,,1,-21.12424659729004,,1,0.6165117025375366,,1,0.767049252986908,,1,0.2216797024011612,,1,-0.3964401185512543,,1,0.0999999999999999,,1,,,0,,,0,1.1722952127456665,,1
can,iql_prefill,0,0.3769893764828642,0.0005554592335393795,3,-14.829164425532023,0.15960057467613245,3,46.20793660481771,2.393570850151231,3,0.5429417689641317,0.0023936511733735383,3,0.3529663135608037,0.004929410812390129,3,0.1210705041885376,0.0036736803548791976,3,-0.19498774409294126,0.003332860435156756,3,0.9016336547812588,0.0,3,,,0,,,0,14.829164425532023,0.15960057467613245,3
can,iql_prefill,5000,0.07651764505232368,0.001454015026279374,3,-5.326621989409129,0.20912667980477437,3,17.055142750342686,4.572799273912379,3,0.5955736736456553,0.0006050284920872056,3,0.6731578161319097,0.004252658134820776,3,0.1962658204138279,0.001251914841565219,3,-0.31029732525348663,0.003584892285177312,3,0.8861334000221387,0.0,3,,,0,,,0,5.326621989409129,0.20912667980477437,3
can,iql_prefill,10000,0.04608481082444383,0.005029644601157919,3,-0.23007075736920038,0.09575087958973752,3,-35.23258392016093,6.043225824276761,3,0.6248306930065155,0.0012686235803864184,3,0.812749500075976,0.0037763920391362276,3,0.23601424073179564,0.0006459349428599044,3,-0.37189086774985,0.001737005102538788,3,0.8711570889447849,0.0,3,,,0,,,0,0.23007075736920038,0.09575087958973752,3
can,iql_prefill,15000,0.052217686424652694,0.0022760257523118214,3,0.19981233278910318,0.06959648588148588,3,-53.95104153951009,3.5214570402243375,3,0.6295049240191778,0.0007350167186228769,3,0.8178552538156509,0.002605548750702212,3,0.24429176996151605,0.0006636880032278969,3,-0.364699291686217,0.003914135572185531,3,0.8566785967910797,0.0,3,,,0,,,0,-0.19981233278910318,0.06959648588148588,3
can,iql_prefill,20000,0.050858008783931485,0.0001813233758486665,3,0.2297833456347386,0.13595113682017587,3,-57.433640797932945,2.72900128713606,3,0.6295862545569738,0.0012594142135224544,3,0.8192226638396581,0.0033351143114610086,3,0.2444661557674408,0.0011124921563963471,3,-0.367589404185613,0.0042618599765402495,3,0.8426735072787791,0.0,3,,,0,,,0,-0.2297833456347386,0.13595113682017587,3
can,iql_prefill,25000,0.048390069122736606,0.0015304044613801318,3,-0.184328468516469,0.11021305923591283,3,-56.29098765055338,2.4755109812810674,3,0.6282145728667577,0.0011237933619437064,3,0.8134088565905889,0.003407987280178109,3,0.2418503649532795,0.0030208130177536677,3,-0.36241857210795086,0.00399233202966229,3,0.8291189751842606,0.0,3,,,0,,,0,0.184328468516469,0.11021305923591283,3
can,iql_prefill,30000,0.045391066968440974,0.0013995664028220135,3,-0.24088559746742247,0.1823233880939834,3,-54.43431498209636,2.460528237958257,3,0.6275470852851868,0.0017026451233254929,3,0.8095017949740092,0.004738573766903824,3,0.23903460899988813,0.00197301870230735,3,-0.36834580699602765,0.00063208044590363,3,0.8143916212247237,0.0,3,,,0,,,0,0.24088559746742247,0.1823233880939834,3
can,iql_prefill,35000,0.04418305099631345,0.0008447100011418801,3,-0.07785740618904434,0.11937939955982584,3,-52.88801574707031,2.408400496264273,3,0.6294508626063665,0.0011121577415679654,3,0.8160994698603948,0.0021178698794352435,3,0.24388487016161284,0.00043762864014920645,3,-0.36541498949130374,0.002526604536280484,3,0.8001599416781972,0.0,3,,,0,,,0,0.07785740618904434,0.11937939955982584,3
can,iql_prefill,40000,0.04385733346765236,0.0013698502118543372,3,-0.04419352672994139,0.31782045510796714,3,-47.52242501576742,1.801819911427051,3,0.6299765954415003,0.0019873063614462734,3,0.8160091390212377,0.008768461789774409,3,0.2424432784318924,0.001531733129212476,3,-0.3650120173891385,0.005132121859813125,3,0.7879286821904739,0.0,3,,,0,,,0,0.04419352672994139,0.31782045510796714,3
can,iql_prefill,45000,0.042378056903059236,0.0014016084103196343,3,-0.41753920540213585,0.053753221469140196,3,-46.296884536743164,2.499894941992319,3,0.6312818129857382,0.0012157998439298586,3,0.8127085268497467,0.0005107822840111734,3,0.24328033005197844,0.0014498657741215152,3,-0.35739822934071225,0.003318492080415991,3,0.7760657338259286,0.0,3,,,0,,,0,0.41753920540213585,0.053753221469140196,3
can,iql_prefill,50000,0.042224084228898055,0.002014873260289082,3,0.2881602694590886,0.12579368192007404,3,-45.88254578908285,2.033062693185621,3,0.6327205548683802,0.0013524171693463497,3,0.8250577847162882,0.0037220808179454575,3,0.24693081776301065,0.0021278930297694153,3,-0.3652155051628749,0.007492992686725309,3,0.7645547070300119,0.0,3,,,0,,,0,-0.2881602694590886,0.12579368192007404,3
can,iql_prefill,55000,0.04160828970683114,0.002228109589131367,3,0.33830528520047665,0.20123808412392197,3,-43.45307636260986,2.0385168090735912,3,0.6338470379511515,0.0020459333356672815,3,0.8254062483708063,0.00687504399178871,3,0.24876768266161284,0.0019240862467272807,3,-0.36620186269283295,0.002758976088954684,3,0.7533801704805437,0.0,3,,,0,,,0,-0.33830528520047665,0.20123808412392197,3
can,iql_prefill,60000,0.040813968243698234,0.0020566982303127307,3,-0.13238924940427144,0.19820496748878114,3,-41.301621246337895,0.8674893804330044,3,0.6321802934010824,0.0025129182163823776,3,0.8156100908915201,0.00394086972883943,3,0.24509859879811605,0.0029233627718627834,3,-0.36400185227394105,0.0016275856640874898,3,0.7412001374139843,0.0,3,,,0,,,0,0.13238924940427144,0.19820496748878114,3
can,iql_prefill,65000,0.04003693818425134,0.0016281511168384452,3,0.26552057762940723,0.2530550459903889,3,-40.82783476511637,1.0584105683037341,3,0.6333962132533392,0.0018599814013589907,3,0.8197336395581564,0.004962356423019435,3,0.246012382209301,0.003198855249724193,3,-0.3694394181172053,0.0012539278245192052,3,0.7293937644995804,0.0,3,,,0,,,0,-0.26552057762940723,0.2530550459903889,3
can,iql_prefill,70000,0.040570034692063876,0.0011892385741861678,3,0.009225436796744655,0.051940150286767836,3,-40.48642222086588,1.0613002275039938,3,0.6309103717406591,0.0002454527367322566,3,0.8144802202781042,0.000662025380857628,3,0.24252465988198915,0.0005055513517021156,3,-0.3635391866167386,0.0028464214123584664,3,0.7192165753454235,0.0,3,,,0,,,0,-0.009225436796744655,0.051940150286767836,3
can,iql_prefill,75000,0.041159902000799733,0.0019916842824590246,3,0.06621709714333217,0.0853383798035519,3,-39.125606536865234,1.1054312484614566,3,0.6331758151451746,0.0008820436040335097,3,0.8164797325929006,0.002318776730108534,3,0.24351284777124724,0.0006789871600151482,3,-0.3699631343285243,0.0020685919483230597,3,0.7093194856483516,0.0,3,,,0,,,0,-0.06621709714333217,0.0853383798035519,3
can,iql_prefill,80000,0.041058376757427996,0.002260850998143454,3,0.12933821541567644,0.148986997713997,3,-37.38321876525879,1.5426073528077824,3,0.633462389310201,0.0012000502455479453,3,0.8187031596899033,0.0069774836918851954,3,0.24448941027124724,0.0015570268068418388,3,-0.3699535975853602,0.001496146407984215,3,0.6996910887467526,0.0,3,,,0,,,0,-0.12933821541567644,0.148986997713997,3
can,iql_prefill,85000,0.03949187546968455,0.0008078177920585936,3,-0.0027716358502705707,0.15981591392895378,3,-37.69441286722819,0.4311306115804765,3,0.6323294242223104,0.0011633838575387401,3,0.8161158859729767,0.001476196061255401,3,0.24519857888420424,0.0031716139974183794,3,-0.366683488090833,0.0011874649802674395,3,0.6903205890532563,0.0,3,,,0,,,0,0.0027716358502705707,0.15981591392895378,3
can,iql_prefill,90000,0.038766326233744576,0.0005543911109612634,3,-0.18490708768367767,0.10569341440893996,3,-35.29796193440755,0.717947081408672,3,0.6301992694536844,0.0015948518741903533,3,0.8117496331532795,0.0012300653634275223,3,0.2425595353047053,0.0012029447014269949,3,-0.367107743024826,0.0011292155773434504,3,0.6800798835063336,0.0,3,,,0,,,0,0.18490708768367767,0.10569341440893996,3
can,iql_prefill,95000,0.038334968732669915,0.0003983209353401339,3,-0.10850667456785838,0.30199468253777206,3,-34.77708212534586,1.6003543602296233,3,0.6305692394574484,0.0030007314968491187,3,0.8095144629478455,0.006832897631275395,3,0.2431408204138279,0.0033929851608610266,3,-0.3689992179473241,0.003914104139507208,3,0.6701278003611019,0.0,3,,,0,,,0,0.10850667456785838,0.30199468253777206,3
can,iql_prefill,100000,0.0383897854170451,0.0002120933752115613,3,0.014806350072224935,0.14602940105734502,3,-35.61921294530233,1.7076740375561859,3,0.6318838546673456,0.000790585845619445,3,0.8105180263519287,0.0058553289841883575,3,0.24391974757115045,0.0016416186654751507,3,-0.3706299389402072,0.005863612383106604,3,0.6615275587780353,0.0,3,,,0,,,0,-0.014806350072224935,0.14602940105734502,3
can,iql_prefill,105000,0.037993874602640615,0.0004388017172165543,3,-0.304744607458512,0.29429926501710596,3,-33.41256284713745,1.4969477148832686,3,0.6313007871309916,0.0029576929597614904,3,0.8078770289818445,0.010650982558046213,3,0.2411644458770752,0.0047736929937435444,3,-0.3685206398367882,0.002153206299732017,3,0.6531452692418841,0.0,3,,,0,,,0,0.304744607458512,0.29429926501710596,3
can,iql_prefill,110000,0.038124542869627444,0.0008467592548203861,3,-0.0049061800042788,0.08414401857326573,3,-33.38676039377848,2.197853328740267,3,0.6313352584838867,0.0017080291851603985,3,0.8145010769367218,0.0005920792663413176,3,0.24336170901854834,0.003311340105133799,3,-0.36966363340616226,0.004216822382070044,3,0.6449727501321119,0.0,3,,,0,,,0,0.0049061800042788,0.08414401857326573,3
can,iql_prefill,115000,0.037454233691096274,0.0010118923020723313,3,-0.06672925129532814,0.11057792999162933,3,-33.586942195892334,1.4863403605067065,3,0.6320131073395411,0.002194653203628497,3,0.8103603273630142,0.004654709820653403,3,0.2421875111758709,0.0029848042851538027,3,-0.3707383796572685,0.0019056935096174045,3,0.637002224274678,0.0,3,,,0,,,0,0.06672925129532814,0.11057792999162933,3
can,iql_prefill,120000,0.03740866452455516,0.0009318979144087587,3,0.11754283607006073,0.30437750868123675,3,-32.86176363627116,2.437102190999424,3,0.6331995646158854,0.0013387633960012287,3,0.8130081534385681,0.008876632929569585,3,0.2457217405239741,0.0024613387624923865,3,-0.3731919944286346,0.00406250427335906,3,0.6282720061682567,0.0,3,,,0,,,0,-0.11754283607006073,0.30437750868123675,3
can,iql_prefill,125000,0.036985348879049175,0.0010218553127148032,3,-0.22882657001415888,0.2964761281956416,3,-32.33507013320923,2.031329939003388,3,0.6308669000864029,0.0034116489606801064,3,0.8094271471103033,0.005875104681155157,3,0.24219913656512895,0.004190124593890599,3,-0.3709692284464836,0.003930974004911459,3,0.6197693385250503,0.0,3,,,0,,,0,0.22882657001415888,0.2964761281956416,3
can,iql_prefill,130000,0.036872103282560874,0.0007651236272935125,3,0.5309241240223249,0.08910127456845074,3,-31.181962807973225,1.232165646212236,3,0.6352002769708633,0.0009510500337161943,3,0.8234647462765375,0.00166269740691539,3,0.2498372495174408,0.00147715753048485,3,-0.3773069530725479,0.00024460063377860087,3,0.6124060164713749,0.0,3,,,0,,,0,-0.5309241240223249,0.08910127456845074,3
can,iql_prefill,135000,0.03688845614281788,0.0010031289079563996,3,0.03073262547453245,0.19637375484051436,3,-31.947221755981445,0.9039992525200472,3,0.631983016928037,0.0006390680659606529,3,0.8158607631921768,0.004409196266150493,3,0.24172248070438704,0.0013954286982004295,3,-0.37419480333725613,0.004397237805270289,3,0.6052156055065047,0.0,3,,,0,,,0,-0.03073262547453245,0.19637375484051436,3
can,iql_prefill,140000,0.03669026084244247,0.0010321693551761904,3,-0.1433130204677582,0.1493333004319233,3,-31.807119528452557,2.225011606536397,3,0.6305105288823446,0.00041732512631314155,3,0.8075185666481653,0.003985452818528409,3,0.23967635010679564,0.0005235438663543548,3,-0.3744177396098773,0.004244960342146721,3,0.5981920856065945,0.0,3,,,0,,,0,0.1433130204677582,0.1493333004319233,3
can,iql_prefill,145000,0.03651296963604784,0.0009036312752813613,3,0.3660014073053996,0.16490083942397415,3,-32.13486878077189,1.053069599754462,3,0.6342012484868368,0.002827834023795346,3,0.8165941288073858,0.005885451102971031,3,0.2475237287580967,0.0015363185236509952,3,-0.37292057772477466,0.001135556914059874,3,0.5913297129999757,0.0,3,,,0,,,0,-0.3660014073053996,0.16490083942397415,3
can,iql_prefill,150000,0.035894293400148485,0.0007133431384599713,3,-0.2438403805096944,0.3251201209045035,3,-29.655185572306312,1.1687373637028047,3,0.6285378376642863,0.0021217539492295635,3,0.8013964494069418,0.004271565170771358,3,0.24107143878936768,0.002859399903124712,3,-0.3707433760166168,0.002210959920413844,3,0.5837988578217326,0.0,3,,,0,,,0,0.2438403805096944,0.3251201209045035,3
can,iql_prefill,155000,0.035207936804120675,0.0006482023424935341,3,0.03314272190133732,0.026714663376649114,3,-30.254004796346027,0.8735582843377718,3,0.6310597211122513,0.0020853885283461868,3,0.807019387682279,0.001859952762669119,3,0.24102493499716124,0.0023231417303049232,3,-0.37736322234074277,0.003139353133564939,3,0.5764505652679681,0.0,3,,,0,,,0,-0.03314272190133732,0.026714663376649114,3
can,iql_prefill,160000,0.03482525489913916,0.0005458026407505541,3,0.1092816603680452,0.161757906103264,3,-30.55331627527873,0.5207038394844614,3,0.6325619618097941,0.0016709919212187878,3,0.8094403296709061,0.00543853040827279,3,0.24518695349494615,0.0016224492462058363,3,-0.3729410395026207,0.002223636925690993,3,0.5700753051705489,0.0,3,,,0,,,0,-0.1092816603680452,0.161757906103264,3
can,iql_prefill,165000,0.03475857459319131,0.0007720065303414586,3,-0.19067850212256113,0.19937778642006862,3,-30.858065446217854,1.1518215354426884,3,0.6296229114135107,0.0024467400070246805,3,0.8000685125589371,0.005629102958889399,3,0.23989723746975264,0.0014090185135264186,3,-0.37371385594209033,0.0005634093572838833,3,0.5638395183753055,0.0,3,,,0,,,0,0.19067850212256113,0.19937778642006862,3
can,iql_prefill,170000,0.03420111445399617,0.0008972301607965237,3,0.32226911808053654,0.15328175365191554,3,-29.569963614145916,1.0764552920051074,3,0.6326256493727366,0.0024694207764151366,3,0.8102479229370753,0.0029354455903561807,3,0.24537296344836554,0.0019540931507390225,3,-0.3791215568780899,0.0029440852713519374,3,0.5577386774214738,0.0,3,,,0,,,0,-0.32226911808053654,0.15328175365191554,3
can,iql_prefill,175000,0.033789953465263,0.0011442381300306782,3,-0.44258342186609906,0.2616017893717556,3,-29.27530860900879,0.5968249746267984,3,0.6261119643847147,0.0013349194180427592,3,0.7996536294619242,0.008617870442310058,3,0.23465402921040854,0.003921993156738095,3,-0.37321630120277405,0.0015393450443407662,3,0.5539872465429534,0.0,3,,,0,,,0,0.44258342186609906,0.2616017893717556,3
can,mix_fixed,0,0.3744454033672809,0.00016788011512492375,3,-16.518505891164143,0.056736829471592996,3,112.85081609090169,0.9971686205446225,3,0.5284058650334676,0.001126322436709968,3,0.22809941042214632,0.011960870762340727,3,0.10754976359506448,0.0014914980541030005,3,-0.1764392939706643,0.0043430273899677,3,0.5,0.0,3,,,0,,,0,16.518505891164143,0.056736829471592996,3
can,mix_fixed,5000,0.09124143226072186,0.0023533888603448233,3,-2.9596335366368294,0.5669333139731813,3,65.50479284922282,2.936393910123556,3,0.5982948243618011,0.0024210295245743287,3,0.7128495872020721,0.012443446097134058,3,0.19417318577567735,0.0008524929301541725,3,-0.4035257821281751,0.01987189030797894,3,0.5,0.0,3,,,0,,,0,2.9596335366368294,0.5669333139731813,3
can,mix_fixed,10000,0.07495839856564995,0.0030336387221943316,3,0.5926708877086639,0.41517682758664903,3,16.35337796310584,3.755676849456457,3,0.6129412750403086,0.0026000968594791832,3,0.7951507220665613,0.010853378758609469,3,0.21738979841272035,0.0044690522355929786,3,-0.46143106122811633,0.004974514830667224,3,0.5,0.0,3,,,0,,,0,-0.5926708877086639,0.41517682758664903,3
can,mix_fixed,15000,0.08175627741341784,0.004070397156632114,3,0.33187320828437805,0.6726828033212188,3,-16.136314223210018,5.294518262500303,3,0.6153011173009872,0.0011552723093654746,3,0.7970670859018961,0.01149324826836707,3,0.22259812926252684,0.0009535231091961031,3,-0.42952848225831985,0.02499602919588292,3,0.5,0.0,3,,,0,,,0,-0.33187320828437805,0.6726828033212188,3
can,mix_fixed,20000,0.07591654943923153,0.004862212939211359,3,-0.1670624123265346,0.2191321992191343,3,-24.810611804326374,5.301475169337091,3,0.6145775417486826,0.0029276440807425395,3,0.7934469431638718,0.004649490658943696,3,0.2234235592186451,0.0018828330004672896,3,-0.40478578209877014,0.011751125597644107,3,0.5,0.0,3,,,0,,,0,0.1670624123265346,0.2191321992191343,3
can,mix_fixed,25000,0.0673218637394408,0.005082593717013476,3,0.12682758644223213,0.18918813454201394,3,-27.092434724171955,5.473204969034244,3,0.6220214366912842,0.0011601652251896786,3,0.8118388702472051,0.0021990654934689094,3,0.23218936969836554,0.0022959284399959113,3,-0.39203382035096485,0.005174008830084773,3,0.5,0.0,3,,,0,,,0,-0.12682758644223213,0.18918813454201394,3
can,mix_fixed,30000,0.06062226490428046,0.004291976273906498,3,-0.0859996090332667,0.2262089167237943,3,-26.12218240102132,5.901460522060241,3,0.6210816740989685,0.0006086948130265726,3,0.8059937278429667,0.005676299073836473,3,0.2310732990503311,0.0018863709884181254,3,-0.3883297979831695,0.004986463794087922,3,0.5,0.0,3,,,0,,,0,0.0859996090332667,0.2262089167237943,3
can,mix_fixed,35000,0.051474106808503416,0.003260843395589903,3,-0.30449046070377034,0.30821005539459473,3,-26.57052532831828,4.7272918979433705,3,0.6204207936922709,0.0017225347912476947,3,0.8057220727205276,0.005474358127393534,3,0.2307942807674408,0.0034993497339198365,3,-0.3861244097352028,0.002982545556904251,3,0.5,0.0,3,,,0,,,0,0.30449046070377034,0.30821005539459473,3
can,mix_fixed,40000,0.04944384971943989,0.0025550226249619976,3,-0.5562373846769333,0.22976846164625697,3,-27.498914400736492,4.909949041427933,3,0.6213915944099426,0.0009038902932277416,3,0.8012463500102361,0.007844325541421667,3,0.231340691447258,0.0032460827756888924,3,-0.376800795396169,0.0010088957942605155,3,0.5,0.0,3,,,0,,,0,0.5562373846769333,0.22976846164625697,3
can,mix_fixed,45000,0.04654804823609685,0.0022938611636553435,3,-0.04167751719554264,0.28443945235950674,3,-29.304383118947346,3.943674087531201,3,0.6245983292659124,0.0026481620658233684,3,0.812982365489006,0.009853596084445729,3,0.23763021702567735,0.0036880007460656783,3,-0.37998677293459576,0.0008775728019630535,3,0.5,0.0,3,,,0,,,0,0.04167751719554264,0.28443945235950674,3
can,mix_fixed,50000,0.043768717767670696,0.001822518224732068,3,0.031256094574928284,0.14100509134203532,3,-30.02550808588664,3.083593168653638,3,0.6261502554019293,7.662755313989834e-05,3,0.8133108665545782,0.004464213262266155,3,0.23736282686392465,0.0014250431151016216,3,-0.37995224942763645,0.0041210334224311505,3,0.5,0.0,3,,,0,,,0,-0.031256094574928284,0.14100509134203532,3
can,mix_fixed,55000,0.04192085512913759,0.0024098816135201353,3,0.6089063261946043,0.14677902523113867,3,-33.265793800354004,1.175524820171485,3,0.6289821763833364,0.00228590264935987,3,0.8310413658618927,0.008088618690859192,3,0.2461635172367096,0.0033270755072828985,3,-0.3778829574584961,0.004611782754285113,3,0.5,0.0,3,,,0,,,0,-0.6089063261946043,0.14677902523113867,3
can,mix_fixed,60000,0.040217607542872374,0.0018188825112819354,3,0.006290975213050849,0.22140987044243668,3,-32.31444269816081,1.7681957474090169,3,0.6259076078732808,0.0010805680139717938,3,0.814475679397583,0.008094332123520696,3,0.23972285191218057,0.0023856880282072004,3,-0.3801837146282196,0.0016700031699483026,3,0.5,0.0,3,,,0,,,0,-0.006290975213050849,0.22140987044243668,3
can,mix_fixed,65000,0.039175815212850726,0.0018710696239264701,3,-0.087176909049352,0.4102394775717286,3,-32.65037171045939,1.0449219774168403,3,0.6263760924339294,0.003843176664032509,3,0.8121730933586756,0.012500411502975603,3,0.23643276592095694,0.006135354605732874,3,-0.3790167222420375,0.002198987215610007,3,0.5,0.0,3,,,0,,,0,0.087176909049352,0.4102394775717286,3
can,mix_fixed,70000,0.03841044621852533,0.0015228158684114216,3,0.307000357657671,0.1869795820976047,3,-33.49850273132324,0.991712063380794,3,0.6271745363871256,0.0025723472633286328,3,0.815546249349912,0.010207406211437689,3,0.2431757003068924,0.003561595917838212,3,-0.3803776105244954,0.0033561946913819724,3,0.5,0.0,3,,,0,,,0,-0.307000357657671,0.1869795820976047,3
can,mix_fixed,75000,0.03738301216314233,0.001674998047180591,3,0.43065278852979344,0.07732139492345802,3,-33.44831132888794,1.034761046165455,3,0.6299401670694351,0.0018615394067724622,3,0.8199210862318674,0.0031053359297124857,3,0.24357097471753755,0.0016212390437999457,3,-0.3769485801458359,0.007819572716195537,3,0.5,0.0,3,,,0,,,0,-0.43065278852979344,0.07732139492345802,3
can,mix_fixed,80000,0.03636523030387854,0.0014910865282909572,3,0.26911898081501323,0.17656062902047492,3,-32.61970520019531,2.046546158733068,3,0.6284502198298773,0.003550475860134796,3,0.8171661049127579,0.00749310149485894,3,0.2408389262855053,0.0034904171186825534,3,-0.38493039458990097,0.005504135891387571,3,0.5,0.0,3,,,0,,,0,-0.26911898081501323,0.17656062902047492,3
can,mix_fixed,85000,0.036128242965787614,0.0015935071674548086,3,-0.3373178628583749,0.18171959121928338,3,-30.676566918690998,1.38311517546934,3,0.6267739087343216,0.0018778965073458144,3,0.8064604153235754,0.005522150645125551,3,0.23737445349494615,0.0021427034359898815,3,-0.3772248749931653,0.005018732926347727,3,0.5,0.0,3,,,0,,,0,0.3373178628583749,0.18171959121928338,3
can,mix_fixed,90000,0.035764480518797985,0.0012027384320771723,3,0.23284575690825782,0.21771107210186952,3,-31.827141952514648,1.0329955647690208,3,0.6292477925618489,0.0014502060521005469,3,0.8158151706059774,0.008683839816062246,3,0.2431547741095225,0.002596832901905842,3,-0.38230372667312623,0.0010966345231852841,3,0.5,0.0,3,,,0,,,0,-0.23284575690825782,0.21771107210186952,3
can,mix_fixed,95000,0.0357391604688018,0.0010087340156863548,3,-0.09020509570837021,0.22779539352799166,3,-32.085158030192055,0.6922847127024903,3,0.6263736834128698,0.0031168845928715486,3,0.807417963941892,0.008572300055582103,3,0.23794411371151605,0.0030750250725936506,3,-0.3778952161471049,0.0030130162379814794,3,0.5,0.0,3,,,0,,,0,0.09020509570837021,0.22779539352799166,3
can,mix_fixed,100000,0.0347222248713175,0.0007644845989194335,3,0.48591665364801884,0.11860099572886564,3,-31.564688682556152,0.9565200249418447,3,0.6283907492955526,0.0025588536211870283,3,0.8236812700827917,0.00871303372135326,3,0.242617666721344,0.002332720620133189,3,-0.3848378484447797,0.0029959172199269103,3,0.5,0.0,3,,,0,,,0,-0.48591665364801884,0.11860099572886564,3
can,mix_fixed,105000,0.03444790914654727,0.0007136304264899943,3,0.036723494529724114,0.037744129934789004,3,-32.66456667582194,1.2153490105154428,3,0.6278903583685557,0.002029163424024229,3,0.8080321103334427,0.006666300973597038,3,0.2385486550629139,0.0025344918351097247,3,-0.38293734689553577,0.0012916630107807766,3,0.5,0.0,3,,,0,,,0,-0.036723494529724114,0.037744129934789004,3
can,mix_fixed,110000,0.033506911372144975,0.0005194350635871847,3,-0.015065095697840073,0.18266354538190743,3,-31.989010175069172,1.3533175367477712,3,0.6268724153439204,0.0010523179634190614,3,0.8086037635803223,0.007499866102070211,3,0.2390485592186451,0.0022149096840268032,3,-0.38215509057044983,0.0018022303494452199,3,0.5,0.0,3,,,0,,,0,0.015065095697840073,0.18266354538190743,3
can,mix_fixed,115000,0.032857768579075686,0.0007115834276939949,3,0.09213971594969432,0.07255039760052179,3,-32.9500683148702,0.7777779076389044,3,0.6284428437550863,0.0014541570498441112,3,0.8091301520665487,0.005055075737681613,3,0.23949033891161284,0.0028711358297729213,3,-0.37987211098273593,0.001591819888719559,3,0.5,0.0,3,,,0,,,0,-0.09213971594969432,0.07255039760052179,3
can,mix_fixed,120000,0.032362988951305516,0.0006699225666008785,3,0.0005778978268305377,0.2894372070225434,3,-31.959781773885094,0.7064918770065056,3,0.6268124341964721,0.0014937650270309137,3,0.8070492585500082,0.006005402438515098,3,0.23816965222358702,0.002783055818882472,3,-0.3819516718387604,0.0026792693855760296,3,0.5,0.0,3,,,0,,,0,-0.0005778978268305377,0.2894372070225434,3
can,mix_fixed,125000,0.032252685104807166,0.0005709380965230612,3,0.3642165381461382,0.4200125910986703,3,-32.66048192977905,0.979570676155511,3,0.6292234112819036,0.0020177524436388794,3,0.8180288970470428,0.005441540264716684,3,0.24250140537818274,0.002904040597282367,3,-0.38654110580682755,0.004359528832280645,3,0.5,0.0,3,,,0,,,0,-0.3642165381461382,0.4200125910986703,3
can,mix_fixed,130000,0.03212282642101242,0.0006685694575754798,3,-0.3136652068545421,0.11011576658520139,3,-31.527423699696858,0.22040070754517224,3,0.6245390623807907,0.0006219340321363071,3,0.7987973541021347,0.004572292173821125,3,0.2378394827246666,0.001050638113856972,3,-0.3802981699506442,0.0022505357743436115,3,0.5,0.0,3,,,0,,,0,0.3136652068545421,0.11011576658520139,3
can,mix_fixed,135000,0.032308907185991546,0.0007375724808037418,3,-0.1765966136008501,0.3829422401727309,3,-30.998054186503094,1.1758192430300878,3,0.6257031063238779,0.0032390341278547494,3,0.8032965262730917,0.012641022310537155,3,0.23795574034253755,0.004873892052814529,3,-0.37944545100132626,0.0021716383323581124,3,0.5,0.0,3,,,0,,,0,0.1765966136008501,0.3829422401727309,3
can,mix_fixed,140000,0.032105508850266494,0.0009067014354186679,3,0.49388790627320606,0.03611313494903667,3,-32.58641735712687,0.5424982621581079,3,0.6306321869293848,0.0007926908102381246,3,0.8181629329919815,0.00264251153557366,3,0.2441987656056881,0.001130570471349949,3,-0.38721804320812225,0.0032554187413318192,3,0.5,0.0,3,,,0,,,0,-0.49388790627320606,0.03611313494903667,3
can,mix_fixed,145000,0.03203597410271561,0.0008612879695026108,3,0.020485207438468944,0.0893871354627154,3,-30.48006518681844,0.5259558404354776,3,0.6271053701639175,0.0016122653068163179,3,0.8072706113258997,0.005137453276094069,3,0.2391183152794838,0.000793282471185498,3,-0.3847619816660881,0.0006161848378978977,3,0.5,0.0,3,,,0,,,0,-0.020485207438468944,0.0893871354627154,3
can,mix_fixed,150000,0.031889599735538114,0.0007716243609729825,3,-0.18517177700996398,0.20273554765202606,3,-31.533912150065106,0.07487096005857151,3,0.6250167886416117,0.0026210817582913307,3,0.8025537570317587,0.005681344894918116,3,0.23744420607884723,0.0028616684089958974,3,-0.38510902722676593,0.003193375251876252,3,0.5,0.0,3,,,0,,,0,0.18517177700996398,0.20273554765202606,3
can,mix_fixed,155000,0.03172839082156614,0.000404565625840277,3,-0.04866860434412954,0.1880445107633246,3,-31.271044095357258,0.4442525870846273,3,0.6270982374747595,0.0004953325860176778,3,0.805107370018959,0.0011935231688805852,3,0.23806037132938704,0.0015356984234523412,3,-0.3880238061149915,0.0019507298549762686,3,0.5,0.0,3,,,0,,,0,0.04866860434412954,0.1880445107633246,3
can,mix_fixed,160000,0.03171651183317099,0.0004869695270737564,3,-0.1622122252980868,0.1735433290899393,3,-31.420818328857422,0.6999176314274251,3,0.6267225096623102,0.0014495440786018235,3,0.7999189446369807,0.003151182474872293,3,0.2367234118282795,0.001299122865003882,3,-0.38243628789981204,0.003604892721620047,3,0.5,0.0,3,,,0,,,0,0.1622122252980868,0.1735433290899393,3
can,mix_fixed,165000,0.031134522341502158,0.00036431643460359514,3,-0.23449061810970306,0.16751288306020967,3,-30.394800821940105,0.22913513489325507,3,0.6261402666568756,0.002836867330049503,3,0.8007293144861857,0.008238911310742076,3,0.23897880191604295,0.0031662179078547547,3,-0.3827209497491519,0.002874471280909192,3,0.5,0.0,3,,,0,,,0,0.23449061810970306,0.16751288306020967,3
can,mix_fixed,170000,0.031032118185733707,0.00028076257987567037,3,-0.20487853387991586,0.1516495053580208,3,-31.42061726252238,0.9134551892324783,3,0.624941552678744,0.0017762028567831249,3,0.7993297229210535,0.0042068278015662324,3,0.2373279482126236,0.0018752070141591162,3,-0.3869771137833595,0.0003698972611043971,3,0.5,0.0,3,,,0,,,0,0.20487853387991586,0.1516495053580208,3
can,mix_fixed,175000,0.031073831083873835,0.00042844918700016965,3,0.045231719811757366,0.14002709037454192,3,-31.27409299214681,0.6303913522671364,3,0.6308546662330627,0.003883841011923288,3,0.8079313238461813,0.004692253531525647,3,0.24032739301522574,0.0031498656474439235,3,-0.3832954168319702,0.0009019887699511167,3,0.5,0.0,3,,,0,,,0,-0.045231719811757366,0.14002709037454192,3
can,mix_linear,0,0.37168823778629295,4.162374114269228e-05,3,-17.789125839869182,0.18125299167873568,3,112.64148902893066,0.41475462799807056,3,0.5191175242265066,0.0013194066230542544,3,0.16366829847296074,0.008296716990205785,3,0.09774925994376342,0.0014612867659336518,3,-0.1614168584346771,0.003390719481231014,3,0.779112,0.0,3,,,0,,,0,17.789125839869182,0.18125299167873568,3
can,mix_linear,5000,0.08047255499598878,0.0006413146254147348,3,-5.1330726146698,0.4443159465087501,3,56.05757268269857,0.45215923749527065,3,0.591364766160647,0.005067928429473255,3,0.6494122867782911,0.011996955440031713,3,0.18851144736011824,0.007041515010616595,3,-0.3375275122622649,0.007311571249075753,3,0.7455120000000001,0.0,3,,,0,,,0,5.1330726146698,0.4443159465087501,3
can,mix_linear,10000,0.053756541417290714,0.004283348969772279,3,0.4012095555663109,0.5972517999585225,3,-7.153244907657306,3.155185477898934,3,0.6130750079949697,0.005544252387111375,3,0.7891623228788376,0.02004151229214382,3,0.21678526078661284,0.007669036819613387,3,-0.44941966483990353,0.0027299875839856672,3,0.7119120000000002,0.0,3,,,0,,,0,-0.4012095555663109,0.5972517999585225,3
can,mix_linear,15000,0.06096945210980869,0.005260299113870608,3,1.0527159447471302,0.4783082371348104,3,-44.687927881876625,7.10047625321804,3,0.6213193833827972,0.0006188172039657328,3,0.8161733547846476,0.005222038231098969,3,0.2325148917734623,0.0002620294678833432,3,-0.4214700907468796,0.019530289956788877,3,0.678312,0.0,3,,,0,,,0,-1.0527159447471302,0.4783082371348104,3
can,mix_linear,20000,0.06819447156352297,0.0022731601401549655,3,0.06746567289034526,0.340784521988639,3,-47.587711016337074,8.139406205019002,3,0.6161335408687592,0.0018826332284981441,3,0.8011951645215353,0.008599476499212453,3,0.2256789542734623,0.002738055191664676,3,-0.4110492914915085,0.008489910499316553,3,0.644712,0.0,3,,,0,,,0,-0.06746567289034526,0.340784521988639,3
can,mix_linear,25000,0.06704345103353258,0.0040857207746765505,3,0.24707971575359503,0.3300429148700765,3,-40.03977139790853,7.306258343393249,3,0.6181059728066126,0.0037400602738083934,3,0.8077321449915568,0.008973211183548088,3,0.23107329880197844,0.00468292382902012,3,-0.4023861587047577,0.011588938371287638,3,0.6111120000000001,0.0,3,,,0,,,0,-0.24707971575359503,0.3300429148700765,3
can,mix_linear,30000,0.06291662702957783,0.007633277804688095,3,0.43284229189157486,0.07645059890642943,3,-28.84622459411621,9.417626117984822,3,0.6205983956654867,0.0011647360035102658,3,0.8146069486935934,0.0007106131111393013,3,0.2348679433266322,0.0023906874299394532,3,-0.3946043213208516,0.009901722027791361,3,0.5733119999999999,0.0,3,,,0,,,0,-0.43284229189157486,0.07645059890642943,3
can,mix_linear,35000,0.05910302846071617,0.009209418444884794,3,0.5757483368118604,0.2115447340734449,3,-24.206377764542896,11.173767971860029,3,0.625190739830335,0.0012597429142341236,3,0.824154312411944,0.004577116662470036,3,0.24093192939956984,0.0031683291350421768,3,-0.383212111890316,0.0021915079996586216,3,0.535512,0.0,3,,,0,,,0,-0.5757483368118604,0.2115447340734449,3
can,mix_linear,40000,0.054128469961384894,0.005465560317229435,3,0.35598743334412575,0.24194880262132423,3,-23.440848102172215,9.756278865307676,3,0.6244268864393234,0.0014039689543680065,3,0.8182071099678675,0.005235691446311816,3,0.2388509213924408,0.0033793925178052806,3,-0.3818833455443382,0.0008236944357903726,3,0.501912,0.0,3,,,0,,,0,-0.35598743334412575,0.24194880262132423,3
can,mix_linear,45000,0.049070443756257444,0.004064369568289473,3,-0.04695636779069901,0.20632900950977498,3,-24.747298916180927,7.940883916226985,3,0.6230242302020391,0.0019086866441899847,3,0.8116321961085001,0.005732375712145878,3,0.2355608381330967,0.0034119736490863467,3,-0.3847576528787613,0.002816679210571005,3,0.468312,0.0,3,,,0,,,0,0.04695636779069901,0.20632900950977498,3
can,mix_linear,50000,0.046203811528782,0.0038810060364479794,3,0.2464375222722689,0.23977810992826362,3,-24.5175621509552,6.454831940577146,3,0.6238155613342921,0.0026893350954151764,3,0.8126685867706934,0.007285988597112421,3,0.23701405276854834,0.004816819641174401,3,-0.38865474859873456,0.004811179714594482,3,0.434712,0.0,3,,,0,,,0,-0.2464375222722689,0.23977810992826362,3
can,mix_linear,55000,0.044928485915685656,0.0035527004021708693,3,0.2064140314857165,0.25163599278448306,3,-23.252747456232708,5.6115729860329,3,0.6242224375406901,0.0011698565676196108,3,0.8144504874944687,0.005553226334312864,3,0.23709543297688165,0.0014924031292509925,3,-0.38298726330200833,0.007472349485907863,3,0.40111199999999997,0.0,3,,,0,,,0,-0.2064140314857165,0.25163599278448306,3
can,mix_linear,60000,0.043508912088970286,0.002676123288042462,3,-0.0566664402683576,0.17537276309639863,3,-20.99174715677897,4.500135679578424,3,0.6232709209124248,0.0023417907969279237,3,0.8038913249969483,0.005223415812691983,3,0.2357049971818924,0.0036449433801152,3,-0.3862929403781891,0.011890010284784442,3,0.3633119999999999,0.0,3,,,0,,,0,0.0566664402683576,0.17537276309639863,3
can,mix_linear,65000,0.04178610127419228,0.0016039212185906997,3,-0.05487549304962158,0.46917902092773983,3,-21.731733957926433,2.5540891948509983,3,0.6220985849698385,0.0028597896588855062,3,0.8064031054576238,0.010374659271030637,3,0.23496792341272035,0.004656208549486066,3,-0.38513367374738056,0.007081100358105523,3,0.32551199999999997,0.0,3,,,0,,,0,0.05487549304962158,0.46917902092773983,3
can,mix_linear,70000,0.04096462599312261,0.0020582154760480716,3,-0.03332265838980677,0.11079698578117825,3,-20.0153165658315,1.4864276788954043,3,0.6234529614448547,0.0022561962367825396,3,0.8022446682055792,0.0025971886883752703,3,0.23461915055910745,0.0031140511242053488,3,-0.3832731246948242,0.0052385098393969085,3,0.29191199999999995,0.0,3,,,0,,,0,0.03332265838980677,0.11079698578117825,3
can,mix_linear,75000,0.04011078629021839,0.0016352060336635899,3,0.16467416969438395,0.2488558367984944,3,-19.344074090321858,0.8709597722079461,3,0.6237516204516093,0.0015139479700256048,3,0.8056013186772665,0.0045018496590835625,3,0.23516556123892465,0.001027614750988968,3,-0.3947516282399495,0.0045737783640301,3,0.258312,0.0,3,,,0,,,0,-0.16467416969438395,0.2488558367984944,3
can,mix_linear,80000,0.03825387779312824,0.0022442275587545813,3,-0.3063083440065384,0.1412342606087393,3,-19.300111770629883,0.5030131379039483,3,0.6215166946252187,0.0018263286955139892,3,0.7974689453840256,0.0062663435744006665,3,0.2312825620174408,0.0030942190694353577,3,-0.39273794492085773,0.0033048764249072973,3,0.22471199999999994,0.0,3,,,0,,,0,0.3063083440065384,0.1412342606087393,3
can,mix_linear,85000,0.03719033648570374,0.0024845788232256446,3,0.22854241107900938,0.2531699971389115,3,-18.729548772176106,1.130905654599697,3,0.6229095906019211,0.0012237886032325385,3,0.8047373642524084,0.007267951965557769,3,0.23506092901031175,0.0008782637158618916,3,-0.3985971187551816,0.00499243436117645,3,0.19111199999999995,0.0,3,,,0,,,0,-0.22854241107900938,0.2531699971389115,3
can,mix_linear,90000,0.0357572374741236,0.0018398864665017589,3,0.026248025894165045,0.309738340356497,3,-18.535184860229492,0.4457348820778525,3,0.6228641510009766,0.0019297133843094677,3,0.7996807893117269,0.008446844998820967,3,0.2325799971818924,0.0038220469083879174,3,-0.40087310671806337,0.002102208762659665,3,0.15331199999999995,0.0,3,,,0,,,0,-0.026248025894165045,0.309738340356497,3
can,mix_linear,95000,0.03445600265016153,0.0014237577445006915,3,-0.07261853789289792,0.14111096746364848,3,-18.40432596206665,0.9539399107075535,3,0.6199254592259725,0.001492452298402988,3,0.7953991740942001,0.0048906646996718425,3,0.2300967387855053,0.0022168622024239582,3,-0.4020938550432523,0.003132353765587689,3,0.11551199999999995,0.0,3,,,0,,,0,0.07261853789289792,0.14111096746364848,3
can,mix_linear,100000,0.034072344501813207,0.0010538371052582307,3,0.18971127520004907,0.2621404704574361,3,-18.57023064295451,0.728146559419322,3,0.6204167952140173,0.002199158551620856,3,0.7990619589885076,0.003080854330949312,3,0.23146857569615045,0.0031585470145602543,3,-0.40394191195567447,0.0018367708574391886,3,0.09999999999999991,0.0,3,,,0,,,0,-0.18971127520004907,0.2621404704574361,3
can,mix_linear,105000,0.03365466097990666,0.00076993267896051,3,0.45273954669634503,0.2129124155869486,3,-18.871609052022297,2.4040206121666383,3,0.6229740877946218,0.0004219573096085342,3,0.8062268942594528,0.002778827841403455,3,0.2355840876698494,0.001827128646057527,3,-0.4079492713014285,0.004992939475437685,3,0.09999999999999991,0.0,3,,,0,,,0,-0.45273954669634503,0.2129124155869486,3
can,mix_linear,110000,0.03359641639205311,0.00032027365388607695,3,0.18599851429462433,0.11447823111614908,3,-17.33386214574178,1.8183818582195541,3,0.6224604447682699,0.0015565974179063266,3,0.8007070074478785,0.0027945379849361445,3,0.23173596834143004,0.0015938728201724778,3,-0.405976136525472,0.005398396091868124,3,0.09999999999999991,0.0,3,,,0,,,0,-0.18599851429462433,0.11447823111614908,3
can,mix_linear,115000,0.033004048427877304,0.0011499332737154604,3,-0.2425905093550682,0.23006609736993058,3,-17.469831625620525,2.294690840799988,3,0.6173502753178278,0.0005438764109517974,3,0.7891735583543777,0.0024958608241579757,3,0.2281552366912365,0.001500441177774229,3,-0.40507040172815323,0.0041606975101337,3,0.09999999999999991,0.0,3,,,0,,,0,0.2425905093550682,0.23006609736993058,3
can,mix_linear,120000,0.031651403636981996,0.000797144833558749,3,-0.17701521019140878,0.12824643235109365,3,-18.01121934254964,1.7833098745780194,3,0.6173385183016459,0.0007040882561227223,3,0.7831835269927979,0.0004126608558986412,3,0.2253255327542623,0.001483554333521182,3,-0.41069165468215946,0.005978334526795543,3,0.09999999999999991,0.0,3,,,0,,,0,0.17701521019140878,0.12824643235109365,3
can,mix_linear,125000,0.030836715417293162,0.0005178308434560958,3,0.04195537418127059,0.1836577289697709,3,-18.80107084910075,1.240127230128081,3,0.6184185445308685,0.0007568079982126424,3,0.7920857618252436,0.005582066294540304,3,0.22912017504374185,0.002049692844066955,3,-0.4124700203537941,0.003203242973078213,3,0.09999999999999991,0.0,3,,,0,,,0,-0.04195537418127059,0.1836577289697709,3
can,mix_linear,130000,0.030875058184998676,0.0005848818470470323,3,0.026732883726557133,0.2274534209987517,3,-18.53069758415222,1.3310358267806583,3,0.6200707405805588,0.0010063414559074524,3,0.7908543596665064,0.0037972383048225575,3,0.22889928395549455,0.0003883763885380242,3,-0.41190751641988754,0.0009367267392251751,3,0.09999999999999991,0.0,3,,,0,,,0,-0.026732883726557133,0.2274534209987517,3
can,mix_linear,135000,0.03041628787759688,0.0009659726820391321,3,0.06354520966609321,0.013592582905175454,3,-18.22543176015218,2.2519340676391244,3,0.6190578689177831,0.0013325302561766708,3,0.7910356273253759,0.002489651493819653,3,0.226946160197258,0.0005929134786128998,3,-0.41553859164317447,0.003920098037353435,3,0.09999999999999991,0.0,3,,,0,,,0,-0.06354520966609321,0.013592582905175454,3
can,mix_linear,140000,0.029591359298986642,0.0007603594963549448,3,0.3863592843214671,0.21730588232243478,3,-20.92892821629842,2.253263667702843,3,0.6203566640615463,0.0010464744811434813,3,0.7985885540644327,0.005540666685392444,3,0.23105004678169885,0.0008771071567602435,3,-0.4166421468059222,0.005131670280739263,3,0.09999999999999991,0.0,3,,,0,,,0,-0.3863592843214671,0.21730588232243478,3
can,mix_linear,145000,0.0290677653625607,0.00043187389967957275,3,0.037352798506617525,0.1537630371212225,3,-19.685871362686157,1.6062066093658285,3,0.6195975641409556,0.0008572291985874209,3,0.7900043030579885,0.001676581824674633,3,0.23010836417476335,0.0007915770524390773,3,-0.41313577940066654,0.005236599155151163,3,0.09999999999999991,0.0,3,,,0,,,0,-0.037352798506617525,0.1537630371212225,3
can,mix_linear,150000,0.028426031066725598,0.0003768831866098559,3,-0.3245042105515798,0.1240216329612186,3,-19.557152811686198,1.656493831150955,3,0.6164384643236795,0.0011409579457377038,3,0.7803402304649353,0.0012721917283776425,3,0.22405134936173757,0.0022582073599137775,3,-0.4127324541409811,0.004590664067767339,3,0.09999999999999991,0.0,3,,,0,,,0,0.3245042105515798,0.1240216329612186,3
can,mix_linear,155000,0.027961077471263668,0.00041262993283724443,3,-0.4911621833841006,0.10951006604258334,3,-19.441685676574707,0.9256793260724098,3,0.6148751427729925,0.0006565602599278911,3,0.7762445012728373,0.0009027611914026078,3,0.224237360060215,0.0011908305813602812,3,-0.4096075842777888,0.0021807803187003775,3,0.09999999999999991,0.0,3,,,0,,,0,0.4911621833841006,0.10951006604258334,3
can,mix_linear,160000,0.02746954234316941,0.00040833130161750203,3,-0.01952018464605006,0.30516869671733987,3,-20.336307525634766,1.6140612110154144,3,0.6173336108525594,0.00266481848958497,3,0.7847069452206293,0.010272059144983458,3,0.22771345948179564,0.0043679258588217714,3,-0.4136088266968727,0.0016283856931558656,3,0.09999999999999991,0.0,3,,,0,,,0,0.01952018464605006,0.30516869671733987,3
can,mix_linear,165000,0.026867063281436707,0.0007239995966348761,3,0.0022695958614349365,0.2190249458189601,3,-19.783037821451824,1.4345264971958622,3,0.6171409885088602,0.000984767865473622,3,0.7855041772127151,0.004247934026920804,3,0.2250860407948494,0.002091892020307088,3,-0.41829610119263333,0.005861743404860418,3,0.09999999999999991,0.0,3,,,0,,,0,-0.0022695958614349365,0.2190249458189601,3
can,mix_linear,170000,0.026673212515500654,0.00103740555261693,3,0.13147962590058646,0.11326119807919767,3,-20.192423184712727,1.316123132429518,3,0.6166869401931763,0.0019365815417195465,3,0.7892731924851736,0.003148589640787573,3,0.22820174197355905,0.0025442061043428918,3,-0.41865742951631546,0.004700479697443644,3,0.09999999999999991,0.0,3,,,0,,,0,-0.13147962590058646,0.11326119807919767,3
can,mix_linear,175000,0.026491082925349435,0.0012478246372449914,3,-0.1047522425651551,0.7528847129646231,3,-20.941781361897785,1.7937677367511917,3,0.6227695147196451,0.0053114333898234885,3,0.7866399685541788,0.015545980534814749,3,0.22888765732447305,0.007905918365695758,3,-0.4061875144640605,0.009273160001962178,3,0.09999999999999991,0.0,3,,,0,,,0,0.1047522425651551,0.7528847129646231,3
can,mix_prefill,0,0.37095658710847296,0.00029025073083724243,3,-18.44183333714803,0.05464882351475362,3,113.7732384999593,0.6898096045020389,3,0.5195502390464147,0.0005252932625911294,3,0.1138668588052193,0.007314951495845754,3,0.09642392459015052,0.0007599543189524581,3,-0.14713097860415772,0.0010975146913606963,3,0.9016336547812588,0.0,3,,,0,,,0,18.44183333714803,0.05464882351475362,3
can,mix_prefill,5000,0.07214124471259609,0.0013146812690361183,3,-7.350468541185061,0.7589904272196532,3,53.40392589569092,3.0397383369941355,3,0.5861425052086512,0.00246672685710962,3,0.5895614723364512,0.022719258466534623,3,0.1794898690034946,0.004512271363688885,3,-0.2846908134718736,0.019921712903594402,3,0.8861334000221387,0.0,3,,,0,,,0,7.350468541185061,0.7589904272196532,3
can,mix_prefill,10000,0.05093050499757126,0.0028635931772879393,3,0.1299396554629008,0.4012929850205982,3,-12.360783368349075,2.8051292703246347,3,0.6060530742009481,0.0038744658021726904,3,0.7749544928471247,0.004430175615245963,3,0.2070661373436451,0.005446918999144553,3,-0.47405041257540387,0.01884942930007654,3,0.8711570889447849,0.0,3,,,0,,,0,-0.1299396554629008,0.4012929850205982,3
can,mix_prefill,15000,0.05289453341004744,0.0014335638296640314,3,1.5570294832189877,0.5062948097313729,3,-51.01106929779053,3.259255327546509,3,0.6252996325492859,0.0025967180706748237,3,0.82634869714578,0.010127829417484134,3,0.2353050708770752,0.0038566465865579767,3,-0.43613103528817493,0.011979206382791955,3,0.8566785967910797,0.0,3,,,0,,,0,-1.5570294832189877,0.5062948097313729,3
can,mix_prefill,20000,0.06406449947195743,0.00105105858439205,3,0.6730878129601479,0.17472687336690687,3,-61.224453926086426,1.3049156562899689,3,0.6226933846871058,0.0021285103304413623,3,0.8158222734928131,0.0037066975305694518,3,0.23568872114022574,0.004497238645938574,3,-0.4025196159879367,0.012905610119084457,3,0.8426735072787791,0.0,3,,,0,,,0,-0.6730878129601479,0.17472687336690687,3
can,mix_prefill,25000,0.06415133619060115,0.0018889000897429804,3,-0.31322509547074634,0.17044756395679928,3,-57.81694316864014,2.047514786365934,3,0.6168673733870188,0.0012822562931359299,3,0.7934116274118423,0.0025960579714967816,3,0.22603935251633325,0.002699176799362845,3,-0.3959581380089124,0.00961202593295227,3,0.8291189751842606,0.0,3,,,0,,,0,0.31322509547074634,0.17044756395679928,3
can,mix_prefill,30000,0.05758333974828319,0.0018089910794501353,3,0.22382087310155238,0.37976103561467767,3,-54.556600443522136,0.9312620158523113,3,0.6196287353833516,0.003938336139797885,3,0.8065406441688537,0.010051045301038935,3,0.22932478686173755,0.004680215335643953,3,-0.4032749156157176,0.010940451934980257,3,0.8143916212247237,0.0,3,,,0,,,0,-0.22382087310155238,0.37976103561467767,3
can,mix_prefill,35000,0.05446309445736306,0.000750453999567478,3,0.6785341786841551,0.27618821600826443,3,-52.09633159637451,0.856242424244602,3,0.6248450577259064,0.002716519464573883,3,0.8193201472361883,0.009783612582627488,3,0.2386300340294838,0.0035051754941412524,3,-0.3935386389493942,0.0004492456210987081,3,0.8001599416781972,0.0,3,,,0,,,0,-0.6785341786841551,0.27618821600826443,3
can,mix_prefill,40000,0.050976273370906655,0.0006403833742645122,3,-0.2852306067943573,0.21066603030729844,3,-44.64835135142008,1.3102356377147624,3,0.6206230769554774,0.002331924238734878,3,0.801914652188619,0.0019093370303425092,3,0.23188710336883864,0.0035600027640326527,3,-0.38098175326983136,0.004981419852199987,3,0.7879286821904739,0.0,3,,,0,,,0,0.2852306067943573,0.21066603030729844,3
can,mix_prefill,45000,0.04822478972685831,0.00046055129274521383,3,0.6440673296650251,0.24472009577039341,3,-42.70476818084717,0.9125141211375349,3,0.629603977004687,0.0020206873273495903,3,0.8311896572510401,0.006999977212735098,3,0.2446754164993763,0.003283669040477073,3,-0.3843376735846202,0.0023271429125599073,3,0.7760657338259286,0.0,3,,,0,,,0,-0.6440673296650251,0.24472009577039341,3
can,mix_prefill,50000,0.045130525249987806,0.0004125297615190911,3,0.3930708554883798,0.3519390056211196,3,-41.21703783671061,0.7413556006671338,3,0.6287678678830465,0.0037055447770774825,3,0.8241507063309351,0.00543332315977568,3,0.24096680680910745,0.004622123561061856,3,-0.37580952048301697,0.0008395786352585421,3,0.7645547070300119,0.0,3,,,0,,,0,-0.3930708554883798,0.3519390056211196,3
can,mix_prefill,55000,0.043177739391103344,0.00040132380761575344,3,0.22643667832016945,0.16889854937149018,3,-39.48049767812093,0.6582245807108752,3,0.6284898122151693,0.0003962346574931867,3,0.8226682643095652,0.0012538958026694354,3,0.24273392061392465,0.0011981299978610473,3,-0.37234824150800705,0.003852417082365777,3,0.7533801704805437,0.0,3,,,0,,,0,-0.22643667832016945,0.16889854937149018,3
can,mix_prefill,60000,0.042301918417215305,0.0007540047621416921,3,0.21520141363143927,0.21615409774291708,3,-37.452589416503905,0.7584460784986757,3,0.6281129995981852,0.0014574308801430275,3,0.8177458802858988,0.007663007397061014,3,0.24288505415121717,0.0027842191421909466,3,-0.37862491011619565,0.003634310185666284,3,0.7412001374139843,0.0,3,,,0,,,0,-0.21520141363143927,0.21615409774291708,3
can,mix_prefill,65000,0.042149066536997716,0.001191252577640583,3,0.15326027572155,0.030378852605393858,3,-36.65040397644043,0.7220998688803805,3,0.6302225043376287,0.002195199321122814,3,0.8200900355974833,0.0029871268351785714,3,0.2434779703617096,0.0014899552316830174,3,-0.37161513169606525,0.0013571000051673884,3,0.7293937644995804,0.0,3,,,0,,,0,-0.15326027572155,0.030378852605393858,3
can,mix_prefill,70000,0.041039843345060875,0.001243732586480264,3,0.23110303282737732,0.34868735051603705,3,-35.39984051386515,2.1162777579876875,3,0.6295695652564367,0.003317648146660805,3,0.821157306432724,0.009943697377561993,3,0.2424083985388279,0.005019022614902673,3,-0.3719744582970937,0.002090206851150421,3,0.7192165753454235,0.0,3,,,0,,,0,-0.23110303282737732,0.34868735051603705,3
can,mix_prefill,75000,0.04079052174153423,0.001139221770388621,3,0.10294043024381004,0.3017269101608254,3,-34.461968104044594,1.5727684117316505,3,0.6304946591456732,0.002340672505356291,3,0.8165196081002554,0.008367637116923588,3,0.24211775759855905,0.003639507381733982,3,-0.3728353555003802,0.0016676803499319536,3,0.7093194856483516,0.0,3,,,0,,,0,-0.10294043024381004,0.3017269101608254,3
can,mix_prefill,80000,0.03998489791216944,0.0014102495418993608,3,0.19530840838948885,0.0919614426043877,3,-32.68776353200277,1.5385023346730875,3,0.6301798969507217,0.0011839937591773422,3,0.8176345775524775,0.0008138436128485686,3,0.2453845888376236,0.0005467815652017714,3,-0.3743002737561862,0.003068296600955114,3,0.6996910887467526,0.0,3,,,0,,,0,-0.19530840838948885,0.0919614426043877,3
can,mix_prefill,85000,0.039487282698973974,0.001638115904682403,3,0.15092710157235462,0.29855542512634053,3,-32.97353951136271,2.9694716614576717,3,0.6307040154933929,0.0013847845487624762,3,0.8203537364800771,0.007943515833020562,3,0.24510557701190314,0.0010898469098502732,3,-0.3727329249183337,0.003654953964922258,3,0.6903205890532563,0.0,3,,,0,,,0,-0.15092710157235462,0.29855542512634053,3
can,mix_prefill,90000,0.040696936535338506,0.002275747055243169,3,-0.4661605954170227,0.11751230486933358,3,-30.468627166748046,1.9918611774016568,3,0.6277730067571005,0.001295602262217995,3,0.8032751321792603,0.00220111884159167,3,0.23782553176085153,0.002647992632571846,3,-0.3702309509118398,0.0025481669369487097,3,0.6800798835063336,0.0,3,,,0,,,0,0.4661605954170227,0.11751230486933358,3
can,mix_prefill,95000,0.03991964012384409,0.002772925605091406,3,0.02766910195350647,0.0873868820797397,3,-29.1748841603597,3.0253418154263283,3,0.6313063452641169,0.0015791482665394713,3,0.8178091496229172,0.0017499274944324506,3,0.2427571713924408,0.0006894562284942135,3,-0.3704128737250964,0.0019436695832245172,3,0.6701278003611019,0.0,3,,,0,,,0,-0.02766910195350647,0.0873868820797397,3
can,mix_prefill,100000,0.03859977389996247,0.0020102665485513286,3,0.41435890334347886,0.2354695141587187,3,-30.539348125457764,2.359374814451509,3,0.6331489235162735,0.003534866223188212,3,0.8277813096841177,0.007636898062110193,3,0.24519858012596765,0.003260872111600647,3,-0.3756462559103966,0.002342043453358336,3,0.6615275587780353,0.0,3,,,0,,,0,-0.41435890334347886,0.2354695141587187,3
can,mix_prefill,105000,0.03828229879339532,0.001978359037936111,3,0.17108112697800001,0.09285561091059996,3,-28.861145496368408,2.21564093122438,3,0.6296378324429194,0.0008785501420532127,3,0.8199486980835596,0.006362809892506299,3,0.2450706958770752,0.0017621750534017482,3,-0.3747282326221466,0.0026901560119382425,3,0.6531452692418841,0.0,3,,,0,,,0,-0.17108112697800001,0.09285561091059996,3
can,mix_prefill,110000,0.037729209288954686,0.0023093139084404495,3,0.2194568191965421,0.1727726235900524,3,-28.933172067006428,2.163301132065753,3,0.6308495650688807,0.0004449295417233088,3,0.8221698155005773,0.001939549355702276,3,0.2432105764746666,0.0009636752390160643,3,-0.37448157121737796,0.004231856794635318,3,0.6449727501321119,0.0,3,,,0,,,0,-0.2194568191965421,0.1727726235900524,3
can,mix_prefill,115000,0.037928135941425904,0.0026011451814659716,3,-0.31640729680657387,0.09362034118225449,3,-28.8436492284139,2.4034488233700992,3,0.6297621776660284,0.0019357181789538829,3,0.8114138295253118,0.006158651860528831,3,0.24037389581402144,0.00029799097367016715,3,-0.36922865609327954,0.0018930536845194344,3,0.637002224274678,0.0,3,,,0,,,0,0.31640729680657387,0.09362034118225449,3
can,mix_prefill,120000,0.03724549549321329,0.0024791485904445184,3,0.06843671152989068,0.18340762568203445,3,-28.641239420572916,2.5746770282466636,3,0.6316102226575215,0.0001568618120551175,3,0.8120333115259806,0.001323004560999959,3,0.24280135134855907,0.00154521580753448,3,-0.37511593302090956,0.0037334792539245438,3,0.6282720061682567,0.0,3,,,0,,,0,-0.06843671152989068,0.18340762568203445,3
can,mix_prefill,125000,0.03664979982810713,0.0019589140028152745,3,0.24384202311436334,0.3878946722275938,3,-29.248321533203125,2.0624651378562526,3,0.632233202457428,0.0025014937697672513,3,0.8193728675444921,0.006089885681502644,3,0.24643090988198915,0.00430590849915846,3,-0.37521629532178236,0.001559053658165741,3,0.6197693385250503,0.0,3,,,0,,,0,-0.24384202311436334,0.3878946722275938,3
can,mix_prefill,130000,0.03669623561824356,0.0017862975494882796,3,-0.09165966262420017,0.1392102094874174,3,-28.280096689860027,1.6436363285930833,3,0.6301906704902649,0.0011587230691773056,3,0.8092485765616099,0.0014040795339753831,3,0.24367560570438704,0.00334174871488895,3,-0.37377606083949405,0.004094674616527628,3,0.6124060164713749,0.0,3,,,0,,,0,0.09165966262420017,0.1392102094874174,3
can,mix_prefill,135000,0.036352864420041396,0.0017346705321586743,3,0.1824751521150271,0.19277222993313248,3,-28.516007900238037,1.2583747379599488,3,0.6311716685692469,0.0013333104122958247,3,0.8215837627649307,0.006411663843708591,3,0.24350122114022574,0.0025509968150936686,3,-0.37741541862487793,0.00466756333627209,3,0.6052156055065047,0.0,3,,,0,,,0,-0.1824751521150271,0.19277222993313248,3
can,mix_prefill,140000,0.035245153866708234,0.0011690898314350015,3,0.19562986617287,0.13313683993469227,3,-29.537957827250164,1.498234678144908,3,0.6292605002721151,0.001070612735533616,3,0.8159086356560389,0.004301487804239062,3,0.2438732422888279,0.002157634143333714,3,-0.3803286775946617,0.002038241605312239,3,0.5981920856065945,0.0,3,,,0,,,0,-0.19562986617287,0.13313683993469227,3
can,mix_prefill,145000,0.035119219419235924,0.0013155241902410375,3,0.1504062886039416,0.23232326142852522,3,-30.082751433054607,1.3129851734033313,3,0.6323253860076269,0.0010783414103803857,3,0.8138426740964254,0.005009293073411253,3,0.24411738167206445,0.0010994771800031588,3,-0.373823086420695,0.0034761068259359876,3,0.5913297129999757,0.0,3,,,0,,,0,-0.1504062886039416,0.23232326142852522,3
can,mix_prefill,150000,0.03481356727580224,0.001297399167710032,3,0.3322399506966273,0.4569425852252103,3,-29.23805656433105,1.09245309069505,3,0.631456196308136,0.002193310989996679,3,0.8137012362480164,0.010290112294816476,3,0.24395462473233542,0.0033108161757324597,3,-0.3796669284502665,0.004824153737930488,3,0.5837988578217326,0.0,3,,,0,,,0,-0.3322399506966273,0.4569425852252103,3
can,mix_prefill,155000,0.034143752907402763,0.0010510061389226956,3,-0.07056312014659238,0.36005237831730585,3,-29.210492928822834,1.180327338377457,3,0.6284165382385254,0.002482271199970052,3,0.808066392938296,0.006943637090422058,3,0.23838589216272035,0.0033726501032017094,3,-0.3776881769299507,0.0043681334133653035,3,0.5764505652679681,0.0,3,,,0,,,0,0.07056312014659238,0.36005237831730585,3
can,mix_prefill,160000,0.03386743144753073,0.0014036292634109207,3,-0.07197584584355353,0.20286255616159926,3,-28.968654950459797,0.7091726970342802,3,0.629476269086202,0.0011477342573934083,3,0.8068278481562933,0.006021701844940678,3,0.24085055167476335,0.0018085055770747616,3,-0.38016556700070697,0.0016744818495041526,3,0.5700753051705489,0.0,3,,,0,,,0,0.07197584584355353,0.20286255616159926,3
can,mix_prefill,165000,0.03369670474591351,0.0009657186802988642,3,-0.1978204200665156,0.11257260618055857,3,-29.344873587290447,0.756663843360655,3,0.6269000073273977,0.0020646063205483085,3,0.8011709451675415,0.006479855854078565,3,0.2374558337032795,0.0013041060520428314,3,-0.37739992638429004,0.0033065926416857754,3,0.5638395183753055,0.0,3,,,0,,,0,0.1978204200665156,0.11257260618055857,3
can,mix_prefill,170000,0.03339261092866455,0.0006936918268706477,3,0.0914563915381829,0.13210490878421263,3,-28.335989475250244,0.6037186950087273,3,0.6296171943346659,0.0008103565280851431,3,0.807754730184873,0.0014940696772727051,3,0.2412574514746666,0.0015928546678841448,3,-0.3812249352534612,0.005388345308188042,3,0.5577386774214738,0.0,3,,,0,,,0,-0.0914563915381829,0.13210490878421263,3
can,mix_prefill,175000,0.0334455609321594,0.0005932213329577216,3,0.50693579018116,0.591760888108102,3,-29.462056477864582,0.5648090084724265,3,0.6317311922709147,0.004835557197382818,3,0.8212760885556539,0.016146108215230073,3,0.24511719743410745,0.006840201927750664,3,-0.384087214867274,0.005389582049753635,3,0.5539872465429534,0.0,3,,,0,,,0,-0.50693579018116,0.591760888108102,3
can,rs_025,0,0.3809848440811037,0.0006360171239129046,3,-14.88115151723226,0.23502066912458247,3,156.41921361287436,1.9512048521213523,3,0.5365851124127706,0.000843942993552822,3,0.30860369093716145,0.0018797227105643622,3,0.11781529461344083,0.0023520809871987645,3,-0.2073928005993366,0.009023179052135023,3,0.0,0.0,3,0.9455893639259667,0.056321025406362454,3,1.4040380169947941,0.014531203220276486,3,14.88115151723226,0.23502066912458247,3
can,rs_025,5000,0.09361421147671833,0.0034695771531371685,3,-3.087752029299736,0.34198644440371134,3,155.4266611735026,2.539294156124511,3,0.5914176205794016,0.004660735875322588,3,0.6960181693236033,0.010050129367148115,3,0.19045294697086015,0.00830743120393261,3,-0.39856156210104626,0.012803306411799546,3,0.0,0.0,3,0.47001224007144476,0.01572970130761544,3,1.3267240474621456,0.09785323866119827,3,3.087752029299736,0.34198644440371134,3
can,rs_025,10000,0.057983410591259554,0.003499777929261706,3,0.40919137621919316,0.6447492716619195,3,111.9756425221761,3.2909488763640433,3,0.606934184829394,0.0034668975720844155,3,0.7776091893513998,0.010467609686183712,3,0.2122860960662365,0.0024114384504462863,3,-0.454714539150397,0.015168593501346427,3,0.0,0.0,3,0.46229307540774234,0.006539245669865314,3,0.9578628391027451,0.05758139148931107,3,-0.40919137621919316,0.6447492716619195,3
can,rs_025,15000,0.04512209296226497,0.002040146627049524,3,-0.2087677139788866,0.20829659988421678,3,73.98965167999268,3.9560940609205493,3,0.6029984702666601,0.00522380003474056,3,0.7671327243248621,0.01017417207514575,3,0.2054734118282795,0.006632496825424907,3,-0.46074704080820084,0.019164283266134848,3,0.0,0.0,3,0.4552805560579967,0.0046789897085937285,3,0.7607387701670328,0.02051704394622287,3,0.2087677139788866,0.20829659988421678,3
can,rs_025,20000,0.034620319555203075,0.0025305349637644004,3,-0.2812950151662032,0.15619087412079424,3,42.27411286036173,4.027904617638617,3,0.6012605975071589,0.0022879058800267765,3,0.7635179708401362,0.005382183916721542,3,0.20635696624716124,0.0029951363730975032,3,-0.4604429081082344,0.008991898176687316,3,0.0,0.0,3,0.4328284866243923,0.005629927388524761,3,0.6150731295347214,0.05006209927754069,3,0.2812950151662032,0.15619087412079424,3
can,rs_025,25000,0.027528545539826126,0.002004194912974956,3,0.7703402725358804,0.08389072052399421,3,20.261882384618122,3.598394606464134,3,0.608849972486496,0.00161126003862553,3,0.7903595467408498,0.005793711153542046,3,0.21420434365669885,0.0017886631833411372,3,-0.4675631945331891,0.0077141525263188515,3,0.0,0.0,3,0.4287305083273445,0.00732142038332458,3,0.5081704085071882,0.04405823530015157,3,-0.7703402725358804,0.08389072052399421,3
can,rs_025,30000,0.021669846965620864,0.0013761200082499454,3,0.39420973261197406,0.3462185956300825,3,4.738618222872416,2.6696535421247507,3,0.6092267990112304,0.003101254106097883,3,0.7823230306307475,0.010422034733412551,3,0.21550410191218058,0.006380393348541036,3,-0.45751580397288,0.011659087281243109,3,0.0,0.0,3,0.42000238335399365,0.005338808133372958,3,0.40521949529647827,0.03284769048139575,3,-0.39420973261197406,0.3462185956300825,3
can,rs_025,35000,0.019226803925509215,0.0011329494065237472,3,0.037723916272322335,0.05353064641959809,3,-3.345784515142441,2.080296201327475,3,0.6136446893215179,0.0018833167778916624,3,0.7920079380273819,0.001609063717910327,3,0.22183083246151605,0.0014984129751137634,3,-0.42133141060670215,0.008724816088020908,3,0.0,0.0,3,0.42886113124896824,0.0051503418201143195,3,0.34114235391219455,0.022857016478696455,3,-0.037723916272322335,0.05353064641959809,3
can,rs_025,40000,0.018202112106761533,0.0018687355087767484,3,0.18623163178563118,0.052256380179045436,3,-5.596162100632985,2.418766184045351,3,0.618109941482544,0.0018562545154944563,3,0.7973403682311376,0.003626511529524018,3,0.22810873513420424,0.002402341680210843,3,-0.41546847174565,0.008484015659887843,3,0.0,0.0,3,0.45716903889940963,0.004829441518719531,3,0.30267292136947316,0.032999995004048,3,-0.18623163178563118,0.052256380179045436,3
can,rs_025,45000,0.016091369406785776,0.001179930680469393,3,0.30407220994432765,0.45126432379526626,3,-6.418496489524841,2.6151135225509696,3,0.6187757800022761,0.005435809436022225,3,0.8012316177288691,0.015495574497961396,3,0.22610910485188165,0.006874119496770681,3,-0.4119117359320323,0.012467548877245577,3,0.0,0.0,3,0.4703861222714624,0.012558319430824192,3,0.26142881065607065,0.027554959590724917,3,-0.30407220994432765,0.45126432379526626,3
can,rs_025,50000,0.014655914468069816,0.0005144425344116219,3,0.2126828320324421,0.20718647181071848,3,-7.960370580355327,1.7025604115441981,3,0.6201432893673579,0.0033636460316182944,3,0.8047840843598048,0.006365918965126699,3,0.23009673630197844,0.0048899625753167485,3,-0.4082103172938029,0.010600741292642754,3,0.0,0.0,3,0.4876501760684763,0.007866597140224845,3,0.22960255543390906,0.013549645047746578,3,-0.2126828320324421,0.20718647181071848,3
can,rs_025,55000,0.013687892335777434,0.00019750727850400583,3,0.4551193950076898,0.2637023301166604,3,-9.545974612236023,0.7439259477995838,3,0.6199077665805817,0.0009436664920070112,3,0.8041421473026276,0.007294926156121904,3,0.23271252835790315,0.0021352476986398693,3,-0.40434035410483676,0.008613551085551627,3,0.0,0.0,3,0.4694803080542998,0.007524255290495244,3,0.22060476616024968,0.00936858097703982,3,-0.4551193950076898,0.2637023301166604,3
can,rs_025,60000,0.013097579826911234,0.0001453963900324396,3,0.41514472266038255,0.2132563901466033,3,-10.035386784871418,0.5266249989101719,3,0.6186884085337321,0.002490955782599902,3,0.8002307097117106,0.006980311995030834,3,0.22864584525426226,0.0032566417381334834,3,-0.41652708053588866,0.0034932551659009035,3,0.0,0.0,3,0.4782778343496015,0.0069459995424243645,3,0.20994745492935177,0.006020003453005361,3,-0.41514472266038255,0.2132563901466033,3
can,rs_025,65000,0.012828002454868134,0.00010094231469153751,3,0.22041327878832817,0.21476577549068757,3,-10.351975917816162,0.3084094982048706,3,0.6202845772107443,0.0018145181691250174,3,0.7957502156496048,0.004775971233990122,3,0.229166679084301,0.001322629704976275,3,-0.4112008213996887,0.002724181474080073,3,0.0,0.0,3,0.4845941898216803,0.0008521833559926314,3,0.201543927192688,0.002013452600080309,3,-0.22041327878832817,0.21476577549068757,3
can,rs_025,70000,0.012568760123879917,0.00019094144371703986,3,0.15299112349748611,0.1112762798879044,3,-10.31083369255066,0.31418350171472964,3,0.6165107836325964,0.0016386053238200968,3,0.788814922173818,0.0024859453870011215,3,0.22419085850318274,0.001384733807225235,3,-0.42088539401690167,0.004129596194679216,3,0.0,0.0,3,0.4824816937045229,0.0036476427689702846,3,0.1997648328542709,0.004264645613774801,3,-0.15299112349748611,0.1112762798879044,3
can,rs_025,75000,0.0123428928510596,0.0001268910132386348,3,0.38641857107480365,0.1607681460809625,3,-10.674154917399088,0.2803473362047829,3,0.6172845164934794,0.0015868842003208478,3,0.798775831858317,0.002800905565491175,3,0.22879465421040854,0.0020566755911645648,3,-0.4221432904402414,0.0030679670852136473,3,0.0,0.0,3,0.5005299238489295,0.009897159717570627,3,0.19112890958786008,0.005706999944130646,3,-0.38641857107480365,0.1607681460809625,3
can,rs_2,0,0.38687620361646013,0.0007946879270172583,3,-13.019149859746298,0.040119479232463416,3,63.6701463063558,4.712409780356478,3,0.5482215583324432,0.0017110084724934872,3,0.3855694402009249,0.0018008180113912179,3,0.1320103301356236,0.0022278696638698275,3,-0.2348735916117827,0.005353569645701782,3,0.0,0.0,3,0.7498099560248902,0.054504205864100486,3,1.961114913225174,0.05640417517703166,3,13.019149859746298,0.040119479232463416,3
can,rs_2,5000,0.1522625880936781,0.003038716983579088,3,0.7119664736092091,0.3219750404253466,3,-8.914349327484768,9.530212670757324,3,0.6190275996923447,0.0020279881448023213,3,0.8000372995932897,0.009613445686324192,3,0.22903879483540854,0.003056951585912216,3,-0.41931301603714627,0.0041380538739664305,3,0.0,0.0,3,0.3433147726697266,0.011819444406736915,3,3.457396904627482,0.16213816614850493,3,-0.7119664736092091,0.3219750404253466,3
can,rs_2,10000,0.17639217283576722,0.013846851624855995,3,0.4892641094823678,0.27322995919819365,3,-41.386691093444824,9.963853567216283,3,0.61496535440286,0.0031098325378473763,3,0.7996757725874583,0.00864584044258651,3,0.22450475270549455,0.0038969497351439603,3,-0.42713160067796707,0.004196372049188118,3,0.0,0.0,3,0.384369477712214,0.0008653493761157177,3,3.513866384824117,0.30133923123469886,3,-0.4892641094823678,0.27322995919819365,3
can,rs_2,15000,0.16065433435142037,0.012360619308623252,3,-0.10184771319230397,0.23120589221007354,3,-48.07765928904215,9.151887159020541,3,0.6132781555255254,0.002256424028569383,3,0.79324971139431,0.007072782435655659,3,0.2244350016117096,0.00338452946510139,3,-0.41101762155691784,0.006934903086139679,3,0.0,0.0,3,0.4237299087470137,0.00956197109284027,3,2.8358800411224365,0.14108610204354216,3,0.10184771319230397,0.23120589221007354,3
can,rs_2,20000,0.14007295022408162,0.005850615858801957,3,0.3531022270520528,0.19621749890589682,3,-45.464187939961754,6.0784735782419075,3,0.6178540488084158,0.0010041969533541135,3,0.8071156938870748,0.003870667902805977,3,0.22965495785077414,0.002423431718668681,3,-0.4077514335513115,0.002372589056396293,3,0.0,0.0,3,0.4620441795733161,0.005228754475444402,3,2.2912943959236145,0.09947723226302341,3,-0.3531022270520528,0.19621749890589682,3
can,rs_2,25000,0.13425017092376945,0.005681911212539964,3,-0.11398820206522942,0.1937211471890122,3,-45.23715750376383,5.603439868238501,3,0.6166246881087621,0.00190987294806128,3,0.7922514130671819,0.006851358880361633,3,0.2274228148162365,0.0019410816619805352,3,-0.40065836906433105,0.0043707329748237335,3,0.0,0.0,3,0.47676921143718065,0.004994263525496116,3,2.0871213475863137,0.10354969017357492,3,0.11398820206522942,0.1937211471890122,3
can,rs_2,30000,0.12920707826813058,0.008949938161516255,3,-0.1801043818394343,0.3307528426216978,3,-38.86068267822265,7.24630193656241,3,0.617229954401652,0.0033308977394514916,3,0.7940051555633545,0.011516429202176548,3,0.2256975551446279,0.00407184498951952,3,-0.40266401767730714,0.0031215699153192794,3,0.0,0.0,3,0.4924444467393891,0.008744463909669428,3,1.963134471575419,0.15511460285339781,3,0.1801043818394343,0.3307528426216978,3
can,rs_2,35000,0.11827282337471841,0.008141702892544424,3,0.43173124144474667,0.15659082172255817,3,-44.10487620035807,6.170742905515619,3,0.6217893213033676,0.001950879223066147,3,0.8045939852794012,0.003470826941105038,3,0.23274740825096765,0.001621239066060196,3,-0.4004250665505727,0.006417463051775444,3,0.0,0.0,3,0.5062846696349824,0.0036153973941271942,3,1.7599151333173115,0.13750122116662186,3,-0.43173124144474667,0.15659082172255817,3
can,rs_2,40000,0.11117011094465849,0.006023971794335918,3,0.16616447952886423,0.38386292371802916,3,-46.06213506062826,5.80157805522374,3,0.6179779420296351,0.001636884420410167,3,0.7959310362736384,0.004984702919416252,3,0.22999210531512895,0.004447603538420969,3,-0.409553403655688,0.004021785969454987,3,0.0,0.0,3,0.5096618911996156,0.012831161340552297,3,1.6578441262245178,0.13131770947932775,3,-0.16616447952886423,0.38386292371802916,3
can,rs_2,45000,0.10944653845702605,0.006953802708050938,3,0.009947954366604487,0.1964793739536094,3,-51.82239182790121,3.3643857236890358,3,0.619454562664032,0.0008444650661244922,3,0.7961985617876053,0.005914895865224029,3,0.2287946529686451,0.0008559738147026985,3,-0.396030068397522,0.004781132724456103,3,0.0,0.0,3,0.5044346720095074,0.006106594337071919,3,1.6287987232208252,0.12460799800927383,3,-0.009947954366604487,0.1964793739536094,3
can,rs_2,50000,0.10728645914544659,0.007808145250584941,3,-0.03771239891648293,0.10572145685558025,3,-48.6146297454834,1.204952078370383,3,0.6203093230724335,0.0007229820366934789,3,0.7933096836010615,0.004691534094604353,3,0.23065477112929025,0.0007694991116650757,3,-0.3959095726410547,0.0005267537926904374,3,0.0,0.0,3,0.5161118771314752,0.008671785479495781,3,1.553610344727834,0.12381699042383283,3,0.03771239891648293,0.10572145685558025,3
can,rs_2,55000,0.10084548244873677,0.007052600275051365,3,0.22865460688869158,0.27964912513629575,3,-51.28862984975179,1.8514059114961352,3,0.6192799955606461,0.0016856764087335688,3,0.7963272382815679,0.0067681066557054425,3,0.23015486697355905,0.0028067691961489527,3,-0.40241849422454834,0.00355802221487354,3,0.0,0.0,3,0.5178028273530547,0.011298400100861196,3,1.4676271080970764,0.11780067295937713,3,-0.22865460688869158,0.27964912513629575,3
can,rs_2,60000,0.0986764085789521,0.006392251702125716,3,-0.09447240034739175,0.12145303633728054,3,-57.97224477132161,0.8078852688058504,3,0.6190573255221049,0.0005745220826718433,3,0.7897297183672588,0.003547342933736651,3,0.2280227025349935,0.0006889976299785326,3,-0.4000580171744028,0.0025296625881908825,3,0.0,0.0,3,0.5050681773936125,0.004167757532815143,3,1.466180698076884,0.1049707231098051,3,0.09447240034739175,0.12145303633728054,3
can,rs_2,65000,0.0985498448523382,0.00708599800116851,3,-0.0008182252446810404,0.3337765479014765,3,-57.64235051472982,0.7959366239948972,3,0.6209368060032526,0.0020245647215112995,3,0.7947457780440649,0.011599999934051504,3,0.23188710088531175,0.0036737340647837458,3,-0.39841112246116,0.0020382168892162126,3,0.0,0.0,3,0.5145925502424132,0.005916319434085436,3,1.4365551670392354,0.09696484465256157,3,0.0008182252446810404,0.3337765479014765,3
can,rs_2,70000,0.09585293012981609,0.006891009057116439,3,-0.22840713461240134,0.3685616670719269,3,-56.76580969492594,0.712130380693724,3,0.6179706205924352,0.001852763679412503,3,0.7847750981648763,0.010642551920592429,3,0.22485352555910745,0.0035110724076561294,3,-0.4044085492690404,0.0028982646600764204,3,0.0,0.0,3,0.514666956115556,0.009900444658861038,3,1.4024963577588399,0.09745003548822351,3,0.22840713461240134,0.3685616670719269,3
can,rs_2,75000,0.09654775212208423,0.006926823637058582,3,-0.6559732755025228,0.3291815797072753,3,-56.91356913248698,2.206109788743637,3,0.6150007049242655,0.0014278412425957603,3,0.7759802937507629,0.00943447477373992,3,0.22195871671040854,0.0031945212663910877,3,-0.399618794520696,0.008943108829341007,3,0.0,0.0,3,0.5295851135057378,0.006852640506974973,3,1.3596699237823486,0.09326182460532036,3,0.6559732755025228,0.3291815797072753,3
can,td,0,0.385459926786522,0.00028653104857109547,3,-11.33370860417684,0.2606994240870433,3,15.76966917514801,2.552158424345124,3,0.5621073742707571,0.0017293970708305141,3,0.4748973101377487,0.008140748260958036,3,0.14699591572086015,0.0029404858266202224,3,-0.2468987790246804,0.003580789200477908,3,0.0,0.0,3,0.6949370065336239,0.012496736798983997,3,2.3203050196170807,0.036780227821293345,3,11.33370860417684,0.2606994240870433,3
can,td,5000,0.11435278585801519,0.0037696912009238265,3,-0.9476477106412253,0.24433932215355048,3,45.23949432373047,1.1328891614751166,3,0.6176095853249232,0.0008552601049317577,3,0.7840113540490469,0.004861914975680936,3,0.22557431956132254,0.0015959057558684385,3,-0.3731916497151057,0.005629399328084306,3,0.0,0.0,3,0.535159743852177,0.009272394199181397,3,1.5311274429162343,0.03579204479298831,3,0.9476477106412253,0.24433932215355048,3
can,td,10000,0.09247819880644477,0.003112680084647488,3,0.014681524286667505,0.2825591422933122,3,28.45007848739624,0.8707961713430763,3,0.6217587739229202,0.002245555437061766,3,0.7980947047472,0.008937396945046038,3,0.23300317178169885,0.0011920217722049358,3,-0.3867281700174014,0.00501458250636007,3,0.0,0.0,3,0.5082352939557621,0.007042614799318457,3,1.3487637042999268,0.06373669289770434,3,-0.014681524286667505,0.2825591422933122,3
can,td,15000,0.08416827609762545,0.002536780391768557,3,0.057864292214314154,0.0817380061481089,3,18.88827308019002,0.34949795716588355,3,0.6211590220530828,0.0009730119480209617,3,0.7982543458541235,0.004228267477531331,3,0.2333868220448494,0.0013375661358528254,3,-0.3883275215824445,0.004592765835912645,3,0.0,0.0,3,0.49044260711824855,0.00594080810257388,3,1.2747209171454112,0.043530355280477495,3,-0.057864292214314154,0.0817380061481089,3
can,td,20000,0.07426054365932938,0.0025787177011802813,3,-0.4007132314145565,0.27473628202942457,3,7.240603506565094,1.1766326812427335,3,0.6171346654494604,0.0007299306719517814,3,0.786418691277504,0.006026629707274937,3,0.2268415279686451,0.0025487446139353586,3,-0.3937607059876124,0.006407162409102765,3,0.0,0.0,3,0.4760909354877505,0.009432578407447175,3,1.1601478258768718,0.047601981277311765,3,0.4007132314145565,0.27473628202942457,3
can,td,25000,0.06810126975178715,0.0020479361041783523,3,0.0526147031535705,0.08209128593149331,3,-3.7812092502911887,1.9508823444624823,3,0.6189417739709219,0.0011361818215475726,3,0.7970546285311381,0.003244768164808135,3,0.22898066664735475,0.0013375673716567143,3,-0.4005905364950498,0.003689398686798859,3,0.0,0.0,3,0.48492565739780974,0.004674209843585633,3,1.0615435043970745,0.04290176237900062,3,-0.0526147031535705,0.08209128593149331,3
can,td,30000,0.06540273562073702,0.0033899150331028827,3,-0.11711557904879251,0.3808755031702114,3,-9.883748499552409,0.8636881360962131,3,0.6172336141268412,0.003027934407993437,3,0.7917963186899821,0.009390219057588944,3,0.22987352112929027,0.005640701178753835,3,-0.39816056688626605,0.011007795943118537,3,0.0,0.0,3,0.47301802990432734,0.009689521902740804,3,1.0389483094215393,0.06651472243253512,3,0.11711557904879251,0.3808755031702114,3
can,td,35000,0.06301637787061427,0.001930107851852068,3,-0.024181272834539413,0.1947842898847433,3,-13.984105507532755,1.3619650373704686,3,0.6192147880792618,0.003112180930436697,3,0.7923566301663717,0.005289914541305105,3,0.23007348428169885,0.004821656575424131,3,-0.4023028115431468,0.008147719596613487,3,0.0,0.0,3,0.47837381248792693,0.004895291241189875,3,0.9956193914016088,0.041205620152096695,3,0.024181272834539413,0.1947842898847433,3
can,td,40000,0.060342587235694085,0.0014642069000776437,3,0.19055375084280968,0.3264423939759364,3,-16.494990905125935,1.7678974349826118,3,0.6208810955286026,0.001322348533279492,3,0.8013009876012802,0.006265652598541143,3,0.23280553643902144,0.0014558201876968266,3,-0.3973884905378024,0.008864062289642372,3,0.0,0.0,3,0.47364980815344143,0.0032423881135580875,3,0.9630370189746221,0.025478253859512752,3,-0.19055375084280968,0.3264423939759364,3
can,td,45000,0.06010975786484774,0.002657514215734452,3,0.014664145807425186,0.06522088528064258,3,-18.14214285214742,1.6669597259565367,3,0.6220826357603073,0.000677057535104537,3,0.8003450483083725,0.0008243203680816257,3,0.2340378649532795,0.0018626225031740183,3,-0.3931233584880829,0.0068347269220520234,3,0.0,0.0,3,0.4816475202998553,0.001783152462841563,3,0.9388447850942612,0.03403987322305054,3,-0.014664145807425186,0.06522088528064258,3
can,td,50000,0.0577234870443741,0.0030239242397531833,3,-0.20848316078384713,0.3607059816934181,3,-18.75944495201111,1.4639108077687537,3,0.6209600667158762,0.003113360345487376,3,0.7924482872088751,0.010188591523316136,3,0.22920155401031175,0.00424038444875507,3,-0.3927360350886981,0.002766259416537418,3,0.0,0.0,3,0.4773990175180671,0.012906871040244626,3,0.903797060251236,0.040675930792064365,3,0.20848316078384713,0.3607059816934181,3
can,td,55000,0.054379354914029406,0.0032704470562238946,3,0.26764048387606937,0.16411591245012286,3,-22.064958254496258,2.2039079452248322,3,0.6248255868752798,0.0020180226888321024,3,0.8027906815210978,0.0030116366148590155,3,0.23663040498892465,0.000970802621892573,3,-0.3990551655491193,0.010304444736719248,3,0.0,0.0,3,0.4844049157445894,0.008580094165693017,3,0.8507931182781855,0.05367252425345708,3,-0.26764048387606937,0.16411591245012286,3
can,td,60000,0.05296948598076895,0.004165311983774644,3,0.17374018033345542,0.2326349689552025,3,-23.784744199117025,4.781717012944123,3,0.6222758014996846,0.0022435872848516874,3,0.799436887105306,0.0026919844054284327,3,0.23249629139900208,0.0020821499698609074,3,-0.4027654409408569,0.005001397749432023,3,0.0,0.0,3,0.4830649989554378,0.014614757342047492,3,0.8324943979581197,0.06169659451367163,3,-0.17374018033345542,0.2326349689552025,3
can,td,65000,0.05229729432612654,0.004714562481658535,3,0.48295969764391583,0.0822713902592375,3,-25.488350073496502,4.533405181364229,3,0.6256444106499354,0.0022602533092734574,3,0.8070809791485468,0.004965043849267775,3,0.23635138695438704,0.0035404736591417223,3,-0.40366365263859433,0.00978352744061393,3,0.0,0.0,3,0.49042747297422257,0.004961273681841003,3,0.8162596970796585,0.06691583280397408,3,-0.48295969764391583,0.0822713902592375,3
can,td,70000,0.052342157003780164,0.004961303611069753,3,0.1267551283041636,0.11845179591840833,3,-24.545689821243286,4.348642997398149,3,0.621533215045929,0.0009241673036990328,3,0.798647403717041,0.004824738345760402,3,0.2309454157948494,0.0018207925489831113,3,-0.39877399802207947,0.0014890964136638663,3,0.0,0.0,3,0.4840501221070994,0.004553842292576733,3,0.8171166777610779,0.0827752293268569,3,-0.1267551283041636,0.11845179591840833,3
can,td,75000,0.05108710128503535,0.004455050106489665,3,0.31492343669136363,0.027451982049073897,3,-24.50037654240926,6.22849899787749,3,0.6251289149125417,0.0021767317417098254,3,0.8011296987533569,0.0027562854732670764,3,0.23567709450920424,0.0023296789448604663,3,-0.40076011667648953,0.006195927237353151,3,0.0,0.0,3,0.4798543811610047,0.00676421056233222,3,0.8060084929068884,0.06383721194442567,3,-0.31492343669136363,0.027451982049073897,3
can,td,80000,0.04941688673570749,0.003247288552164605,3,-0.11532620961467425,0.3005803710879625,3,-26.26309410730998,5.302528724678273,3,0.6217593600352606,0.0015168682059892426,3,0.7909447948137919,0.004858753675540092,3,0.22998047868410745,0.0015606676010230425,3,-0.4012800604104996,0.004198847799577885,3,0.0,0.0,3,0.477150791470527,0.006219781893917442,3,0.780613511800766,0.04246809735183608,3,0.11532620961467425,0.3005803710879625,3
can,td,85000,0.047075748179728726,0.0032125989381391906,3,0.24769853303829834,0.09523330836744548,3,-28.10672394434611,3.7267037643947694,3,0.6243463804324468,0.0018707402454576187,3,0.797002300620079,0.004778695212552149,3,0.23429363096753755,0.002524794765160659,3,-0.40272896736860275,0.0034683042069843175,3,0.0,0.0,3,0.47757055529232023,0.0046867847338140905,3,0.747385616103808,0.0593193391475177,3,-0.24769853303829834,0.09523330836744548,3
can,td,90000,0.046155790487925154,0.0035536857661093582,3,0.07225396086772283,0.07527735587616884,3,-28.995579655965173,2.1166867376691156,3,0.6228951732317607,0.0004204258477798957,3,0.7961854259173075,0.0029048571020458508,3,0.23231958051522572,0.00023251523574352827,3,-0.4012240231037139,0.0050296085890225856,3,0.0,0.0,3,0.48554016013220797,0.006445430724183096,3,0.7192622224489847,0.05625449520423734,3,-0.07225396086772283,0.07527735587616884,3
can,td,95000,0.045655178992698546,0.0034654029568573735,3,-0.2893258463591337,0.1967626543440447,3,-29.558478037516277,2.1177252638699184,3,0.6212153087059656,0.0007088628479084674,3,0.7874604811271032,0.0015022561238146087,3,0.22819011410077414,0.0010724077387628754,3,-0.40096518645683926,0.003997313017247987,3,0.0,0.0,3,0.4773831562666633,0.007171066689360252,3,0.7197723984718323,0.046731095269209405,3,0.2893258463591337,0.1967626543440447,3
can,td,100000,0.044665889147048166,0.0028435616644436304,3,-0.15592544401685396,0.46663548933441673,3,-27.57264296213786,1.54147650198185,3,0.6208365460236868,0.0026847727570118583,3,0.7891672402620316,0.009887649798959851,3,0.22965495785077414,0.003372428908836454,3,-0.3979638069868088,0.0027932561421371415,3,0.0,0.0,3,0.4845495346816196,0.004482161504035332,3,0.6908362607161204,0.040957613979956196,3,0.15592544401685396,0.46663548933441673,3
can,td,105000,0.04441856763636068,0.0028353327285498093,3,-0.23165923481186232,0.3022554154909265,3,-28.48898442586263,0.5204641303269574,3,0.621512328584989,0.002242883670099725,3,0.7844402343034744,0.009623023665906446,3,0.23100354398290315,0.005027218007746259,3,-0.3986961816747983,0.0034565548508336524,3,0.0,0.0,3,0.479071312637606,0.003922980288872206,3,0.6951214820146561,0.05133503222876168,3,0.23165923481186232,0.3022554154909265,3
can,td,110000,0.04352396186441177,0.002704038592298237,3,0.3527890710781018,0.18089215124322014,3,-30.142518202463787,1.5301584155365724,3,0.623106429974238,0.000409401455292861,3,0.795743778347969,0.0022367559195275726,3,0.234002985060215,0.0017163635445412038,3,-0.4077993854880333,0.007530008855239954,3,0.0,0.0,3,0.47623375353669356,0.006486002709801412,3,0.6938209782044092,0.044580909930223164,3,-0.3527890710781018,0.18089215124322014,3
can,td,115000,0.04250236401955284,0.0032283799996191413,3,-0.13322801391283673,0.14837477256104895,3,-31.185517470041912,0.4194504992205094,3,0.6216099758942922,0.0007760577321537059,3,0.7891120364268621,0.005064588754730248,3,0.22998047744234404,0.001343716793347176,3,-0.40125847111145657,0.008490010085137037,3,0.0,0.0,3,0.47311790782205837,0.010655481461016114,3,0.6772182037432989,0.04253729115800896,3,0.13322801391283673,0.14837477256104895,3
can,td,120000,0.041951836546262056,0.003202994137152006,3,-0.2269402722517649,0.16092357990982015,3,-30.163531366984046,0.7174444965445382,3,0.6202710986137391,0.00039729792739977917,3,0.7814547419548035,0.0024038596780155057,3,0.2290922741095225,0.00036248403456280715,3,-0.4058354397614797,0.00580520770212583,3,0.0,0.0,3,0.4739446911636224,0.007813559082244716,3,0.6682850480079651,0.05340303591631135,3,0.2269402722517649,0.16092357990982015,3
can,tent12,0,0.41437990199774505,0.0012773794903531586,3,-15.459011713663736,0.24237906931406397,3,120.02928733825684,1.145565268617056,3,0.5361564705769221,0.003772251746565234,3,0.3003604343781868,0.014803123960997318,3,0.11678060268362363,0.003832284035021015,3,-0.19189377004901564,0.006307222977439883,3,0.0,0.0,3,0.8964264848746506,0.03739943184108653,3,1.5022847354412079,0.0825792101879618,3,15.459011713663736,0.24237906931406397,3
can,tent12,5000,0.2845983573546012,0.018941383339245253,3,-11.618721961975098,0.4878763809640995,3,119.56196784973145,7.888614095423578,3,0.5502482304970423,0.003103122597302091,3,0.4700671086708705,0.017085037438486203,3,0.13603283651173115,0.0046328704267854705,3,-0.2713491568962733,0.011573234297665803,3,0.0,0.0,3,0.5262195292701347,0.028933948264100937,3,2.5955970684687295,0.1587374043277594,3,11.618721961975098,0.4878763809640995,3
can,tent12,10000,0.3364275734871625,0.026069863095969575,3,-11.740706205368042,0.23255697567340392,3,135.43881352742514,16.13786000055194,3,0.5502766023079554,0.0021264533164519744,3,0.4624702607591947,0.0057296637955124834,3,0.1325218609223763,0.0018500651116887974,3,-0.2718894630670547,0.003941741462945784,3,0.0,0.0,3,0.5254898397445907,0.023259335670099194,3,2.9902541637420654,0.11757132920174461,3,11.740706205368042,0.23255697567340392,3
can,tent12,15000,0.35101379466553523,0.014836859718927235,3,-11.654377619425455,0.20126911965844776,3,155.32912953694662,19.95204431085607,3,0.5528948257366816,0.0014514161921809342,3,0.4663673887650172,0.006187820759891737,3,0.13599796096483865,0.0031748077066586495,3,-0.2664686217904091,0.005548950199056477,3,0.0,0.0,3,0.557575382662339,0.00813352418179024,3,2.9325472712516785,0.12788431864524047,3,11.654377619425455,0.20126911965844776,3
can,tent12,20000,0.35187890405456224,0.020326488438381397,3,-11.884108622868856,0.24698943443708227,3,165.59463373819986,16.918814604482236,3,0.5502115935087204,0.0023649803804016148,3,0.4534271111090978,0.009251949313731505,3,0.1351376548409462,0.0025312919027396,3,-0.2660871470967929,0.0034395215429684827,3,0.0,0.0,3,0.5751740694791129,0.011795734066274663,3,2.79795910914739,0.15374095353159192,3,11.884108622868856,0.24698943443708227,3
can,tent12,25000,0.34437239430844785,0.04426017131823783,3,-11.745930512746176,0.06704552015392751,3,168.32085736592612,21.384809202766125,3,0.5504765460888544,0.0014177491433505522,3,0.4613652502497037,0.002389240384707975,3,0.13507952416936556,0.0021669779397370187,3,-0.2723994304736455,0.0038760661048701413,3,0.0,0.0,3,0.5818815445895131,0.003726127654113192,3,2.785619378089905,0.36446323197128944,3,11.745930512746176,0.06704552015392751,3
can,tent12,30000,0.3306456843515237,0.0657124137253856,3,-11.7739959081014,0.08882194407942784,3,164.2016840616862,38.080125550671745,3,0.5514343698819478,0.0018100269773427145,3,0.45509386857350664,0.0036171149221198946,3,0.135788697997729,0.0012066071395134697,3,-0.26801904042561847,0.003849937095011924,3,0.0,0.0,3,0.5990774241261542,0.004652826676930488,3,2.54902769724528,0.4846003897100203,3,11.7739959081014,0.08882194407942784,3
can,tent12,35000,0.32190104698141414,0.0742399953302832,3,-12.026750882466635,0.14660349087978772,3,158.34174601236978,51.92586635060973,3,0.551949938138326,0.002192593084010363,3,0.4524434929092725,0.002506733702903337,3,0.13573056707779566,0.0013586220908940686,3,-0.26212552065650624,0.002445674791741479,3,0.0,0.0,3,0.6120510978407148,0.010134791596906334,3,2.420621226231257,0.5560993072051967,3,12.026750882466635,0.14660349087978772,3
can,tent12,40000,0.33131718672811983,0.08541852813780536,3,-11.773959080378214,0.06023404604925447,3,159.44772052764893,59.34693666587561,3,0.5524156838655472,0.0003912316158352554,3,0.4572930460174878,0.004425221672953138,3,0.13638160998622575,0.0009079988759129469,3,-0.2642429818709691,0.002191634681072596,3,0.0,0.0,3,0.6295089615998081,0.006132100320325907,3,2.430317838986715,0.5856224534356698,3,11.773959080378214,0.06023404604925447,3
can,tent12,45000,0.31605781459559995,0.07864525588502307,3,-11.941750526428223,0.1732156287695336,3,157.99562962849936,62.63530401653746,3,0.553687979777654,0.0024105987665600866,3,0.4541385720173518,0.005926635081303126,3,0.13563756148020426,0.00247382612349288,3,-0.26353320727745694,0.0061676593663467704,3,0.0,0.0,3,0.6169433990201111,0.008601513676795,3,2.377058207988739,0.577613545511289,3,11.941750526428223,0.1732156287695336,3
can,tent12,50000,0.294888988820215,0.07074923251669374,3,-11.815529823303223,0.07227025071479506,3,151.323317527771,62.67206961756452,3,0.5515590260426203,0.0014595130766087488,3,0.45572428901990253,0.001385779024939563,3,0.1340913362801075,0.0005823333514039784,3,-0.2667964945236842,0.0039781811901124925,3,0.0,0.0,3,0.6271837642815017,0.004615289768383643,3,2.1884005963802338,0.5254924296347023,3,11.815529823303223,0.07227025071479506,3
can,tent12,55000,0.276412912334005,0.05462633057583153,3,-11.922861735026041,0.18258428500977542,3,140.1629311243693,58.22967922304168,3,0.5511927704016367,0.0008024286945861565,3,0.4529029404123624,0.0032962497613348574,3,0.1337193145106236,0.002127511513323183,3,-0.26754632343848544,0.004913467436836407,3,0.0,0.0,3,0.6151551285023551,0.016377867075741293,3,2.1173842549324036,0.4904513750209972,3,11.922861735026041,0.18258428500977542,3
can,tent12,60000,0.2638439766069253,0.048535470899145686,3,-12.075624974568685,0.11719970357129872,3,123.13574167887371,47.38389096037011,3,0.5508428772290548,0.002979469085967196,3,0.44662758310635886,0.006557435986610649,3,0.1345331162214279,0.0038276101403673596,3,-0.26417077382405596,0.004362782870573979,3,0.0,0.0,3,0.6124004293009345,0.01603182511587473,3,2.0056665817896526,0.39770030811315055,3,12.075624974568685,0.11719970357129872,3
can,tent12,65000,0.2412860644981265,0.033922075731248454,3,-11.980374177296957,0.07121890426112834,3,107.9480209350586,38.195538427865955,3,0.5507169018189112,0.0006093288456951954,3,0.44879594693581265,0.0022583171021567506,3,0.13434710477789244,0.0016168144568177957,3,-0.26589685181776684,0.002931957223555298,3,0.0,0.0,3,0.6135935596534549,0.01247511968095792,3,1.8405367533365886,0.3067537466632792,3,11.980374177296957,0.07121890426112834,3
can,tent12,70000,0.2305079621573289,0.03055474687651716,3,-11.97577158610026,0.11406193524556725,3,95.50395170847575,29.20004226770502,3,0.5481570959091187,0.0021151839472870896,3,0.4492331196864446,0.0034229537936157203,3,0.12941778947909674,0.0008546286692135578,3,-0.26875939468542737,0.001126989304628255,3,0.0,0.0,3,0.6103804070059162,0.012059119579607291,3,1.7654643257459004,0.25947056017699166,3,11.97577158610026,0.11406193524556725,3
can,tent12,75000,0.21300996144612627,0.028281635771756908,3,-11.935560623804728,0.08078163075570777,3,82.5978832244873,25.137433091111294,3,0.5503665010134379,0.0006817704619451515,3,0.4529738227526347,0.0035062862546175605,3,0.131126773233215,0.0006775923043132192,3,-0.27158008764187497,0.0010542940479476093,3,0.0,0.0,3,0.6198605355395544,0.010734260454205401,3,1.6249893009662628,0.2374261830394093,3,11.935560623804728,0.08078163075570777,3
can,tent12,80000,0.19906521942466493,0.02314260578033371,3,-12.044343709945679,0.0758364967321946,3,70.23971811930339,19.95801265213275,3,0.5503503630558649,0.000900217517673586,3,0.4468818927804629,0.0015744143066236493,3,0.1307547502219677,0.0006629735607242332,3,-0.2702176397045453,0.0013163121673582297,3,0.0,0.0,3,0.6109547075877035,0.008320501276693974,3,1.5216830869515736,0.19541195899798675,3,12.044343709945679,0.0758364967321946,3
can,tent12,85000,0.1892660859972238,0.018060993056519738,3,-11.861286242802938,0.13541367177222777,3,59.4261147181193,16.005692579923352,3,0.5510009378194809,0.0017962968073458921,3,0.45366254200538,0.004262526787588793,3,0.13321940725048384,0.001605657555585249,3,-0.26961444814999896,0.0012491515985150127,3,0.0,0.0,3,0.6119245164748754,0.010768521317587453,3,1.4589872856934865,0.16352187961247797,3,11.861286242802938,0.13541367177222777,3
can,tent12,90000,0.18251529792944587,0.009672675717301899,3,-11.873273849487305,0.11503927652104902,3,51.20752614339193,9.67263733154151,3,0.551078200340271,0.002917511262664467,3,0.4548125525315603,0.003898042896955207,3,0.13263579607009887,0.0018564892972263412,3,-0.27198471625645954,0.0037237519325690237,3,0.0,0.0,3,0.6044759828452095,0.013375928415185439,3,1.430212370554606,0.09954295823281668,3,11.873273849487305,0.11503927652104902,3
can,tent12,95000,0.17693745618065193,0.00601095483972437,3,-11.671607653299967,0.06822849799753664,3,43.489887714385986,5.475722454912717,3,0.5513664136330286,0.0010359160318500502,3,0.4592221627632777,0.0030197068294157275,3,0.13545154904325804,0.0009751778517850592,3,-0.269706388314565,0.0014288462856165017,3,0.0,0.0,3,0.6155473455773993,0.007760945739876537,3,1.364007870356242,0.04066674407542328,3,11.671607653299967,0.06822849799753664,3
can,tent12,100000,0.17452485058456657,0.002618389940362143,3,-11.926215569178263,0.08005858963720702,3,41.359150886535645,5.20338942339711,3,0.548741395274798,0.0009133367177589409,3,0.45304399480422336,0.00373376442885047,3,0.13158017583191395,0.0002359769406510622,3,-0.2730015069246292,0.001665356385764452,3,0.0,0.0,3,0.6103530404556864,0.009434380629405879,3,1.3545532822608948,0.03277733327737589,3,11.926215569178263,0.08005858963720702,3
can,tent12,105000,0.17202362393339474,0.0021352213714573927,3,-11.821965853373209,0.0823915823830169,3,37.98596064249674,4.355231690082898,3,0.5524873783191045,0.0009070746932176584,3,0.45300451666116714,0.003324679202259568,3,0.13378906746705374,0.0012128736292344715,3,-0.26957083493471146,0.0025763685427447943,3,0.0,0.0,3,0.5941514279608465,0.002058188163262936,3,1.3680396378040314,0.020870196916177947,3,11.821965853373209,0.0823915823830169,3
can,tent12,110000,0.17261022248615818,0.004385419909950619,3,-11.953813076019287,0.10491992595613009,3,37.523070653279625,4.879939924316901,3,0.5499479820330938,0.001092972999700007,3,0.4477794940272967,0.004147331746733433,3,0.1304873569558064,0.002116652384332279,3,-0.2705034886797269,0.0040526083577832805,3,0.0,0.0,3,0.6117246892223722,0.0061690485603757995,3,1.32451730966568,0.02600948346324036,3,11.953813076019287,0.10491992595613009,3
can,tent12,115000,0.1709848387787739,0.005976321355100309,3,-12.157135089238485,0.11631346121756432,3,36.61168670654297,4.250092642287164,3,0.5488578627506892,0.0028774553655367394,3,0.4442332312464714,0.002073489077931623,3,0.13008045653502145,0.0029280496459791923,3,-0.2693171997865041,0.004712757419769559,3,0.0,0.0,3,0.6091725627239919,0.0011018930507744873,3,1.3195409675439198,0.05309560711409497,3,12.157135089238485,0.11631346121756432,3
can,tent12,120000,0.16812545816103616,0.005965520195933824,3,-11.83416748046875,0.013020736289003682,3,36.31866734822591,5.145646761754176,3,0.5516341328620911,0.0011013317461731644,3,0.4558749735355377,0.0029783442327182964,3,0.13414249022801716,0.0014108432461937205,3,-0.27240968743960065,0.0038703576019519536,3,0.0,0.0,3,0.6116856991804266,0.0072725359155079395,3,1.3192158699035643,0.061955212295097976,3,11.83416748046875,0.013020736289003682,3
can,tent12i,0,0.14837155677378175,0.002947464043036033,3,-13.051753838857016,0.3055328237885834,3,0.04210224747657776,1.31334007589144,3,0.557975709438324,0.006876269961969588,3,0.4187436004479726,0.02148580223967406,3,0.13893927137056986,0.005801281756831205,3,-0.20712469766537345,0.011458662924834826,3,0.0,0.0,3,0.6410246463852084,0.009662538967100943,3,0.996423343817393,0.05505818386093556,3,13.051753838857016,0.3055328237885834,3
can,tent12i,5000,0.18688449431210752,0.004066266391529276,3,-11.294783671696981,0.10697391537463939,3,-1.6452038983503978,2.292282612095796,3,0.560078094402949,0.0037588670315557167,3,0.49026386936505634,0.005118499911498795,3,0.146286740899086,0.0046579635925397605,3,-0.2474052645266056,0.007896627866584134,3,0.0,0.0,3,0.4649979160117579,0.0028032264459149406,3,1.9209610323111217,0.043218321584303325,3,11.294783671696981,0.10697391537463939,3
can,tent12i,10000,0.2407766343404849,0.01253959749212543,3,-11.7138778368632,0.09964875866384684,3,30.458069324493408,7.459293230355848,3,0.5584286004304886,0.0022591780469198167,3,0.4728463490804036,0.0025568932077664015,3,0.14240374540289244,0.002326687639045124,3,-0.2419366824130217,0.006452821735086175,3,0.0,0.0,3,0.5153640148373578,0.009997946195831362,3,2.1508996884028115,0.12221791555356214,3,11.7138778368632,0.09964875866384684,3
can,tent12i,15000,0.27434469262758887,0.021887512576027644,3,-11.626053730646769,0.2313061608757483,3,65.90020974477132,15.440458411253447,3,0.5602366278568903,0.0007660380626720053,3,0.47541167090336484,0.006271860339944722,3,0.14680990328391394,0.0020376932604738766,3,-0.23749774570266402,0.006112913566536632,3,0.0,0.0,3,0.5636498285776256,0.02259563085624586,3,2.2379595239957175,0.0942443934274283,3,11.626053730646769,0.2313061608757483,3
can,tent12i,20000,0.31255847935875253,0.03373773793256725,3,-11.637893199920654,0.15601357807743055,3,102.09362983703613,24.054816469303184,3,0.5584358076254526,0.0018341172918489384,3,0.47145753850539523,0.007460516107810018,3,0.14300828302899996,0.0014742710416061446,3,-0.24592916294932365,0.001330326629156746,3,0.0,0.0,3,0.6038983485609596,0.01854151663123593,3,2.3737926681836448,0.16289410759658984,3,11.637893199920654,0.15601357807743055,3
can,tent12i,25000,0.3486747412631909,0.039136144652384804,3,-11.952617327372232,0.1980313238987377,3,139.5113722483317,31.82138881286071,3,0.5553534875313441,0.0010009175415877424,3,0.46143941084543866,0.00996298739796158,3,0.142671138048172,0.0014080108237139108,3,-0.24460789437095323,0.0044324356337964565,3,0.0,0.0,3,0.6227869029743596,0.013717655665187754,3,2.532174011071523,0.2086281588179385,3,11.952617327372232,0.1980313238987377,3
can,tent12i,30000,0.37735690901676805,0.04197204238830703,3,-11.514470163981121,0.12169291830310103,3,174.10448354085284,40.361958100200724,3,0.5579176743825277,0.0016649541620360263,3,0.47184007565180464,0.002041716502591036,3,0.1447730710109075,0.002255579601858331,3,-0.25202523271242777,0.0004011317370093775,3,0.0,0.0,3,0.6330721659821693,0.01594853758743922,3,2.763355350494385,0.24381520030731604,3,11.514470163981121,0.12169291830310103,3
can,tent12i,35000,0.4042365404466788,0.047091858128985704,3,-11.860890944798788,0.0533246827870886,3,202.50259653727213,46.97724059083205,3,0.5552218109369278,0.001171099442151378,3,0.45928018788496655,0.006353288841879466,3,0.14065988237659136,0.00019208915471837312,3,-0.2505204603075981,0.00249951000284454,3,0.0,0.0,3,0.6284991681544397,0.004921381616671286,3,2.931776762008667,0.2944411446028409,3,11.860890944798788,0.0533246827870886,3
can,tent12i,40000,0.41531224971016245,0.038169930121277264,3,-11.78841241200765,0.20149629794753335,3,230.2408879597982,51.76117192576262,3,0.5543178717295328,0.0018988936144026139,3,0.45620233565568924,0.009941722827480142,3,0.13742792730530104,0.001728720925113263,3,-0.2584115440646807,0.001402121330887301,3,0.0,0.0,3,0.6169649641886369,0.005168710762812563,3,3.0676676829655967,0.20628573373561307,3,11.78841241200765,0.20149629794753335,3
can,tent12i,45000,0.41981194578111175,0.02706878033774492,3,-12.01847235361735,0.20227197514206915,3,246.23037719726562,46.188046843522265,3,0.553327719370524,0.0006596926443413508,3,0.45117346694072086,0.0024786479628908704,3,0.13779995093743005,0.0011621669959437913,3,-0.25791020939747494,0.0026484561291751966,3,0.0,0.0,3,0.6250573079416628,0.003612224383217076,3,3.0723077058792114,0.2121656231396027,3,12.01847235361735,0.20227197514206915,3
can,tent12i,50000,0.41746374269326525,0.03569486908830422,3,-11.975121974945068,0.1429373817378296,3,254.56833012898764,46.58935137583489,3,0.5507089594999949,0.0014682375457239075,3,0.44626659403244656,0.005913636719057371,3,0.13595145816604295,0.0030177035009274268,3,-0.25769231965144473,0.0014320881428771487,3,0.0,0.0,3,0.6139090711824106,0.004869674141563073,3,3.0662307937939963,0.2412028394609319,3,11.975121974945068,0.1429373817378296,3
can,tent12i,55000,0.41098021442691485,0.03990732939284781,3,-12.134174108505249,0.11478122361409425,3,259.15653864542645,48.36500607379571,3,0.5519009530544281,0.0015750441976536442,3,0.44044309357802075,0.0010832986607969477,3,0.134370356798172,0.0007578170816684683,3,-0.2571309780081113,0.003946993633541894,3,0.0,0.0,3,0.6088187879580178,0.011463101428680978,3,3.0223957101504006,0.22397582756396991,3,12.134174108505249,0.11478122361409425,3
can,tent12i,60000,0.38348644822835914,0.041188711057572054,3,-11.961309115091959,0.055374417163111894,3,248.5793629964193,52.59631602816404,3,0.5517077167828878,0.0005522693935467083,3,0.4431716203689575,0.004429805763862422,3,0.13640253543853761,0.0007580415851802247,3,-0.26116804480552674,0.005592164413808631,3,0.0,0.0,3,0.5945689051338973,0.004777511757092531,3,2.9117201010386147,0.2564261647764007,3,11.961309115091959,0.055374417163111894,3
can,tent12i,65000,0.35834339621166383,0.03689094714991991,3,-11.840707063674927,0.07201266998833028,3,226.84701919555664,53.68487520833045,3,0.552622194091479,0.001483667557735837,3,0.44777656346559525,0.006235715929833358,3,0.13628860314687094,0.0018132068198550815,3,-0.26264731213450426,0.004057501653582809,3,0.0,0.0,3,0.5918117846183927,0.005265166243038996,3,2.77099202076594,0.23624941099089122,3,11.840707063674927,0.07201266998833028,3
can,tent12i,70000,0.35000784223278364,0.03482345391151452,3,-11.750365177790323,0.09674732136679012,3,214.16940943400064,49.250252447540646,3,0.5509055803219477,0.001401566155341188,3,0.4483158811926842,0.007621947074165724,3,0.13495164488752684,0.0018610994203829923,3,-0.26277713974316913,0.0037994376218281347,3,0.0,0.0,3,0.5917321659460794,0.0044387708487975104,3,2.703149656454722,0.2096004894373445,3,11.750365177790323,0.09674732136679012,3
can,tent12i,75000,0.3422365802029768,0.030730167540931465,3,-11.961411237716675,0.049787098573717645,3,205.6111831665039,43.13719651901904,3,0.5503146996100744,0.0021150406318984215,3,0.4442034314076106,0.006131899397676174,3,0.13543992365399996,0.003504906423762883,3,-0.26536814123392105,0.005977183447454173,3,0.0,0.0,3,0.5874210564281964,0.005944970270404238,3,2.651423613230387,0.193566842660557,3,11.961411237716675,0.049787098573717645,3
can,tent12i,80000,0.32358665292461714,0.03249558387001204,3,-12.014802773793539,0.10923965641843503,3,193.02430852254233,39.38610337646892,3,0.5501696368058523,0.0017246821665950066,3,0.4429251402616501,0.0073224735217246595,3,0.1330333954344193,0.0018303442018435612,3,-0.26402681196729344,0.0036027542305545708,3,0.0,0.0,3,0.5869476205640954,0.006412337281677458,3,2.51055908203125,0.22704361863644362,3,12.014802773793539,0.10923965641843503,3
can,tent12i,85000,0.29982845441748696,0.036766784915676,3,-12.028639554977417,0.24900454762010807,3,172.34151458740234,37.44619324771528,3,0.5502996444702148,0.0030505406871353326,3,0.4418327733874321,0.011588195484468003,3,0.1332775348176559,0.00250147972673828,3,-0.2647976962228616,0.004940849501866259,3,0.0,0.0,3,0.5885459208843773,0.007362704424831363,3,2.314619302749634,0.2587796364636558,3,12.028639554977417,0.24900454762010807,3
can,tent12i,90000,0.2722666531304518,0.03695471359254266,3,-11.903888893127442,0.05505287170199979,3,150.24668884277344,35.674224253095424,3,0.5502927541732788,0.001153166743478934,3,0.4491567969322205,0.0022020506028627156,3,0.13344494551420213,0.0009104606081370767,3,-0.2704672237237294,0.003921492707017347,3,0.0,0.0,3,0.5863110393170493,0.005182343385160172,3,2.170258235931396,0.29264598484576587,3,11.903888893127442,0.05505287170199979,3
can,tent12i,95000,0.25017193493743733,0.037122033179656434,3,-11.64751942952474,0.09451956401708123,3,127.06430625915527,35.352719552189484,3,0.5512803246577581,0.00047135446238864734,3,0.45340077579021454,0.002080878027432159,3,0.13562593484918276,6.151695109982906e-05,3,-0.26761822650829953,0.00441259273272833,3,0.0,0.0,3,0.5827505190021071,0.0025611833098041193,3,1.992736041545868,0.27979648356483416,3,11.64751942952474,0.09451956401708123,3
can,tent12i,100000,0.227361662996312,0.028939066630096915,3,-11.921027342478434,0.06708267695567896,3,105.02630774180095,31.07164183740757,3,0.5493785589933395,0.001467701731472864,3,0.44757018735011417,0.0018836004570627156,3,0.13310314963261285,0.001580715545898928,3,-0.2694588750600815,0.004626066115269628,3,0.0,0.0,3,0.5781098669577337,0.0016906705624031978,3,1.8291383385658264,0.22627121563199992,3,11.921027342478434,0.06708267695567896,3
can,tent12i,105000,0.20631542416910328,0.02093598906855875,3,-11.968518733978271,0.09475578223688587,3,86.70703601837158,25.49883241721666,3,0.5506144116322199,0.0004308377628069073,3,0.4498811786373456,0.0036943270801302022,3,0.13088263322909674,7.623447969647479e-05,3,-0.27196256071329117,0.005024180403682998,3,0.0,0.0,3,0.5814647943424015,0.0061533589408757534,3,1.6648071904977162,0.1530430663101538,3,11.968518733978271,0.09475578223688587,3
can,tent12i,110000,0.19037798779706158,0.02049434139716321,3,-11.982314030329386,0.016375626190828642,3,69.0501561164856,21.653689531722087,3,0.5486662189165751,0.0005812325087588945,3,0.4490554283062617,0.0007684552022907851,3,0.13199870412548384,0.0007938758336172139,3,-0.2694389993945758,0.0009490350128150349,3,0.0,0.0,3,0.576815257910683,0.00521113514581355,3,1.540890375773112,0.17821513883201065,3,11.982314030329386,0.016375626190828642,3
can,tent12i,115000,0.18272922914475198,0.022162588754652275,3,-12.232220808664957,0.022581841482226975,3,55.596302350362144,21.968456575665293,3,0.549977645277977,0.0015489167075597924,3,0.44424603631099063,0.00246356569218039,3,0.13092913354436556,0.0009969040848630854,3,-0.26604370524485904,0.0016133326686851527,3,0.0,0.0,3,0.5921963240647271,0.014179188143956968,3,1.43429034948349,0.193270097556418,3,12.232220808664957,0.022581841482226975,3
can,tent12i,120000,0.1700754790504773,0.018810060061298668,3,-12.051669184366864,0.10181120735001706,3,45.18706715901693,18.51544935169765,3,0.5507034500439961,0.0014011394148550718,3,0.45113776524861654,0.006069697597661189,3,0.13187314768632252,0.001096406580123852,3,-0.26850091417630506,0.0011854598647244136,3,0.0,0.0,3,0.5968952337210802,0.012478415737462173,3,1.3430697282155355,0.166044763246865,3,12.051669184366864,0.10181120735001706,3
can,tent6,0,0.3890352573866645,0.0014046258222195774,3,-14.653961022694906,0.4892070105824491,3,116.89457194010417,0.7712305919020375,3,0.538450668255488,0.005168909347629394,3,0.32863018723825616,0.014544381941215583,3,0.11912900333603223,0.005011058707313304,3,-0.21246329074104628,0.003285328321913685,3,0.0,0.0,3,0.8687886447443987,0.015290138513723973,3,1.570309693614642,0.05645236772703295,3,14.653961022694906,0.4892070105824491,3
can,tent6,5000,0.15493557713925832,0.002695321836817275,3,-5.683562119801839,0.5537304011370655,3,88.27627944946289,4.557236598407001,3,0.5876755267381668,0.0029891749439601395,3,0.6505176424980164,0.01619455214861992,3,0.1808965876698494,0.003174808502415147,3,-0.3405991643667221,0.011335285662708949,3,0.0,0.0,3,0.43144719041348106,0.011241364885534927,3,2.286764701207479,0.019677227484214167,3,5.683562119801839,0.5537304011370655,3
can,tent6,10000,0.15228193849325175,0.00520750683106542,3,-5.4180130163828535,0.31584495227029247,3,52.758007526397705,7.737522033616014,3,0.5826220313707987,0.001212536571135089,3,0.6471602867046992,0.008870049465280826,3,0.17625791331132254,0.001316174887372455,3,-0.36178507655858994,0.004915012773803964,3,0.0,0.0,3,0.42977150857408186,0.012523414587851528,3,2.257423222064972,0.061518556765221985,3,5.4180130163828535,0.31584495227029247,3
can,tent6,15000,0.13623931373779966,0.008854180097493471,3,-5.649189631144206,0.16570155674081494,3,31.932127038637798,11.46890003962412,3,0.5826449592908224,0.002761151811222919,3,0.6443667362133662,0.005186935951371864,3,0.1748163215816021,0.003730904665703511,3,-0.3597206224997838,0.00988066596809087,3,0.0,0.0,3,0.46130385217544284,0.01784457322802868,3,1.8805463910102844,0.13041132587179813,3,5.649189631144206,0.16570155674081494,3
can,tent6,20000,0.1251403950154781,0.006793657650675516,3,-5.486224174499512,0.12913900856859417,3,20.91726698478063,11.481170144115426,3,0.5863611201445261,0.0034576781761422246,3,0.6502861678600311,0.006706109436006474,3,0.1790829710662365,0.005617376445591891,3,-0.3541929970184962,0.010152715840808641,3,0.0,0.0,3,0.5013533579934063,0.018837135931071152,3,1.5892932216326396,0.0673537827438587,3,5.486224174499512,0.12913900856859417,3
can,tent6,25000,0.11510461450864867,0.0031317031911628273,3,-5.954647064208984,0.1913139517998509,3,12.505840490261713,9.774738555056175,3,0.5831915438175201,0.002165542680003121,3,0.6415240367253622,0.0064808872289365965,3,0.1787341982126236,0.0035900034852535314,3,-0.34633099287748337,0.004869862064197132,3,0.0,0.0,3,0.5108430901518817,0.008798053221824089,3,1.4101886749267578,0.008670046563672007,3,5.954647064208984,0.1913139517998509,3
can,tent6,30000,0.1058016108224789,0.0015968844159529583,3,-5.7113297780354815,0.11733246267365507,3,7.013660979270934,6.025711510404684,3,0.5896943251291912,0.0012410583503476118,3,0.6520374457041422,0.0039013038995772565,3,0.18465402424335478,0.0013531646934131787,3,-0.3358814815680186,0.0016456065410007889,3,0.0,0.0,3,0.5368508016463384,0.008111765755864656,3,1.2412885745366413,0.0062768848390588085,3,5.7113297780354815,0.11733246267365507,3
can,tent6,35000,0.10031793375189102,0.003087238176476394,3,-6.158580621083577,0.08152320620579906,3,2.206728935241699,4.165839047546751,3,0.585444321235021,0.0030634924208470084,3,0.6421021819114685,0.004181500527227938,3,0.1805245615541935,0.0044468608918548196,3,-0.3360186293721199,0.008149694296676878,3,0.0,0.0,3,0.5359064121922464,0.014445218152410282,3,1.1678193310896556,0.0038103256331732923,3,6.158580621083577,0.08152320620579906,3
can,tent6,40000,0.09714034562930461,0.003098238888368168,3,-5.864242037137349,0.10444538053116321,3,-0.3896816472212474,3.5555164455017922,3,0.5855212857325872,0.0015653818751499547,3,0.6433285921812057,0.0034048228184878006,3,0.1799549013376236,0.00053893913445444,3,-0.3383746991554896,0.007067850142645119,3,0.0,0.0,3,0.54802370675656,0.005495271716707735,3,1.1079507370789845,0.01306322173515826,3,5.864242037137349,0.10444538053116321,3
can,tent6,45000,0.09509582323953504,0.002451276918172053,3,-5.670039216677348,0.1855473829620948,3,-1.0062387138605118,3.1187277411048564,3,0.5908416012922922,0.002232581117652532,3,0.6521497170130411,0.005389855204638152,3,0.18704660361011824,0.0026295503040545134,3,-0.3386191427707672,0.0035562826636412184,3,0.0,0.0,3,0.5634546632124477,0.0070158998895676694,3,1.0683111945788066,0.00808965786969996,3,5.670039216677348,0.1855473829620948,3
can,tent6,50000,0.0918857984555264,0.0007023909540949065,3,-5.627032399177551,0.1971515454547894,3,-0.9704874853293101,5.002261928274478,3,0.5884101390838623,0.0014481021755738802,3,0.6518114705880483,0.004726846067939216,3,0.1851283572614193,0.0026862262225863316,3,-0.33868419627348584,0.008764178141366916,3,0.0,0.0,3,0.570180481306665,0.0043436784048559995,3,1.0209243893623352,0.008936305701758166,3,5.627032399177551,0.1971515454547894,3
can,tent6,55000,0.08571430140485363,0.001373379547974248,3,-6.115777293841044,0.2102634682018216,3,-3.9390527407328286,4.694201382463444,3,0.5858426292737325,0.003168039730718556,3,0.6357362568378448,0.0029503466138013413,3,0.17921085034807524,0.0037088858338029636,3,-0.3389839331309001,0.007994465216993214,3,0.0,0.0,3,0.5558169448334368,0.004480856155223538,3,0.9656571547190348,0.024678143813969215,3,6.115777293841044,0.2102634682018216,3
can,tent6,60000,0.08323543344934776,0.002712278699134211,3,-5.984240118662516,0.10929434359585191,3,-9.11406139532725,2.7768073092533783,3,0.5859134316444398,0.0006944973255297286,3,0.6391137719154357,0.0024568399806319846,3,0.18089658518632254,0.0006636750894170109,3,-0.33975531856218977,0.004926109280871758,3,0.0,0.0,3,0.5652564323259462,0.004789489888571791,3,0.9264806429545085,0.020330123474478237,3,5.984240118662516,0.10929434359585191,3
can,tent6,65000,0.08077051707853868,0.00301482540650191,3,-5.935579895973206,0.03828391825929197,3,-10.860475262006124,1.0215583627984697,3,0.5868604779243469,0.0021888190470097713,3,0.6471951454877853,0.005247970519533749,3,0.18162900706132254,0.002915559255056338,3,-0.3428664430975914,0.007249105504617907,3,0.0,0.0,3,0.5575915492684116,0.006521428215704057,3,0.9244836568832397,0.025490568909511457,3,5.935579895973206,0.03828391825929197,3
can,tent6,70000,0.07841964727267618,0.0024456739821258106,3,-5.888883511225383,0.1353943544302255,3,-11.576022148132324,2.278377217693148,3,0.5846459666887919,0.00047406745840120415,3,0.6407971978187561,0.005307529834671028,3,0.1767694465816021,0.0010262310346542025,3,-0.34593556821346283,0.005182109216538133,3,0.0,0.0,3,0.5527175845522576,0.0016334649285635024,3,0.9009562532107035,0.02110746240293263,3,5.888883511225383,0.1353943544302255,3
can,tent6,75000,0.07783112588028109,0.0017185483762078007,3,-6.009635289510091,0.46688152741472233,3,-15.536399841308594,2.495253542043494,3,0.5876941084861755,0.004958815461633736,3,0.6391132672627767,0.013685045523791572,3,0.1801990419626236,0.005642978678852358,3,-0.3456512788931529,0.004180252810266194,3,0.0,0.0,3,0.5576800200645398,0.002266322440874336,3,0.8895103732744852,0.030241483929894918,3,6.009635289510091,0.46688152741472233,3
can,warmup,0,0.37658755499869584,0.00025236133484253406,3,,,0,,,0,,,0,,,0,,,0,,,0,,,0,,,0,,,0,,,0
can,warmup,5000,0.10097373826429244,0.0016644867989400575,3,,,0,,,0,,,0,,,0,,,0,,,0,,,0,,,0,,,0,,,0
can,warmup,10000,0.07687129629775875,0.0008398718454695781,3,,,0,,,0,,,0,,,0,,,0,,,0,,,0,,,0,,,0,,,0
can,warmup,15000,0.0742072885545591,0.0009319150832206825,3,,,0,,,0,,,0,,,0,,,0,,,0,,,0,,,0,,,0,,,0
can,warmup,20000,0.06808332142730548,0.0010236694334140317,3,,,0,,,0,,,0,,,0,,,0,,,0,,,0,,,0,,,0,,,0
can,warmup,25000,0.06322136771244304,0.0009706949854597479,3,,,0,,,0,,,0,,,0,,,0,,,0,,,0,,,0,,,0,,,0
can,warmup,30000,0.05991805206984277,0.0023532465244967614,3,,,0,,,0,,,0,,,0,,,0,,,0,,,0,,,0,,,0,,,0
can,warmup,35000,0.05620998144149777,0.0036335065340813866,3,,,0,,,0,,,0,,,0,,,0,,,0,,,0,,,0,,,0,,,0
can,warmup,40000,0.054032005602493834,0.005495139748210503,3,,,0,,,0,,,0,,,0,,,0,,,0,,,0,,,0,,,0,,,0
can,warmup,45000,0.051925826134781,0.004791237819848785,3,,,0,,,0,,,0,,,0,,,0,,,0,,,0,,,0,,,0,,,0
can,warmup,50000,0.050392658682540004,0.0039135361206943595,3,,,0,,,0,,,0,,,0,,,0,,,0,,,0,,,0,,,0,,,0
can,warmup,55000,0.04881601158219076,0.003225191280991447,3,,,0,,,0,,,0,,,0,,,0,,,0,,,0,,,0,,,0,,,0
can,warmup,60000,0.0469844557344913,0.002147177523749554,3,,,0,,,0,,,0,,,0,,,0,,,0,,,0,,,0,,,0,,,0
can,warmup,65000,0.04496817203859483,0.002438645092861042,3,,,0,,,0,,,0,,,0,,,0,,,0,,,0,,,0,,,0,,,0
can,warmup,70000,0.04416208416223521,0.0022072246931831223,3,,,0,,,0,,,0,,,0,,,0,,,0,,,0,,,0,,,0,,,0
can,warmup,75000,0.04354031644451117,0.002122568169552384,3,,,0,,,0,,,0,,,0,,,0,,,0,,,0,,,0,,,0,,,0
can,warmup,80000,0.04296599150014415,0.0020525017188787304,3,,,0,,,0,,,0,,,0,,,0,,,0,,,0,,,0,,,0,,,0
can,warmup,85000,0.042759175831451966,0.0018932289213134687,3,,,0,,,0,,,0,,,0,,,0,,,0,,,0,,,0,,,0,,,0
can,warmup,90000,0.04217313225381072,0.002123070561196082,3,,,0,,,0,,,0,,,0,,,0,,,0,,,0,,,0,,,0,,,0
can,warmup,95000,0.04107110557767247,0.002194923340344342,3,,,0,,,0,,,0,,,0,,,0,,,0,,,0,,,0,,,0,,,0
can,warmup,100000,0.040726291226843944,0.002222538204522813,3,,,0,,,0,,,0,,,0,,,0,,,0,,,0,,,0,,,0,,,0
can,warmup,105000,0.04092230332083995,0.0020919487412644757,3,,,0,,,0,,,0,,,0,,,0,,,0,,,0,,,0,,,0,,,0
can,warmup,110000,0.041402341813469884,0.002376264694398691,3,,,0,,,0,,,0,,,0,,,0,,,0,,,0,,,0,,,0,,,0
can,warmup,115000,0.041455854646240624,0.00212121614225977,3,,,0,,,0,,,0,,,0,,,0,,,0,,,0,,,0,,,0,,,0
can,warmup,120000,0.04073345588209724,0.0018848024656918695,3,,,0,,,0,,,0,,,0,,,0,,,0,,,0,,,0,,,0,,,0
can,warmup,125000,0.040354546019807425,0.001582907394030983,3,,,0,,,0,,,0,,,0,,,0,,,0,,,0,,,0,,,0,,,0
can,warmup,130000,0.039958236465851414,0.001439166673557711,3,,,0,,,0,,,0,,,0,,,0,,,0,,,0,,,0,,,0,,,0
can,warmup,135000,0.04027540484443303,0.0014281109196749755,3,,,0,,,0,,,0,,,0,,,0,,,0,,,0,,,0,,,0,,,0
can,warmup,140000,0.040211829108496466,0.0016142404291741056,3,,,0,,,0,,,0,,,0,,,0,,,0,,,0,,,0,,,0,,,0
can,warmup,145000,0.03929534529646233,0.0013757339977574976,3,,,0,,,0,,,0,,,0,,,0,,,0,,,0,,,0,,,0,,,0
can,warmup,150000,0.038366955860207434,0.0009664520971324049,3,,,0,,,0,,,0,,,0,,,0,,,0,,,0,,,0,,,0,,,0
can,warmup,155000,0.037393610443298975,0.0012051695564847416,3,,,0,,,0,,,0,,,0,,,0,,,0,,,0,,,0,,,0,,,0
can,warmup,160000,0.03711387397721406,0.0011195769176155555,3,,,0,,,0,,,0,,,0,,,0,,,0,,,0,,,0,,,0,,,0
can,warmup,165000,0.03686717518915727,0.0011794770132491782,3,,,0,,,0,,,0,,,0,,,0,,,0,,,0,,,0,,,0,,,0
can,warmup,170000,0.03694711470355586,0.0011601173232269903,3,,,0,,,0,,,0,,,0,,,0,,,0,,,0,,,0,,,0,,,0
can,warmup,175000,0.03719835633722441,0.0007900331438029121,3,,,0,,,0,,,0,,,0,,,0,,,0,,,0,,,0,,,0,,,0
can,warmup,180000,0.03690590239129956,0.001099910870375619,3,,,0,,,0,,,0,,,0,,,0,,,0,,,0,,,0,,,0,,,0
can,warmup,185000,0.03638313254341479,0.001044084392880153,3,,,0,,,0,,,0,,,0,,,0,,,0,,,0,,,0,,,0,,,0
can,warmup,190000,0.03616623210099831,0.001359973564048168,3,,,0,,,0,,,0,,,0,,,0,,,0,,,0,,,0,,,0,,,0
can,warmup,195000,0.03549118641143039,0.0015477892496819664,3,,,0,,,0,,,0,,,0,,,0,,,0,,,0,,,0,,,0,,,0
can,warmup,200000,0.03510583383031186,0.0016370088421752609,3,,,0,,,0,,,0,,,0,,,0,,,0,,,0,,,0,,,0,,,0
can,warmup,205000,0.035347363391580615,0.0018939970651081675,3,,,0,,,0,,,0,,,0,,,0,,,0,,,0,,,0,,,0,,,0
can,warmup,210000,0.03525489907090859,0.0017195072861167472,3,,,0,,,0,,,0,,,0,,,0,,,0,,,0,,,0,,,0,,,0
can,warmup,215000,0.034635055189331326,0.001476448701599791,3,,,0,,,0,,,0,,,0,,,0,,,0,,,0,,,0,,,0,,,0
can,warmup,220000,0.034352599224075624,0.0015239516983495275,3,,,0,,,0,,,0,,,0,,,0,,,0,,,0,,,0,,,0,,,0
can,warmup,225000,0.03379191510689752,0.0014428483591072475,3,,,0,,,0,,,0,,,0,,,0,,,0,,,0,,,0,,,0,,,0
can,warmup,230000,0.03375505483709273,0.001647978770351578,3,,,0,,,0,,,0,,,0,,,0,,,0,,,0,,,0,,,0,,,0
can,warmup,235000,0.033860037972529684,0.0018778392129657389,3,,,0,,,0,,,0,,,0,,,0,,,0,,,0,,,0,,,0,,,0
can,warmup,240000,0.033835411708181065,0.0021268812226192743,3,,,0,,,0,,,0,,,0,,,0,,,0,,,0,,,0,,,0,,,0
can,warmup,245000,0.03334226339745021,0.0020250359747592387,3,,,0,,,0,,,0,,,0,,,0,,,0,,,0,,,0,,,0,,,0
can,warmup,250000,0.03295506003312761,0.0019206850623909968,3,,,0,,,0,,,0,,,0,,,0,,,0,,,0,,,0,,,0,,,0
can,warmup,255000,0.032705820708846,0.0021649721848661665,3,,,0,,,0,,,0,,,0,,,0,,,0,,,0,,,0,,,0,,,0
can,warmup,260000,0.032674195656242425,0.001818448857594139,3,,,0,,,0,,,0,,,0,,,0,,,0,,,0,,,0,,,0,,,0
can,warmup,265000,0.03226886425788198,0.00177221896730127,3,,,0,,,0,,,0,,,0,,,0,,,0,,,0,,,0,,,0,,,0
can,warmup,270000,0.03217474524863059,0.0018278494947029096,3,,,0,,,0,,,0,,,0,,,0,,,0,,,0,,,0,,,0,,,0
can,warmup,275000,0.0322327882672349,0.001732984870905868,3,,,0,,,0,,,0,,,0,,,0,,,0,,,0,,,0,,,0,,,0
can,warmupc,0,0.3819442712391416,0.00043399768790972467,3,-14.321656068166098,0.22866065349051995,3,71.5957539876302,0.6812724466768125,3,0.5401775240898132,0.001350589753737423,3,0.353905435030659,0.009493035700332683,3,0.12207031870881717,0.002415442983519121,3,-0.21714190890391663,0.0012946588436749571,3,0.0,0.0,3,,,0,,,0,14.321656068166098,0.22866065349051995,3
can,warmupc,5000,0.11108707425494986,0.0013724324367225642,3,-1.1129615120589733,0.2976363592686569,3,69.85986995697021,2.647143614065927,3,0.6142580906550089,0.0017510546450512355,3,0.7764850358168284,0.008275621218884583,3,0.22051712249716124,0.0029591792095183455,3,-0.38386225948731106,0.0008803546196679782,3,0.0,0.0,3,,,0,,,0,1.1129615120589733,0.2976363592686569,3
can,warmupc,10000,0.08273120438680048,0.0015768939591394209,3,0.4701333573708932,0.28480766304728306,3,38.229223092397056,2.9913191776559334,3,0.6185784886280695,0.0009216141368021071,3,0.8015612910191218,0.0033478490664827355,3,0.22829474757115045,0.0007508285585511246,3,-0.4152996664245923,0.006367650207103824,3,0.0,0.0,3,,,0,,,0,-0.4701333573708932,0.28480766304728306,3
can,warmupc,15000,0.06885743647192911,0.004866920789320744,3,0.01005821426709493,0.14461356740737072,3,14.595036372542381,4.034678277194422,3,0.6165659626324972,0.0008940688981084808,3,0.79132113357385,0.002062756274155829,3,0.2251906730234623,0.0010634849946759997,3,-0.4155798132220904,0.002046958882882657,3,0.0,0.0,3,,,0,,,0,-0.01005821426709493,0.14461356740737072,3
can,warmupc,20000,0.06392455087043342,0.005631433418726847,3,0.28992906336983043,0.5513190856707509,3,-0.8960370818773905,6.825137673690605,3,0.6176887800296148,0.003236243652379239,3,0.7973666787147522,0.012764881810150064,3,0.22563245023290315,0.004818293249403757,3,-0.4168561672170957,0.006486547672124206,3,0.0,0.0,3,,,0,,,0,-0.28992906336983043,0.5513190856707509,3
can,warmupc,25000,0.058080247774099265,0.0031518607625096937,3,0.309232501933972,0.3269953718352503,3,-11.463272899389267,6.159851653286911,3,0.6163214693466822,0.0023496376346343645,3,0.7989785025517145,0.005967645562884939,3,0.2260044738650322,0.0019689444888643087,3,-0.42686232676108676,0.00332499579982653,3,0.0,0.0,3,,,0,,,0,-0.309232501933972,0.3269953718352503,3
can,warmupc,30000,0.05379885314653313,0.001797315331647483,3,0.06008361180623372,0.20821770951715754,3,-17.934162203470866,4.2051358952226705,3,0.6140614906946819,0.0013489442027773229,3,0.7883846243222554,0.00784256766291455,3,0.22542783816655476,0.0034484531149984055,3,-0.41804424524307254,0.0017984688514452811,3,0.0,0.0,3,,,0,,,0,-0.06008361180623372,0.20821770951715754,3
can,warmupc,35000,0.05024339412339027,0.0011393971773057004,3,-0.050519149750471115,0.5274805877102376,3,-21.942536513010662,3.7546365078032893,3,0.6155303716659546,0.005939710830740154,3,0.7867768555879593,0.015581947652788882,3,0.22438849632938704,0.007222377503164751,3,-0.41630759835243225,0.006543721406927034,3,0.0,0.0,3,,,0,,,0,0.050519149750471115,0.5274805877102376,3
can,warmupc,40000,0.048669862374663315,0.0009999242486661525,3,0.2064292257030805,0.2689252233533899,3,-23.403218030929565,3.074827942713342,3,0.6171545684337616,0.002326712486464599,3,0.793121799826622,0.007988128611483332,3,0.22537668297688165,0.004453555063406914,3,-0.41809412588675815,0.004207272374885895,3,0.0,0.0,3,,,0,,,0,-0.2064292257030805,0.2689252233533899,3
can,warmupc,45000,0.04661862258799369,0.0016681677474407537,3,0.3563298334678014,0.05184351487961932,3,-25.80082432428996,1.881272540202114,3,0.6194532364606857,0.0006786968035733661,3,0.7961616416772207,0.0030261292602158365,3,0.22862026716272035,0.0006675441243059945,3,-0.4231963778535525,0.004309280877965711,3,0.0,0.0,3,,,0,,,0,-0.3563298334678014,0.05184351487961932,3
can,warmupc,50000,0.04480840313869214,0.0016616139217908365,3,-0.05093614136179284,0.06255140947671556,3,-25.44771401087443,2.0438435236849637,3,0.6155314147472382,0.0006437880604327356,3,0.7840776393810908,0.002100984057998543,3,0.22338868180910745,0.0008255889423347042,3,-0.41708091894785565,0.0022887092811220483,3,0.0,0.0,3,,,0,,,0,0.05093614136179284,0.06255140947671556,3
can,warmupc,55000,0.04367954796180126,0.0014636958315983088,3,-0.06718237698078156,0.14455923247079655,3,-26.94412883122762,1.847215500765032,3,0.615487203001976,0.0007689049009563154,3,0.7856911520163218,0.003427129171944151,3,0.22395834575096765,0.0012454217675886743,3,-0.4179016550381978,0.002939577185279114,3,0.0,0.0,3,,,0,,,0,0.06718237698078156,0.14455923247079655,3
can,warmupc,60000,0.04233021783332027,0.0013059046874408283,3,0.10621725221474969,0.12849594377370926,3,-27.873616154988607,2.005274310190413,3,0.6163615226745606,0.0009378350839191708,3,0.7905567328135173,0.005480529785583467,3,0.22456288437048597,0.002193817361098567,3,-0.41949827671051027,0.0037062509854832435,3,0.0,0.0,3,,,0,,,0,-0.10621725221474969,0.12849594377370926,3
can,warmupc,65000,0.04198895830971494,0.001567635018004892,3,0.3611992324392001,0.2777019365237566,3,-29.40839083989461,0.8911326277602569,3,0.6177659134070078,0.003074289816776228,3,0.7940860788027445,0.007680722070323803,3,0.2282017394900322,0.002931140180456749,3,-0.41519738733768463,0.004378335018916985,3,0.0,0.0,3,,,0,,,0,-0.3611992324392001,0.2777019365237566,3
can,warmupc,70000,0.04117909638832009,0.0008092388271140955,3,0.23087040645380816,0.07261795161034675,3,-30.338355859120686,2.2089117962436817,3,0.6134626766045889,0.0008305438518128899,3,0.7862608631451925,0.0016417405392022734,3,0.22054037575920424,0.001267846913688413,3,-0.4239541416366895,0.0026595062838867746,3,0.0,0.0,3,,,0,,,0,-0.23087040645380816,0.07261795161034675,3
can,warmupc,75000,0.040963648073375186,0.0008814227140802928,3,0.18628227214018503,0.042505078013429315,3,-30.58374897638957,1.8603117651745293,3,0.6153893371423086,0.0008064646850562437,3,0.7835415452718735,0.0022121390052513524,3,0.22443499912818274,0.0016832868385775455,3,-0.4234478597839673,0.006600886306634358,3,0.0,0.0,3,,,0,,,0,-0.18628227214018503,0.042505078013429315,3
can,warmupc,80000,0.03995836420605573,0.0007357150373017962,3,0.07018395264943443,0.09737806190752171,3,-29.956073760986328,1.310132201589115,3,0.6152388900518417,0.00039917319784137323,3,0.7782463828722636,0.00043513522293693325,3,0.22467913975318274,0.0012589666893130487,3,-0.42097751796245575,0.0019244546253245338,3,0.0,0.0,3,,,0,,,0,-0.07018395264943443,0.09737806190752171,3
can,warmupc,85000,0.039524876621241316,8.48870673565985e-05,3,0.04353265340129534,0.19652901080424331,3,-31.334394772847492,1.311960266363753,3,0.6165352066357931,0.002202107512232816,3,0.7823212295770645,0.005906896303093333,3,0.22273763890067735,0.0027587081611326145,3,-0.42145587007204693,0.0061216485552100875,3,0.0,0.0,3,,,0,,,0,-0.04353265340129534,0.19652901080424331,3
can,warmupc,90000,0.0395891732598344,0.00021476690810158714,3,-0.0539677619934082,0.16419139535417682,3,-30.424664942423504,0.8845285840893157,3,0.6141615231831868,0.0015056845575692722,3,0.7751311381657918,0.0032976156175889707,3,0.22273996472358704,0.00311880685481553,3,-0.4232767641544342,0.004263022101828773,3,0.0,0.0,3,,,0,,,0,0.0539677619934082,0.16419139535417682,3
can,warmupc,95000,0.03861664338037366,0.0007949647025396328,3,0.48133481790622074,0.16634878332163316,3,-30.291204929351807,0.8321773167734831,3,0.6158568610747656,0.00026911061963642564,3,0.7904851237932841,0.0028499961604745968,3,0.22686477998892465,0.0022910693556355186,3,-0.42651187628507614,0.005143723347185163,3,0.0,0.0,3,,,0,,,0,-0.48133481790622074,0.16634878332163316,3
can,warmupc,100000,0.03829223552408314,0.0006863467579681836,3,0.12122309952974321,0.060574598520183064,3,-29.1635266939799,1.091487492519233,3,0.6147705862919489,0.0006186745247348623,3,0.7788511365652084,0.001429043379279125,3,0.22258650635679564,0.0018928199676863308,3,-0.4256630962093671,0.004319051678095122,3,0.0,0.0,3,,,0,,,0,-0.12122309952974321,0.060574598520183064,3
can,warmupc,105000,0.03796384680705762,0.0008642000470203962,3,-0.14096695805589354,0.14927217187875488,3,-30.009504636128742,0.893272594750348,3,0.6124725292126337,0.0016684287069013474,3,0.7728561609983444,0.004832940508420867,3,0.2241676077246666,0.0013942641552541347,3,-0.42050931851069134,0.002777111613164402,3,0.0,0.0,3,,,0,,,0,0.14096695805589354,0.14927217187875488,3
can,warmupc,110000,0.03770731495072439,0.0010610628120776107,3,0.2944249560435613,0.19571915868457565,3,-31.090068340301514,0.3942777652334753,3,0.6137751142183939,0.00036583956311797854,3,0.7785292665163676,0.003891249497731528,3,0.22228423754374185,0.0015892865251531704,3,-0.4268755043546359,0.0030934603070463832,3,0.0,0.0,3,,,0,,,0,-0.2944249560435613,0.19571915868457565,3
can,warmupc,115000,0.03806776013225311,0.0006510149912444625,3,0.3753013064463933,0.03828647546534061,3,-32.723092238108315,0.40794355177992486,3,0.617708201209704,0.0003664429490987424,3,0.7850277225176493,0.0017294208481228614,3,0.2253069281578064,0.0020424300835035756,3,-0.42600354303916294,0.0049718140884168665,3,0.0,0.0,3,,,0,,,0,-0.3753013064463933,0.03828647546534061,3
can,warmupc,120000,0.037437925015886574,0.0008638597560793977,3,-0.03811381558577221,0.1383217860107871,3,-30.572824859619143,0.3331537051580185,3,0.6125781218210856,0.0007701682733662953,3,0.7735156893730163,0.0011849278000455247,3,0.2227120647827784,0.00021792095763586815,3,-0.4273952047030131,0.004019921890879123,3,0.0,0.0,3,,,0,,,0,0.03811381558577221,0.1383217860107871,3
square,baseline,0,0.3550373036166032,0.00022030742346624348,5,-13.158119392395019,0.08949081054427722,5,134.62453002929686,2.3896502315239534,5,0.5522421399752299,0.0019631079155034066,5,0.386087940633297,0.006249937871591844,5,0.13642113854487736,0.0016024716586424007,5,-0.21382293403148647,0.004992569360475291,5,0.0,0.0,5,0.7075052683431449,0.008421579499484078,2,1.9393556316693623,0.018210113048553467,2,13.158119392395019,0.08949081054427722,5
square,baseline,5000,0.12755238523085907,0.002211637240743305,5,0.48680613835652675,0.2734984009015107,5,104.11881561279297,6.475606749784856,5,0.6167125662167867,0.002216664351832353,5,0.7965931614240012,0.006822164076980855,5,0.22695313394069672,0.004072677757271797,5,-0.40890718499819434,0.01302663343472478,5,0.0,0.0,5,0.30348952130377155,0.004287816059991012,2,2.975896716117859,0.18031926949818944,2,-0.48680613835652675,0.2734984009015107,5
square,baseline,10000,0.16580178548892335,0.006302480312994813,5,1.451660477121671,0.15875365233382752,5,87.5992925008138,6.962218005824222,5,0.6168112556139629,0.0018594649693609868,5,0.8155922373135885,0.005038470046769816,5,0.2286365419626236,0.002649184287129847,5,-0.4395587046941121,0.005021922138742542,5,0.0,0.0,5,0.33812647109963456,0.0054857722199645464,2,3.6821852525075274,0.23762877782185854,2,-1.451660477121671,0.15875365233382752,5
square,baseline,15000,0.19565611526370047,0.005910341419668897,5,1.250840073823929,0.10154784286175522,5,110.94132181803386,7.240960025054517,5,0.6169063250223796,0.0011090328748061006,5,0.8170599301656087,0.004441753052595687,5,0.23111050128936766,0.003082604074924799,5,-0.4191725889841716,0.006378666744776272,5,0.0,0.0,5,0.38017847980726394,0.007318793286472794,2,3.9640963872273765,0.2693560918172202,2,-1.250840073823929,0.10154784286175522,5
square,baseline,20000,0.20881172498067216,0.005613720637233604,5,0.6141276856263479,0.3328903090367647,5,157.82244771321615,12.343922465023939,5,0.6158934911092122,0.0010597616155771372,5,0.8035213669141132,0.007338222119747291,5,0.2284784336884816,0.0014791608322691577,5,-0.41044234434763593,0.0068975664367517805,5,0.0,0.0,5,0.4318551506557289,0.010602411888469762,2,3.6579577525456743,0.1943096717198688,2,-0.6141276856263479,0.3328903090367647,5
square,baseline,25000,0.2171859261890252,0.007588128098981402,5,0.6854616115490596,0.20528652150786558,5,215.41045939127602,19.72946496057799,5,0.6182387669881184,0.0014741059227924317,5,0.8109093308448792,0.0056280021151268005,5,0.2339657853047053,0.002037095205553692,5,-0.398958690961202,0.003483564909104794,5,0.0,0.0,5,0.44916849255765556,0.0013384873727491642,2,3.6560115814208984,0.18789100646972656,2,-0.6854616115490596,0.20528652150786558,5
square,baseline,30000,0.233669080187877,0.010068631181437316,5,0.43141872982184093,0.16398743716304218,5,273.09594217936194,25.231387661274518,5,0.6161956548690796,0.0014571322424611587,5,0.8036129156748453,0.0043731235983993835,5,0.22915737529595695,0.0021758923520583595,5,-0.39931047161420186,0.001843303273489357,5,0.0,0.0,5,0.4673288797284056,0.008384456309074362,2,3.771971384684245,0.19574721654256189,2,-0.43141872982184093,0.16398743716304218,5
square,baseline,35000,0.24938042317827538,0.013030286739304089,5,0.25098780790964764,0.2433090013246285,5,322.09032185872394,30.836792499312942,5,0.6186176021893819,0.002074832126209678,5,0.8050650080045065,0.006438372621163081,5,0.23262649873892466,0.0027358850526141825,5,-0.3886885682741801,0.005813748668104006,5,0.0,0.0,5,0.46172303441582396,0.0012058981605581748,2,4.234933614730835,0.19870289166768362,2,-0.25098780790964764,0.2433090013246285,5
square,baseline,40000,0.2609748755767941,0.017502937522654645,5,0.44000211283564566,0.2718576760581946,5,381.7827651977539,42.18231902981194,5,0.6200183868408203,0.0013077691999350428,5,0.8088326007127762,0.004979102580708858,5,0.2349748969078064,0.0023017754574258184,5,-0.39250833094120025,0.004031759289813621,5,0.0,0.0,5,0.48488027862983707,0.009162032849652293,2,4.398447394371033,0.25350069999694824,2,-0.44000211283564566,0.2718576760581946,5
square,baseline,45000,0.272420183767875,0.020391514168446426,5,0.156886288523674,0.2624545766263083,5,431.00800170898435,49.83397556506561,5,0.6188586592674256,0.0013801197963974673,5,0.7992074608802795,0.005291070407565644,5,0.23145462175210313,0.0011196890713499174,5,-0.3880476176738739,0.005779680676510084,5,0.0,0.0,5,0.4861251320906911,0.0034505882257163806,2,4.5614504019419355,0.3240177631378174,2,-0.156886288523674,0.2624545766263083,5
square,baseline,50000,0.2856094691157341,0.021623680439666726,5,0.22609511514504751,0.19807992177469835,5,466.9984842936198,55.309426006864584,5,0.6194912592569988,0.0012800153108269226,5,0.8058707435925803,0.004268748204433542,5,0.23403088649113973,0.0017397700844548221,5,-0.3925384958585103,0.0036606018205787177,5,0.0,0.0,5,0.4818068416773412,0.005075591960975179,2,4.897066752115886,0.4482569694519043,2,-0.22609511514504751,0.19807992177469835,5
square,baseline,55000,0.29944607441624005,0.01911619881596542,5,0.4313561817010244,0.18139840840474386,5,500.2119873046875,65.28326029333617,5,0.6186891873677571,0.00167421764084505,5,0.8023906548817953,0.005895214566417293,5,0.23258929550647736,0.002420639347274867,5,-0.3952625095844269,0.0018378000460503143,5,0.0,0.0,5,0.4802141043346069,0.005771576193435199,2,5.053484280904135,0.30538733800252316,2,-0.4313561817010244,0.18139840840474386,5
square,baseline,60000,0.30581550230582555,0.017507083866810984,5,0.2316201686859131,0.18993715941001205,5,542.5422546386719,68.97205104739837,5,0.6162779211997986,0.0016302901775825046,5,0.7967268029848735,0.005996110385860896,5,0.228748149673144,0.002829008919078679,5,-0.3984396278858185,0.002315918062704055,5,0.0,0.0,5,0.48480253990761696,0.000693776327791995,2,5.098398764928183,0.3243761857350671,2,-0.2316201686859131,0.18993715941001205,5
square,baseline,65000,0.31824857195218403,0.023855773433279374,5,0.6785830517609914,0.3332643189738604,5,565.5408060709635,78.07948214725334,5,0.6198703209559122,0.0013800075205637739,5,0.806433916091919,0.0067349087389535,5,0.23291481832663216,0.003276187262836282,5,-0.4029049177964528,0.004823731796107962,5,0.0,0.0,5,0.4852343686766494,0.008001056649486138,2,5.416900157928467,0.5737377802530927,2,-0.6785830517609914,0.3332643189738604,5
square,baseline,70000,0.3198579228421052,0.02786854618144495,5,0.5071064352989196,0.2047665405683895,5,596.7324178059896,82.24317814560109,5,0.6173642953236899,0.0011162351007556496,5,0.800192685921987,0.0027525139116842405,5,0.23085938493410746,0.0013776648031891524,5,-0.4039066056410472,0.005633164440968632,5,0.0,0.0,5,0.4813245316172624,0.014561904292813455,2,5.577929496765137,0.9136651357014971,2,-0.5071064352989196,0.2047665405683895,5
square,baseline,75000,0.30771059215068813,0.02674291151346114,5,0.2947842001914978,0.14165347517815904,5,605.3088419596354,98.04658120860017,5,0.6171887437502543,0.00239817824031254,5,0.7977854371070862,0.006261077004104349,5,0.23037575483322142,0.0036153193405350555,5,-0.3957123259703318,0.0033860804248531636,5,0.0,0.0,5,0.4793721679382601,0.01320728469350789,2,5.320582310358683,0.5828848679860432,2,-0.2947842001914978,0.14165347517815904,5
square,baseline,80000,0.29211897831410166,0.0291605670238271,5,0.7656096436083317,0.14026065300270693,5,611.8441162109375,105.8078063216899,5,0.6201706141233444,0.0010376141929211108,5,0.8071451038122177,0.0044713482976765735,5,0.23348913192749024,0.0028780303979363785,5,-0.406622813642025,0.003295337067538222,5,0.0,0.0,5,0.48019807293965655,0.0030316335939669647,2,5.30032753944397,0.5121687650680542,2,-0.7656096436083317,0.14026065300270693,5
square,baseline,85000,0.29185154676437375,0.03449578611284776,5,-0.0827513078848521,0.13681139375978024,5,600.4051574707031,111.24565635862936,5,0.6165572484334311,0.001384356973571784,5,0.7892531236012776,0.0034232072699525076,5,0.22740886310736336,0.0018638008573042854,5,-0.3987347880999247,0.004346531520024461,5,0.0,0.0,5,0.4563443599578145,0.006014302495796431,2,5.647588014602661,0.6648341019948321,2,0.0827513078848521,0.13681139375978024,5
square,baseline,90000,0.28362769042452174,0.036238415068870294,5,0.45500263671080277,0.29449646214281044,5,571.2287943522135,109.64976464244548,5,0.6190739870071411,0.002217003661648415,5,0.8009336749712626,0.007940458319043832,5,0.23047806123892464,0.0027488498951674743,5,-0.4072464843591054,0.0028944597580225447,5,0.0,0.0,5,0.46005348314731226,0.0008268189147587757,2,5.714946269989014,0.5624877611796064,2,-0.45500263671080277,0.29449646214281044,5
square,baseline,95000,0.2807448635498682,0.03980936642628764,5,0.12860321203867592,0.19666578591158135,5,556.6179748535156,115.24783384971865,5,0.6174315253893534,0.0009873601761406759,5,0.7942168275515238,0.003380082576655239,5,0.2278831938902537,0.0012500220340009385,5,-0.41145521998405454,0.0062634263907173065,5,0.0,0.0,5,0.49310388849158077,0.0074444154715464506,2,5.47088098526001,0.6880262692769366,2,-0.12860321203867592,0.19666578591158135,5
square,baseline,100000,0.2807087492446104,0.04413867882653365,5,-0.08539210259914395,0.25764069622294467,5,537.127675374349,124.24322643293581,5,0.6163873394330343,0.002699006890741054,5,0.7930834690729778,0.007226514148255618,5,0.2286830484867096,0.002605685835737147,5,-0.40630274017651874,0.005098811236025515,5,0.0,0.0,5,0.48651421845099296,0.008014263680333492,2,5.7150774002075195,0.7300148010253906,2,0.08539210259914395,0.25764069622294467,5
square,baseline,105000,0.2767629295587539,0.05184238949997878,5,-0.07050032615661621,0.2364051077410484,5,525.5397705078125,134.74399952967298,5,0.6169321894645691,0.0017240621250400785,5,0.7917451143264771,0.005753101518539327,5,0.22634859681129454,0.0023930113804262717,5,-0.4095780829588572,0.006373950177537127,5,0.0,0.0,5,0.47786778597392277,0.001872767038823775,2,6.097779194513956,0.773902336756388,2,0.07050032615661621,0.2364051077410484,5
square,baseline,110000,0.26998999784390126,0.05442835408444675,5,-0.17073751489321393,0.1342907946865976,5,517.7494344075521,150.2105693907196,5,0.6162872831026713,0.0008463644912808136,5,0.7880869905153911,0.001316728738917269,5,0.22413505613803864,0.0008912801023570112,5,-0.411065779129664,0.00492730311920509,5,0.0,0.0,5,0.48717582438289897,0.004299430697174658,2,5.992448727289836,0.6642944812774658,2,0.17073751489321393,0.1342907946865976,5
square,baseline,115000,0.26195023611187934,0.055158674812375116,5,-0.0022047266364097597,0.14737168236563244,5,500.04054870605466,156.39974618986258,5,0.6182783782482147,0.0007321223971675519,5,0.7914047241210938,0.005385479013305373,5,0.2269112840294838,0.002297877768412518,5,-0.41131295561790465,0.004154526727272043,5,0.0,0.0,5,0.47395116892935973,0.009124768749057377,2,6.1430277824401855,0.6544761657714844,2,0.0022047266364097597,0.14737168236563244,5
square,calql,0,0.36268841831220516,0.0011997422437185345,3,-11.240783638424341,0.3184689501132039,3,30.30729299121433,4.9240500354505325,3,0.5616224143240186,0.0027968819858553468,3,0.47952654626634383,0.010773764397681013,3,0.14896454082594976,0.0032893901451338907,3,-0.245527211162779,0.002515464270970761,3,0.0,0.0,3,0.61892272536389,0.007043452918746431,3,2.3974168830447726,0.07890634277830176,3,11.240783638424341,0.3184689501132039,3
square,calql,5000,0.1382982538806067,0.0014009745746321966,3,-0.5023513767454358,0.6627994259237915,3,94.23866356743706,6.360333143127455,3,0.6181774801678128,0.004750101061113696,3,0.7898239228460523,0.017840678240816758,3,0.2283606231212616,0.005484351720137587,3,-0.3804180390304989,0.0031783435246941485,3,0.0,0.0,3,0.509678141613039,0.009706778216287019,3,1.9438431527879505,0.04717985295226614,3,0.5023513767454358,0.6627994259237915,3
square,calql,10000,0.14401383424798644,0.006383477984917357,3,-0.09329624887969758,0.09746086141722397,3,138.0076115926107,15.462852258221655,3,0.6171480814615885,0.0011742803533946705,3,0.7959638701544867,0.004256552817060517,3,0.22834512425793543,0.0027193098134602146,3,-0.39171738425890607,0.0029517499494633396,3,0.0,0.0,3,0.515276689189646,0.012336007488822017,3,2.0383876297209,0.1094727972955021,3,0.09329624887969758,0.09746086141722397,3
square,calql,15000,0.1538833760552936,0.006752819658508231,3,0.11295096410645379,0.45970388772701765,3,167.1231469048394,24.5358857682618,3,0.6204850408766004,0.002198994638796211,3,0.7998461127281189,0.012249327130684757,3,0.23163133362929025,0.0029138964863865283,3,-0.3842247426509857,0.008055117736402214,3,0.0,0.0,3,0.5000976798071403,0.009590632735534193,3,2.226639323764377,0.11404062647795898,3,-0.11295096410645379,0.45970388772701765,3
square,calql,20000,0.16361536077327193,0.008010730540803082,3,0.36979861557483673,0.29184787562782966,3,205.77330864800345,29.961304607703617,3,0.6213673022058276,0.0011309133020552934,3,0.811438070403205,0.005360626474845831,3,0.23566159274843002,0.001852807279797453,3,-0.38747224873966646,0.0041758013755458226,3,0.0,0.0,3,0.5074574941194213,0.007814291842775729,3,2.3737987677256265,0.1635308777322867,3,-0.36979861557483673,0.29184787562782966,3
square,calql,25000,0.1781928095552656,0.01240209078421704,3,0.2681325938966539,0.2980155382028205,3,249.22881740993924,40.360599247929684,3,0.6194797158241272,0.0043563201507334885,3,0.8005198306507534,0.010225020555263413,3,0.23367746836609313,0.006184955759577338,3,-0.39104694459173417,0.007913490533319113,3,0.0,0.0,3,0.5123625767502877,0.011542402417530684,3,2.5485530164506702,0.2335150943670001,3,-0.2681325938966539,0.2980155382028205,3
square,calql,30000,0.19069834980699749,0.010117314569344877,3,0.18337864180405936,0.6462575229038194,3,291.8709089491103,53.318531561734616,3,0.6198761926756965,0.003578857482033103,3,0.802478141254849,0.01562624008653183,3,0.23260789612929025,0.005876144218151814,3,-0.38331265581978696,0.002649361644899656,3,0.0,0.0,3,0.4998581874742685,0.007162030328924836,3,2.765178680419922,0.17681957688704342,3,-0.18337864180405936,0.6462575229038194,3
square,calql,35000,0.20265407471193206,0.00810861458346026,3,-0.3088164031505585,0.43227119025241434,3,327.5607774522569,52.56746747306172,3,0.6166598995526632,0.003293737912730311,3,0.7926203012466431,0.013058725663294671,3,0.23195685611830816,0.004235686170323167,3,-0.383051143752204,0.005491577589581799,3,0.0,0.0,3,0.4895951015798146,0.006078640795058808,3,2.9820022847917342,0.14567256829315442,3,0.3088164031505585,0.43227119025241434,3
square,calql,40000,0.2157639903326829,0.0057794098246576045,3,-0.13404895365238187,0.12977350062658152,3,364.40539296468097,49.52991859714964,3,0.617874855796496,0.0005244503731288764,3,0.7948403457800547,0.0021950923117351785,3,0.23146857445438704,0.0017543312770406647,3,-0.38332447161277133,0.005140173132097105,3,0.0,0.0,3,0.503723108266313,0.0028959658586450152,3,3.085555851459503,0.0907711672994951,3,0.13404895365238187,0.12977350062658152,3
square,calql,45000,0.22474516712956957,0.005224860266246922,3,-0.23326844639248315,0.0579194620334428,3,398.82731797960065,46.47803612753232,3,0.6156491107410855,0.0015249507919899868,3,0.7928338183297052,0.004148505455207232,3,0.22848463555177054,0.003008511048966083,3,-0.3874050809277428,0.0053809770322412395,3,0.0,0.0,3,0.4927842285054238,0.009001819806300172,3,3.312077071931627,0.02836114210298174,3,0.23326844639248315,0.0579194620334428,3
square,calql,50000,0.23328845741020307,0.009416645635846058,3,0.14648952749040392,0.43773983199587935,3,418.96849568684894,35.38807510706883,3,0.6179477108849419,0.0017792568840646105,3,0.7944816218482122,0.008359609383421463,3,0.23053076532151962,0.0030748670243837366,3,-0.39138872755898374,0.00139825318292594,3,0.0,0.0,3,0.4949344907198941,0.012082783834277041,3,3.417436811659071,0.13038633953138054,3,-0.14648952749040392,0.43773983199587935,3
square,calql,55000,0.24154611486527652,0.01608297454812192,3,-0.2033787717421849,0.1626440365957576,3,439.1935323079427,29.48512795487245,3,0.6159387562010024,0.0012617380263575339,3,0.7883122629589505,0.0049467400372818,3,0.2275080697404014,0.002381255715505618,3,-0.38874304625723094,0.0036598842673339596,3,0.0,0.0,3,0.4896137221865257,0.012270614098428088,3,3.561646355523003,0.14614678732759023,3,0.2033787717421849,0.1626440365957576,3
square,calql,60000,0.2471490113271607,0.020367074745075216,3,0.2985487712754144,0.053559994610129724,3,461.652570936415,17.944178303260767,3,0.6186285548739964,0.002057546913092718,3,0.7979095313284131,0.0018110885124749823,3,0.23235988120237985,0.002845224085319635,3,-0.39580580261018544,0.00720245460137587,3,0.0,0.0,3,0.4883763687550184,0.01956452584508187,3,3.6916932794782853,0.12025013958460866,3,-0.2985487712754144,0.053559994610129724,3
square,calql,65000,0.26055430339442354,0.019308875814888885,3,0.39070354402065277,0.1019970984000006,3,478.311265733507,20.96350040791937,3,0.6180409060584174,0.0012388374234943856,3,0.8034862544801501,0.0029863874608415534,3,0.23381697634855905,0.001850990893702509,3,-0.3959828085369534,0.008578724129983615,3,0.0,0.0,3,0.4866082250686137,0.01499142744726177,3,3.941011296378241,0.1280822034437833,3,-0.39070354402065277,0.1019970984000006,3
square,calql,70000,0.26655748577581506,0.02170213295187034,3,0.5855464935302734,0.22759028349736604,3,513.8555738661024,13.877722542679368,3,0.6200443903605143,0.0018685290071248591,3,0.8111037810643514,0.004915029158505274,3,0.23070127434200707,0.0028731654876766105,3,-0.40412423345777726,0.007243156910845857,3,0.0,0.0,3,0.4806242807699792,0.00559576370102672,3,4.153171883689033,0.26946223510816286,3,-0.5855464935302734,0.22759028349736604,3
square,calql,75000,0.2697949805193477,0.02267375110128604,3,0.46921616130405003,0.19323440727005337,3,531.9281141493055,26.082894421616924,3,0.6199631492296854,0.0037312834297352393,3,0.8029928803443909,0.004439797100311796,3,0.23192585508028665,0.004509138255831188,3,-0.4029813143942091,0.005421903019763318,3,0.0,0.0,3,0.47369349093546625,0.010409213107176558,3,4.231638537512885,0.23045592219528926,3,-0.46921616130405003,0.19323440727005337,3
square,calql,80000,0.27735540784067575,0.019928325745210706,3,0.3594036913580365,0.06950961695357932,3,530.6208869086371,27.587443438290084,3,0.6178898811340332,0.0019903908578698037,3,0.8001168436474271,0.002789525705106016,3,0.23034475412633684,0.002513215958262815,3,-0.40356389019224376,0.005188319529282336,3,0.0,0.0,3,0.47211541787867106,0.009635243605500419,3,4.353741195466783,0.21337445695469653,3,-0.3594036913580365,0.06950961695357932,3
square,calql,85000,0.2798777330252859,0.02283298769247062,3,0.07287484324640696,0.18058533478191,3,562.752692328559,36.77721182300862,3,0.61713664399253,0.0003334310216453077,3,0.793024910820855,0.0002909097962332241,3,0.22608197894361284,0.0013153934091700153,3,-0.40827059414651656,0.005585134902182822,3,0.0,0.0,3,0.4766673391662634,0.009381294870486997,3,4.3633569611443415,0.2583561252244845,3,-0.07287484324640696,0.18058533478191,3
square,calql,90000,0.2771413466996616,0.021013547070000305,3,-0.21886194083425733,0.40189209875231974,3,576.96097140842,34.32584089952411,3,0.6151699556244744,0.0036897882057906443,3,0.7912779914008247,0.01204960916590849,3,0.2246403843164444,0.004563167308640913,3,-0.40938836336135864,0.00342939561077519,3,0.0,0.0,3,0.4670150072304951,0.00602355019009222,3,4.435450500912136,0.26150459381828844,3,0.21886194083425733,0.40189209875231974,3
square,calql,95000,0.2886564158524076,0.02726981198279443,3,0.12045900772015254,0.3069436268443909,3,574.751953125,45.14069757342447,3,0.616979385415713,0.003668372980927447,3,0.7917960186799368,0.0068913756880676,3,0.2293526902794838,0.003158332376598679,3,-0.409575675924619,0.004348455447582134,3,0.0,0.0,3,0.4757852318250521,0.006553519723796282,3,4.497288346290588,0.3532448190013992,3,-0.12045900772015254,0.3069436268443909,3
square,calql,100000,0.29323753077122894,0.03069441844630799,3,0.28658139705657953,0.07179578914040376,3,587.2262505425348,52.421205667875505,3,0.6191402011447482,0.0017580328648547946,3,0.8020657830768161,0.005019375703473208,3,0.22755457626448738,0.0025634826345879488,3,-0.4158015218045976,0.006766889723200706,3,0.0,0.0,3,0.481359245044436,0.010518829712789175,3,4.614352756076388,0.3645525987830016,3,-0.28658139705657953,0.07179578914040376,3
square,calql,105000,0.28859035223722457,0.03346233505145855,3,0.04593931966357758,0.24122045735678888,3,579.3880954318576,60.03261249362812,3,0.6173380149735345,0.00202649555781487,3,0.7945098545816208,0.007812547089866975,3,0.2270740419626236,0.0035079207100051414,3,-0.4166833559672038,0.004365539990149399,3,0.0,0.0,3,0.4737606856314723,0.006767395507668271,3,4.5729597144656715,0.44404116786918446,3,-0.04593931966357758,0.24122045735678888,3
square,calql,110000,0.2841088346309132,0.03622110777685009,3,-0.443002184232076,0.3029417975835756,3,573.062998453776,68.66958443868572,3,0.615944160355462,0.0015255282762357061,3,0.7767995927068921,0.009541159697511159,3,0.22357081870237985,0.00434251888923488,3,-0.4091387391090393,0.006686059879244612,3,0.0,0.0,3,0.4611678969930395,0.011239781562667563,3,4.519383509953816,0.48262794920275875,3,0.443002184232076,0.3029417975835756,3
square,calql,115000,0.2834936401496331,0.0362383340413022,3,-0.09850875039895372,0.44165776581625155,3,573.1502685546875,62.205980458317576,3,0.6163937648137411,0.003235633898123613,3,0.7873278458913168,0.01504243750573307,3,0.22228423754374185,0.00595360783442482,3,-0.42109711468219757,0.004189194189545746,3,0.0,0.0,3,0.46639560634885036,0.008033859557460893,3,4.575952132542928,0.5784757563330502,3,0.09850875039895372,0.44165776581625155,3
square,cql,0,0.36383722101648647,0.0005484962314575934,3,-10.950657685597738,0.22758943131334777,3,1.6951498919063148,7.379877339411253,3,0.5640803443060981,0.002671176543561761,3,0.49121981528070235,0.006183248801948884,3,0.1500496119260788,0.004325886732315655,3,-0.2453504105408986,0.0055059496495502335,3,0.0,0.0,3,0.6212075791691628,0.007324126383289457,3,2.440435780419244,0.023910724184099827,3,10.950657685597738,0.22758943131334777,3
square,cql,5000,0.14732380691501826,0.0038330522077554634,3,-0.6289776729212867,0.2361552200408457,3,73.61088477240668,4.780772508551945,3,0.6162151164478725,0.0011457753811659423,3,0.7889585826132032,0.0030860535458163366,3,0.22743056383397842,0.0025126420975135643,3,-0.38056168622440767,0.006400737022289864,3,0.0,0.0,3,0.5078836579274986,0.006505930970611761,3,2.0936052401860556,0.09695131647615358,3,0.6289776729212867,0.2361552200408457,3
square,cql,10000,0.15841962587502265,0.008590748975950344,3,0.342838595310847,0.2575079606485183,3,130.6299082438151,12.498917809743878,3,0.6189871761533949,0.0014598095023982834,3,0.8049448198742336,0.004871726661639028,3,0.23156932989756265,0.00342371793948537,3,-0.39864203002717763,0.0015797396287113136,3,0.0,0.0,3,0.5103890156922216,0.0018841937333733724,3,2.299767149819268,0.13062481116385627,3,-0.342838595310847,0.2575079606485183,3
square,cql,15000,0.17627748615211905,0.010139563572234903,3,0.37786852651172215,0.31425985593213646,3,181.2747785780165,18.758798873398845,3,0.6191926333639356,0.001905919900129052,3,0.8008290595478482,0.007488435570297776,3,0.23234438068336913,0.0035856941318670055,3,-0.39370225204361803,0.0010903655640554675,3,0.0,0.0,3,0.503447760973789,0.0014491116634357069,3,2.55466538005405,0.1289742637947169,3,-0.37786852651172215,0.31425985593213646,3
square,cql,20000,0.19277310727371108,0.008307883190693128,3,0.09484175841013591,0.21278443936880365,3,228.74439832899304,21.45245569074641,3,0.6186702185206943,0.003096879522516127,3,0.7989244196150037,0.00539950354311279,3,0.23115080263879562,0.0030383147458912223,3,-0.3894778059588538,0.005601174705516734,3,0.0,0.0,3,0.5066194859250671,0.010764917747190971,3,2.7819664743211536,0.1786339643568502,3,-0.09484175841013591,0.21278443936880365,3
square,cql,25000,0.21714939590957424,0.009981256348764619,3,0.5729508068826464,0.2440596417941464,3,277.90558200412323,27.359160068441042,3,0.6200409001774259,0.0012734789343365953,3,0.8115581671396891,0.005481588493906438,3,0.23355345924695334,0.0020713982463694105,3,-0.3977916141351064,0.0034432670643259585,3,0.0,0.0,3,0.5042728417587526,0.005247553684108445,3,3.1942358016967773,0.14860654853576338,3,-0.5729508068826464,0.2440596417941464,3
square,cql,30000,0.2273538231021828,0.009611018381205236,3,0.713188843594657,0.2129577740423713,3,304.2032521565755,37.70095200939506,3,0.6198658015992907,0.001859364602835601,3,0.8158463438351949,0.0022905244710252305,3,0.23508805533250174,0.0020616308863002724,3,-0.3979970978366005,0.005737610311140653,3,0.0,0.0,3,0.5092339908846492,0.008460228577356713,3,3.318049563301934,0.19067601070807097,3,-0.713188843594657,0.2129577740423713,3
square,cql,35000,0.2470096403525935,0.010232608537758607,3,-0.5363366272714404,0.364782802878687,3,353.2927619086372,40.42609282669584,3,0.6157151924239265,0.003195541693261198,3,0.7888368897967868,0.010732671091071927,3,0.2275545746088028,0.0033471741730186034,3,-0.3880797558360629,0.0024182742963532004,3,0.0,0.0,3,0.4956397131148658,0.010289209285406834,3,3.6335785653856068,0.12014395344477338,3,0.5363366272714404,0.364782802878687,3
square,cql,40000,0.26597611326724285,0.015788125369046533,3,-0.06415355702241264,0.12864272141422245,3,416.1826629638672,36.54418692735043,3,0.6165699710448583,0.0010282148315011303,3,0.7928280731042227,0.004628043806315315,3,0.2288295291364193,0.0015923026060214191,3,-0.3938540692130725,0.0004730772108625989,3,0.0,0.0,3,0.49918793570031667,0.008550204468621751,3,3.88748300075531,0.21330791196281765,3,0.06415355702241264,0.12864272141422245,3
square,cql,45000,0.2763882637023926,0.016319927961515233,3,0.3875762555334304,0.44592570083660943,3,474.83312649197046,32.14959965775928,3,0.6177348693211874,0.001295087682704955,3,0.8008616897794935,0.008482196839378914,3,0.23011223640706802,0.003434230486761784,3,-0.4000804755422804,0.004331970543420713,3,0.0,0.0,3,0.5009090594482674,0.01654142571958612,3,4.067371606826782,0.2407743669471388,3,-0.3875762555334304,0.44592570083660943,3
square,cql,50000,0.2785209016667472,0.01661321543226676,3,0.27372784084743923,0.5197724653232563,3,489.6037529839409,40.68228800409479,3,0.6164093282487657,0.0029132884976916505,3,0.7999467518594531,0.01008302643649565,3,0.23127481341362,0.0032133457627192036,3,-0.40543243620130753,0.004667089974262499,3,0.0,0.0,3,0.4790230464020581,0.003934932764404643,3,4.313172790739271,0.23684257792015195,3,-0.27372784084743923,0.5197724653232563,3
square,cql,55000,0.28611891037887993,0.018860112112881727,3,0.28208984434604645,0.305243972755782,3,502.7680223253038,47.66372067975521,3,0.6144777271482679,0.002297954391262515,3,0.7926089366277059,0.006359893849919657,3,0.22726005481349099,0.003099462780451946,3,-0.40896844532754684,0.0021059186671500913,3,0.0,0.0,3,0.48673341335099335,0.004376152577849439,3,4.33182692527771,0.27524869853160955,3,-0.28208984434604645,0.305243972755782,3
square,cql,60000,0.2950348635514577,0.01901885219310341,3,0.4285079042116801,0.14994035989585341,3,510.53090752495655,47.93643643205054,3,0.6179504990577698,0.00039914963578149343,3,0.8003441691398621,0.001159040001587735,3,0.23057726853423646,0.001423056876490562,3,-0.40281221601698136,0.00551486115712778,3,0.0,0.0,3,0.47697439493930577,0.0055130050394348335,3,4.572791973749797,0.3009591068677904,3,-0.4285079042116801,0.14994035989585341,3
square,cql,65000,0.30786334839132096,0.015887495671371835,3,0.24876426988177827,0.32343349710093355,3,537.3982374403212,42.8927295667529,3,0.6158908671802945,0.0034883029884659506,3,0.7986836367183262,0.007380762033273109,3,0.22611297998163435,0.005279698661058186,3,-0.4071702228652106,0.010624168053826353,3,0.0,0.0,3,0.4825757914785898,0.012182566552734022,3,4.764648543463813,0.31696050368196527,3,-0.24876426988177827,0.32343349710093355,3
square,cql,70000,0.3300843202405505,0.023335346704767872,3,-0.43592632313569385,0.4500722301912785,3,565.5415954589844,52.77031740964503,3,0.6144397523668078,0.0013895674119830735,3,0.7849455806944104,0.007892178136745049,3,0.2221912294626236,0.0031755115175788155,3,-0.39973981844054335,0.009867614194106719,3,0.0,0.0,3,0.4825896692713812,0.005966546263673377,3,5.013321240743001,0.34111620764573064,3,0.43592632313569385,0.4500722301912785,3
square,cql,75000,0.3352605632609791,0.028573764144123066,3,-0.07913325892554386,0.22986309494388432,3,561.0423244900173,46.06206405622289,3,0.6159410940276252,0.0021795135548005494,3,0.7889954315291511,0.006988146667221947,3,0.22693453398015762,0.0036245480810904256,3,-0.4030831820434994,0.012992545180825736,3,0.0,0.0,3,0.47857175084598597,0.013247391342604635,3,5.166933430565728,0.29378214016420534,3,0.07913325892554386,0.22986309494388432,3
square,cql,80000,0.33944713887241146,0.027772094617765166,3,0.08033096707529493,0.2964208425308608,3,588.7867296006945,46.183242089762146,3,0.6186719139417013,0.004869078627150016,3,0.7950235671467251,0.012545346913607666,3,0.22820561627546945,0.006581243929335227,3,-0.4022316071722243,0.011862797286320888,3,0.0,0.0,3,0.4772193688270497,0.015620621197562438,3,5.264850510491265,0.38586879736614743,3,-0.08033096707529493,0.2964208425308608,3
square,cql,85000,0.36616055087910754,0.03517260965059692,3,-0.5045266929599974,0.24876447191963547,3,586.1563245985243,31.96232752027285,3,0.6133670343293084,0.0031032469810859174,3,0.7824166019757589,0.009576065910688382,3,0.22161769370237985,0.004618595828970468,3,-0.40126293235354954,0.006845467771588132,3,0.0,0.0,3,0.47579785051959417,0.023147735558689694,3,5.638010819753011,0.3785132709726862,3,0.5045266929599974,0.24876447191963547,3
square,cql,90000,0.37517070637808897,0.03311916590543276,3,0.09370516737302143,0.2614464254483006,3,609.433098687066,26.12082598455955,3,0.6181667778227063,0.0029262376502685976,3,0.8012598686748081,0.008517765477252902,3,0.22715154952473113,0.003429085061801363,3,-0.4042970339457194,0.008317986237875262,3,0.0,0.0,3,0.469319881384628,0.014288765094513923,3,5.985209306081136,0.5479740947448676,3,-0.09370516737302143,0.2614464254483006,3
square,cql,95000,0.39616261944174763,0.025238576551824637,3,0.020261282722155254,0.303939134521168,3,625.8176320393881,25.862673994075376,3,0.6185962210098902,0.0036460985234306334,3,0.7943000942468643,0.009781506171637021,3,0.2272484302520752,0.005199957812346408,3,-0.4035528401533763,0.008572639721120583,3,0.0,0.0,3,0.4812520943471088,0.00811501288005559,3,6.0795191923777265,0.2743891159276995,3,-0.020261282722155254,0.303939134521168,3
square,cql,100000,0.4110575257076157,0.027824451598188762,3,0.4475546677907308,0.15252153884717307,3,662.6643473307291,32.193072155129805,3,0.6191405587726169,0.0017531881517424,3,0.8016268213589987,0.005975931954135441,3,0.22688803242312539,0.0024931561350059906,3,-0.41934292183981997,0.007842070950814042,3,0.0,0.0,3,0.47574195297170946,0.007186503567082607,3,6.517191727956136,0.33589927312807116,3,-0.4475546677907308,0.15252153884717307,3
square,cql,105000,0.4239424467086792,0.03182732037537715,3,-0.45167115330696106,0.5439298524774291,3,672.3346761067709,19.518235784112722,3,0.6154234674241809,0.00326190505624386,3,0.7843970590167575,0.01608498474522525,3,0.22203621764977774,0.006989710589055822,3,-0.4099859396616618,0.002810572030570356,3,0.0,0.0,3,0.4767999805304514,0.00918759367250822,3,6.593611664242214,0.3967298934639994,3,0.45167115330696106,0.5439298524774291,3
square,cql,110000,0.44341714680194855,0.03531517777767525,3,0.20689771572748825,0.22531812373844828,3,713.7525770399307,48.57877226201504,3,0.6222262581189474,0.00250037760602728,3,0.8024685515297785,0.005106571584549246,3,0.23017424013879564,0.005043971444398436,3,-0.4096074004968007,0.0102597186172717,3,0.0,0.0,3,0.4924772154290344,0.010384062101847455,3,6.750683254665799,0.3520390973045061,3,-0.20689771572748825,0.22531812373844828,3
square,cql,115000,0.4530906898279985,0.04175052583703077,3,-0.11190242071946462,0.08055819301224915,3,734.5159810384115,55.77528041685494,3,0.6189811627070109,0.0004401115250746396,3,0.7885709504286448,0.0014402457355184805,3,0.22044737140337625,0.0033235009380644543,3,-0.41315750281016034,0.00861365739827858,3,0.0,0.0,3,0.47012756976988657,0.007998035917896652,3,7.152027289072673,0.48778173525249846,3,0.11190242071946462,0.08055819301224915,3
square,fixalpha_03,0,0.3000000119209289,0.0,5,-15.612993621826172,0.10716278671322567,5,44.09361356099447,1.7653398586967142,5,0.5353097756703695,0.0009226591132427873,5,0.31005868514378865,0.0016698533691061764,5,0.11536458830038707,0.0016851420126474195,5,-0.1905259807904561,0.004278636268333911,5,0.0,0.0,5,0.6400682333123935,0.0184086487477458,5,1.6450549999872845,0.050181711531579326,5,15.612993621826172,0.10716278671322567,5
square,fixalpha_03,5000,0.3000000119209289,0.0,5,-11.183894475301107,0.14947734132758786,5,97.54388936360678,5.389364691539887,5,0.5570057471593222,0.0025988398945576744,5,0.4812588393688202,0.007753003462734044,5,0.14412202835083007,0.002150801835630017,5,-0.257156041264534,0.003094965016002811,5,0.0,0.0,5,0.4081451026226806,0.007933638869045004,5,3.4934038480122886,0.05391744668463693,5,11.183894475301107,0.14947734132758786,5
square,fixalpha_03,10000,0.3000000119209289,0.0,5,-6.354787063598633,0.706142502067115,5,152.07870178222657,10.810505397435447,5,0.5833598613739014,0.004554310658157599,5,0.6313305338223775,0.018589817166648155,5,0.17813430925210316,0.006260249725136944,5,-0.3210183451573054,0.008324964286080433,5,0.0,0.0,5,0.39970977613928954,0.016022272892822462,5,4.485050296783447,0.12717095325311167,5,6.354787063598633,0.706142502067115,5
square,fixalpha_03,15000,0.3000000119209289,0.0,5,-3.701076865196228,0.48164678424089835,5,213.74163716634115,17.670699020050566,5,0.5938917875289917,0.001970723084635216,5,0.6951268156369527,0.010514066469092394,5,0.19797247846921287,0.001828011311174655,5,-0.35672027866045636,0.010261027514295824,5,0.0,0.0,5,0.43093313448225007,0.007418156384061917,5,4.509120114644369,0.08728100343218001,5,3.701076865196228,0.48164678424089835,5
square,fixalpha_03,20000,0.3000000119209289,0.0,5,-2.3959129889806112,0.6167004324503603,5,280.3288380940755,25.000287061664235,5,0.6036356528600056,0.003916481122441163,5,0.7321090936660767,0.015041408214038801,5,0.20961682299772896,0.005677890123855484,5,-0.362443870306015,0.006850426186644248,5,0.0,0.0,5,0.44491721527958,0.0066122455021982145,5,4.52687349319458,0.09741920549085253,5,2.3959129889806112,0.6167004324503603,5
square,fixalpha_03,25000,0.3000000119209289,0.0,5,-1.6147619823614758,0.44801429505845103,5,342.6095387776693,28.365655419163314,5,0.606828486919403,0.002417765487513335,5,0.752013373374939,0.010799989066327717,5,0.21839658816655477,0.004049594800699484,5,-0.37070825695991516,0.0069886545978558,5,0.0,0.0,5,0.45996700795179174,0.006444549690657383,5,4.491497898101807,0.0863412312215201,5,1.6147619823614758,0.44801429505845103,5
square,fixalpha_03,30000,0.3000000119209289,0.0,5,-0.9454801743229231,0.7591294129503998,5,416.16004638671876,33.39637027542062,5,0.6110137542088826,0.00249534959276533,5,0.7646828571955363,0.014802111717887317,5,0.22059152821699776,0.004606274301232628,5,-0.3810951749483744,0.011184292135531697,5,0.0,0.0,5,0.46584706801109005,0.008911738266051853,5,4.506724898020426,0.14403614919207577,5,0.9454801743229231,0.7591294129503998,5
square,fixalpha_03,35000,0.3000000119209289,0.0,5,0.34328917264938347,1.040734214481036,5,464.1120524088541,34.381369562202494,5,0.6167554338773092,0.004211021234119983,5,0.7953371564547221,0.024596843046263795,5,0.2311756064494451,0.007776174777019546,5,-0.39130082726478577,0.013486827568666595,5,0.0,0.0,5,0.4732604302473037,0.0089302713334196,5,4.578055540720621,0.19896229881878913,5,-0.34328917264938347,1.040734214481036,5
square,fixalpha_03,40000,0.3000000119209289,0.0,5,0.7247319698333741,0.9294863676738505,5,527.5649993896484,38.72176067506507,5,0.6178800523281097,0.004448228165986515,5,0.8049952536821365,0.02259369499928721,5,0.23466100320219993,0.007561650238615931,5,-0.3963341668248176,0.008839154972798267,5,0.0,0.0,5,0.4695866784086132,0.008463353497606636,5,4.690910255908966,0.1738518135787041,5,-0.7247319698333741,0.9294863676738505,5
square,fixalpha_03,45000,0.3000000119209289,0.0,5,0.8642757733662924,0.7173974350699349,5,580.3706115722656,39.17036440390353,5,0.620320483048757,0.002812463380804674,5,0.8097110033035279,0.015910479958545738,5,0.23540737628936767,0.005215374342940721,5,-0.3960500697294871,0.007879241496770948,5,0.0,0.0,5,0.46557612529489445,0.007081454528481705,5,4.7465872446695965,0.14391858618447306,5,-0.8642757733662924,0.7173974350699349,5
square,fixalpha_03,50000,0.3000000119209289,0.0,5,1.336283865571022,0.6822441939790479,5,614.7157002766927,35.53338480936555,5,0.6214874585469563,0.00300382736810714,5,0.8216978907585144,0.015594849047194952,5,0.2387555907169978,0.00493491483059103,5,-0.40688476761182146,0.008315028545588223,5,0.0,0.0,5,0.47227424878129376,0.0067563253817365465,5,4.7806317965189615,0.15715512310241994,5,-1.336283865571022,0.6822441939790479,5
square,fixalpha_03,55000,0.3000000119209289,0.0,5,2.239352678259214,0.8879414532202055,5,630.6884480794272,41.1677937265918,5,0.6247571229934692,0.0038224896402007324,5,0.8346298893292745,0.02045290549399777,5,0.24443825284639992,0.006514080443259523,5,-0.4161088943481445,0.009394793344031678,5,0.0,0.0,5,0.45372874753685233,0.006341870644409193,5,5.018683624267578,0.1700977239296206,5,-2.239352678259214,0.8879414532202055,5
square,fixalpha_03,60000,0.3000000119209289,0.0,5,2.0252970814704896,0.9600552127786408,5,668.0638732910156,45.75969838345349,5,0.6252758542696635,0.004343333418921367,5,0.8327178359031677,0.021679809457479028,5,0.24305246472358705,0.008419871440258,5,-0.41435770193735755,0.01096272250817984,5,0.0,0.0,5,0.45898790896076636,0.0050611810711805325,5,4.978441365559896,0.16608419305899702,5,-2.0252970814704896,0.9600552127786408,5
square,fixalpha_03,65000,0.3000000119209289,0.0,5,2.0324044048786165,0.8085685763179855,5,684.4053649902344,52.726906245624455,5,0.6247915665308634,0.004324396026528413,5,0.8322621067365011,0.019940213100079707,5,0.2424200266599655,0.006504434740392596,5,-0.4162962377071381,0.006749593033839168,5,0.0,0.0,5,0.44896494009155097,0.005572165364917917,5,5.114766343434651,0.15433691516348663,5,-2.0324044048786165,0.8085685763179855,5
square,fixalpha_03,70000,0.3000000119209289,0.0,5,2.1839885234832765,1.100200539782861,5,704.4713521321614,56.1632316493021,5,0.6258963545163472,0.0043768145336504655,5,0.8329999049504598,0.02516769974770033,5,0.2440941333770752,0.007470541411960828,5,-0.4179954330126444,0.014698973335035455,5,0.0,0.0,5,0.4438783836897901,0.007866228043378581,5,5.175929705301921,0.23110996040733747,5,-2.1839885234832765,1.100200539782861,5
square,fixalpha_03,75000,0.3000000119209289,0.0,5,2.7015041669209796,1.0603266979725967,5,705.9819091796875,60.70500125550037,5,0.6281096696853637,0.005518217910382831,5,0.8478968302408854,0.025735749031398504,5,0.24837240676085154,0.008331536260678373,5,-0.42545120120048524,0.012359482204319787,5,0.0,0.0,5,0.45817837184380983,0.017010334194220513,5,5.126738293965658,0.292231309082265,5,-2.7015041669209796,1.0603266979725967,5
square,fixalpha_03,80000,0.3000000119209289,0.0,5,2.8567243695259092,1.5087239253175455,5,717.8475845336914,66.94655459527378,5,0.6304569721221924,0.007813231912907915,5,0.8554903417825699,0.037056898702338775,5,0.24976284727454184,0.011894774442021803,5,-0.42700690776109695,0.01761312518319662,5,0.0,0.0,5,0.4469406459267181,0.012181723640418,5,5.295111417770386,0.32059123566433073,5,-2.8567243695259092,1.5087239253175455,5
square,fixalpha_03,85000,0.3000000119209289,0.0,5,2.5846110502878825,1.7872634428411946,5,728.5001770019531,74.47540240842572,5,0.6291616201400757,0.009424627610948321,5,0.8462461868921916,0.04072132998202454,5,0.24789807697137198,0.01381396323899239,5,-0.43054401874542236,0.020401482717301495,5,0.0,0.0,5,0.4506670997909953,0.015930042390411514,5,5.257289981842041,0.36873324280234715,5,-2.5846110502878825,1.7872634428411946,5
square,fixalpha_03,90000,0.3000000119209289,0.0,5,3.0936748663584392,1.7576169069722452,5,730.9034993489583,87.0554015882416,5,0.632991365591685,0.010188263522670193,5,0.8611114541689554,0.0440058434855041,5,0.2513206958770752,0.015189403565482233,5,-0.4331419289112091,0.01770458828337426,5,0.0,0.0,5,0.4573839479574504,0.01666603810833317,5,5.250391785303752,0.3654146963578613,5,-3.0936748663584392,1.7576169069722452,5
square,fixalpha_03,95000,0.3000000119209289,0.0,5,2.602270078659058,1.8895866408582138,5,728.0444722493489,87.58535203122895,5,0.6305290738741557,0.010096468613743952,5,0.8498984535535176,0.04550648032497452,5,0.24813058972358704,0.016756852445105254,5,-0.4313178241252899,0.02065585726275476,5,0.0,0.0,5,0.4476994512729303,0.014867894947723757,5,5.335692437489827,0.3810399140300389,5,-2.602270078659058,1.8895866408582138,5
square,fixalpha_03,100000,0.3000000119209289,0.0,5,2.6737033685048424,2.1992479013246684,5,704.3513041178385,87.38078644821012,5,0.6313674132029214,0.012296054161197896,5,0.8507746537526449,0.05392973199477135,5,0.24991630514462787,0.01853792950003128,5,-0.43214404781659443,0.02220347940558693,5,0.0,0.0,5,0.44987339350440536,0.01919038186713162,5,5.323330402374268,0.44372497381886344,5,-2.6737033685048424,2.1992479013246684,5
square,fixalpha_03,105000,0.3000000119209289,0.0,5,2.333615096410116,2.051024443481509,5,700.1450052897135,88.28772195778456,5,0.6300169070561727,0.012097504922981677,5,0.8422798593839008,0.04928583922183103,5,0.2463448772827784,0.017859884160019858,5,-0.43509688377380373,0.01938236501594444,5,0.0,0.0,5,0.44708618597890093,0.0126738157655439,5,5.31712261835734,0.3656784219957965,5,-2.333615096410116,2.051024443481509,5
square,fixalpha_03,110000,0.3000000119209289,0.0,5,2.8162781238555907,1.708173593097414,5,688.4388488769531,87.68949676434667,5,0.6320037245750427,0.010518745991270033,5,0.8563590168952941,0.043556117743200264,5,0.24888393680254622,0.01534522866961402,5,-0.4431869586308797,0.01851419586982181,5,0.0,0.0,5,0.44931386452800764,0.013814940296521834,5,5.40397686958313,0.3745296357111936,5,-2.8162781238555907,1.708173593097414,5
square,fixalpha_03,115000,0.3000000119209289,0.0,5,3.432003116607666,1.9285408120109202,5,670.3078552246094,80.80924374413945,5,0.6378583967685699,0.011518818720754618,5,0.8733620285987854,0.049882925727236585,5,0.2548828229308128,0.0182753512520751,5,-0.4455365717411041,0.015167430463290733,5,0.0,0.0,5,0.44915678726221014,0.013049611642271924,5,5.472353935241699,0.35123403417135346,5,-3.432003116607666,1.9285408120109202,5
square,iql,0,0.36429004362887807,0.0005761214145086366,3,-10.292376041412354,0.17940152781097324,3,23.255046632554798,1.0401050837452095,3,0.5654816031455994,0.001428330506785351,3,0.5087920725345612,0.006626585822310258,3,0.15332031912273833,0.0009265649011228409,3,-0.2632134407758712,0.003636715912442656,3,0.0,0.0,3,,,0,,,0,10.292376041412354,0.17940152781097324,3
square,iql,5000,0.14591309486163984,0.0022885906161206585,3,-0.15452482302983603,0.37766651266332885,3,75.70733388264973,3.0173931291803466,3,0.6217318442132738,0.0020032559216113474,3,0.7966216339005364,0.011629647042055366,3,0.23099579579300347,0.005334842357017469,3,-0.3755293918980493,0.0034628835345523407,3,0.0,0.0,3,,,0,,,0,0.15452482302983603,0.37766651266332885,3
square,iql,10000,0.15217131492164396,0.004034381876308228,3,0.553287966383828,0.18463181989200717,3,103.98274570041234,2.750591768652442,3,0.6250620815489027,0.0019343815947041759,3,0.821185482872857,0.00569826938263744,3,0.23755271401670244,0.00278634408986505,3,-0.38919522364934284,0.004802553668482944,3,0.0,0.0,3,,,0,,,0,-0.553287966383828,0.18463181989200717,3
square,iql,15000,0.16515119348963095,0.010038341894836017,3,0.22854316731293992,0.525691560818396,3,147.5742450290256,12.165665056885977,3,0.6212784846623739,0.0032061715336388634,3,0.8074269493420919,0.01039608009395411,3,0.23470053242312539,0.003357352494925519,3,-0.3831598626242743,0.0061748083569429625,3,0.0,0.0,3,,,0,,,0,-0.22854316731293992,0.525691560818396,3
square,iql,20000,0.17223449233505458,0.013668454754748587,3,0.07482585310935976,0.21324664103580168,3,186.38048723008896,26.675153713621402,3,0.6199201345443726,0.0028677222485489428,3,0.8036281069119772,0.006903624240495255,3,0.2326699048280716,0.0018619274553240825,3,-0.38798495464854765,0.006520638068338043,3,0.0,0.0,3,,,0,,,0,-0.07482585310935976,0.21324664103580168,3
square,iql,25000,0.18046769027908638,0.015149897171188094,3,0.32609462406900197,0.3022550736029991,3,218.2050306532118,32.47495337119933,3,0.6207866734928555,0.002283429364830195,3,0.8070113857587179,0.005352795340141349,3,0.2357390969991684,0.004086827006151515,3,-0.38923530115021593,0.006427189357864885,3,0.0,0.0,3,,,0,,,0,-0.32609462406900197,0.3022550736029991,3
square,iql,30000,0.1880189412169986,0.02284624415497942,3,0.5050059167875184,0.12985756500517173,3,243.78377787272134,38.85650454531849,3,0.6225227846039666,0.0011579548245252169,3,0.8096683488951788,0.0029160366258590936,3,0.23434400889608595,0.001430129792495005,3,-0.3942291074328952,0.004421511341280653,3,0.0,0.0,3,,,0,,,0,-0.5050059167875184,0.12985756500517173,3
square,iql,35000,0.1975555185642507,0.02801071406262199,3,0.14041641685697767,0.22320663590164397,3,270.9840715196397,52.42779877046991,3,0.6191580759154426,0.0013345126926455175,3,0.8015176984998916,0.004314954617159648,3,0.23288691706127593,0.0008387751584156731,3,-0.3943709929784139,0.004069336905908854,3,0.0,0.0,3,,,0,,,0,-0.14041641685697767,0.22320663590164397,3
square,iql,40000,0.20682424095769722,0.030751421593809315,3,0.12816078340013823,0.19180714117104558,3,291.91003672281903,62.45023194300785,3,0.6186817834774653,0.0014355555862869006,3,0.796410858631134,0.0042302664461426895,3,0.23322406162818274,0.001393344519326966,3,-0.3915143385529518,0.0026311650803804124,3,0.0,0.0,3,,,0,,,0,-0.12816078340013823,0.19180714117104558,3
square,iql,45000,0.21956592889295679,0.036366288507842466,3,0.28240793281131316,0.4612774284938101,3,323.79501003689234,69.65769188963532,3,0.6195819973945618,0.0028962731216480896,3,0.804209483994378,0.011435259791270351,3,0.23293341861830816,0.004210252730467758,3,-0.39477179447809857,0.004724034274159651,3,0.0,0.0,3,,,0,,,0,-0.28240793281131316,0.4612774284938101,3
square,iql,50000,0.23277025802267923,0.04605275685022674,3,0.25791275832388133,0.30811698532061016,3,354.5811496310764,82.23171007126396,3,0.6207261284192404,0.0013329522589148168,3,0.8024432261784872,0.006408089888397083,3,0.2338324768675698,0.0027759770211751495,3,-0.4006704257594215,0.002949180924681867,3,0.0,0.0,3,,,0,,,0,-0.25791275832388133,0.30811698532061016,3
square,iql,55000,0.23949247548977534,0.051368145385242814,3,0.14695708288086787,0.26718480358651614,3,379.1642930772569,100.01549007674367,3,0.6192382838990954,0.003008952312582907,3,0.7937570876545376,0.007645353374756527,3,0.229631707072258,0.0032692394410886905,3,-0.3978302545017666,0.006090361521955287,3,0.0,0.0,3,,,0,,,0,-0.14695708288086787,0.26718480358651614,3
square,iql,60000,0.2431811263163884,0.055316294818827716,3,0.030078033606211346,0.2840872317732817,3,391.96937561035156,106.32010585421766,3,0.6161665982670255,0.0023395499087921954,3,0.7874075969060262,0.008772671782992335,3,0.22840712798966303,0.0033168868988450403,3,-0.4042370948526594,0.0015362888598485973,3,0.0,0.0,3,,,0,,,0,-0.030078033606211346,0.2840872317732817,3
square,iql,65000,0.2465854701068666,0.06020290535539604,3,0.4102785487969716,0.32072584769266516,3,407.1731550428603,124.67858868926825,3,0.6186901066038343,0.0007361444602318776,3,0.7981671094894409,0.006192086541427768,3,0.23029824925793543,0.0009670440194258858,3,-0.4076240062713623,0.005658986665518587,3,0.0,0.0,3,,,0,,,0,-0.4102785487969716,0.32072584769266516,3
square,iql,70000,0.25534491083688204,0.06839260807339038,3,0.17009379963080085,0.1570644222554101,3,425.5523800320095,135.90722373388468,3,0.6172162095705668,0.0009743870953673998,3,0.7954524954160055,0.0021682934271481723,3,0.22650050620237985,0.000654537984988835,3,-0.4092763165632884,0.00035677996557162054,3,0.0,0.0,3,,,0,,,0,-0.17009379963080085,0.1570644222554101,3
square,iql,75000,0.2620043062501483,0.07558268651676575,3,0.5386575228638119,0.31520186786784987,3,437.6597679985894,145.9757044487605,3,0.6191413866149055,0.0007204794140012364,3,0.8005353543493482,0.007566400640307972,3,0.23045326107078126,0.0018541682684272926,3,-0.4138765103287167,0.00397439887696258,3,0.0,0.0,3,,,0,,,0,-0.5386575228638119,0.31520186786784987,3
square,iql,80000,0.27221811568985377,0.08643555749410962,3,0.3950721435248852,0.1442332725281939,3,451.8643519083659,163.48033634121686,3,0.6187460919221243,0.0011695528799629544,3,0.7988141626119614,0.00709741620332623,3,0.2277599610388279,0.0016000933440364594,3,-0.41563834498325986,0.0029942684924712253,3,0.0,0.0,3,,,0,,,0,-0.3950721435248852,0.1442332725281939,3
square,iql,85000,0.28733132224943897,0.097935267078585,3,0.09164146251148649,0.6077798116729132,3,461.31933254665796,177.13854790429687,3,0.620058967007531,0.006025609655509024,3,0.7949610418743557,0.017260238284577314,3,0.2294611947404014,0.008554623799596732,3,-0.4104202489058177,0.004544703474724863,3,0.0,0.0,3,,,0,,,0,-0.09164146251148649,0.6077798116729132,3
square,iql,90000,0.3012859798967838,0.10723132826174928,3,0.8514546354611715,0.5113583630336702,3,479.05211385091144,188.70894380535017,3,0.6229286856121488,0.003952199203525619,3,0.8121043642361959,0.013579372046300239,3,0.2351190580262078,0.005388195223545929,3,-0.4189650350146823,0.003919198400276209,3,0.0,0.0,3,,,0,,,0,-0.8514546354611715,0.5113583630336702,3
square,iql,95000,0.3095988841520415,0.11237701053523508,3,-0.11704423692491318,0.1999622948565652,3,494.32053460015186,201.89089262716212,3,0.6166490846210055,0.0024624167199102515,3,0.7893080843819512,0.005705844678629241,3,0.22445437477694619,0.0015117242770044314,3,-0.4135338366031647,0.004408445692976065,3,0.0,0.0,3,,,0,,,0,0.11704423692491318,0.1999622948565652,3
square,iql,100000,0.3154347300529479,0.11471526674569475,3,0.1397569477558136,0.2074005302991258,3,517.9691602918837,210.44354825021742,3,0.6216511527697245,0.0017374122153266422,3,0.79618901014328,0.004862126214773862,3,0.23197235663731894,0.0028703232270625646,3,-0.41007397572199505,0.0024908494259254007,3,0.0,0.0,3,,,0,,,0,-0.1397569477558136,0.2074005302991258,3
square,iql,105000,0.3102574841015868,0.10707281926848033,3,0.05581196480327181,0.5674615333160122,3,531.9856601291232,215.83848319111343,3,0.6198272042804294,0.0038612674030904246,3,0.7942443092664083,0.014208522350047796,3,0.22716704838805726,0.004169825750057418,3,-0.41613705290688413,0.005384133912564637,3,0.0,0.0,3,,,0,,,0,-0.05581196480327181,0.5674615333160122,3
square,iql,110000,0.3039025545120239,0.10122265244178313,3,0.3864264753129747,0.3245939183217689,3,529.5631035698784,227.21192659842134,3,0.6201093726687961,0.0021456738015942205,3,0.8002277414004008,0.006387124584381335,3,0.2273685617579354,0.0018336451420451008,3,-0.41976701882150436,0.003534468471043628,3,0.0,0.0,3,,,0,,,0,-0.3864264753129747,0.3245939183217689,3
square,iql,115000,0.3006286080926656,0.09745637023770863,3,0.159052312374115,0.28104357915900324,3,543.5640970865885,233.38004308073602,3,0.6222701470057169,0.002221394278979145,3,0.7962452272574106,0.00653659714071432,3,0.2280738577246666,0.0032444783003291768,3,-0.4157296121120453,0.0021844683620300146,3,0.0,0.0,3,,,0,,,0,-0.159052312374115,0.28104357915900324,3
square,mix_prefill,0,0.3461542466448413,0.00012051930424403303,3,-16.974044693840877,0.06941071543177439,3,134.68794843885632,0.3396735024248166,3,0.5237795180744595,0.0007588565446319152,3,0.21773957378334471,0.0011711452896673465,3,0.10298859576384227,0.00046061812785212243,3,-0.18070631225903824,0.0018743726576717773,3,0.9007208111884603,0.0,3,,,0,,,0,16.974044693840877,0.06941071543177439,3
square,mix_prefill,5000,0.0761930947916375,0.0011870107439029773,3,-4.178258760107888,0.1395815937142672,3,84.46674558851454,1.6874435016211355,3,0.6057191159990098,0.0020259249917053946,3,0.6934416459666358,0.003284175172913139,3,0.20810083051522574,0.0012081831716517387,3,-0.3021875454319847,0.008548101707765574,3,0.888687884439601,0.0,3,,,0,,,0,4.178258760107888,0.1395815937142672,3
square,mix_prefill,10000,0.06472833661569487,0.0030301019966008486,3,2.861456738577948,1.1282022702416683,3,1.2044523424572409,3.542737423571033,3,0.624139216211107,0.0052396620774683355,3,0.837273101011912,0.028752121385407305,3,0.24308657149473825,0.008653569749880711,3,-0.44358832306332063,0.02184592306915693,3,0.8769722244057768,0.0,3,,,0,,,0,-2.861456738577948,1.1282022702416683,3
square,mix_prefill,15000,0.10509095324410328,0.0066946579069599,3,0.563633508152432,1.0359643491358606,3,-21.431526554955372,8.178422957606617,3,0.614671958817376,0.0077672748056862246,3,0.8003475401136609,0.024661848760621607,3,0.22533793416288164,0.010397838309130684,3,-0.41636404063966537,0.009958128711775148,3,0.8655614463597902,0.0,3,,,0,,,0,-0.563633508152432,1.0359643491358606,3
square,mix_prefill,20000,0.12263614969948926,0.004273592779019597,3,0.4329810556438234,1.0528080827903845,3,-10.257942332161798,7.573497800176324,3,0.618876662519243,0.005493100426262774,3,0.8136658999654981,0.022924942810208206,3,0.23222037487559846,0.008325823911746731,3,-0.3918198049068451,0.010187450705938737,3,0.8544438018978138,0.0,3,,,0,,,0,-0.4329810556438234,1.0528080827903845,3
square,mix_prefill,25000,0.1273390834944115,0.00583192607069005,3,0.391996767785814,0.8791601055403162,3,6.525650872124566,12.515870453235188,3,0.620773818757799,0.004094808524841439,3,0.8228177097108628,0.02356531585379252,3,0.23814175360732606,0.009150103941461514,3,-0.375556531879637,0.004358291370515103,3,0.8436081385895774,0.0,3,,,0,,,0,-0.391996767785814,0.8791601055403162,3
square,mix_prefill,30000,0.1280343720896376,0.009166556185840665,3,0.5993014474709829,0.17118483252569236,3,23.412048233879933,16.302276115845054,3,0.6218026611540052,0.002172683463197854,3,0.8212836451000637,0.005022481860621093,3,0.23916481932004294,0.00459697755022226,3,-0.3730183707343207,0.008195144037695048,3,0.8330438626604773,0.0,3,,,0,,,0,-0.5993014474709829,0.17118483252569236,3
square,mix_prefill,35000,0.1255975271678633,0.014659220733738623,3,0.3620244910319646,0.27978684230794715,3,31.149131907357113,22.040767002893123,3,0.6218956443998548,0.0019187620975033481,3,0.8158853583865695,0.007919874404939058,3,0.24034289187855193,0.001661645421324124,3,-0.36804943283398944,0.005588327463236384,3,0.822740904443104,0.0,3,,,0,,,0,-0.3620244910319646,0.27978684230794715,3
square,mix_prefill,40000,0.12137051733831561,0.01934224228782667,3,0.8721969897548357,0.28700446675581365,3,41.56664468844732,31.024484319011897,3,0.6255429536104202,0.001644907061157135,3,0.8281737814346949,0.006247443537035643,3,0.24215263376633325,0.004063211436990523,3,-0.37095660467942554,0.004362792466814032,3,0.8110461252952982,0.0,3,,,0,,,0,-0.8721969897548357,0.28700446675581365,3
square,mix_prefill,45000,0.11300096950597228,0.015210154520173592,3,0.31780524551868433,0.40543523223775163,3,39.75477320618099,29.948425374213347,3,0.6235980060365466,0.0009077157523234289,3,0.8178966641426086,0.004828227580749962,3,0.23955234388510385,0.0025578524802894807,3,-0.35991941557990176,0.002194268127414551,3,0.7996639665135534,0.0,3,,,0,,,0,-0.31780524551868433,0.40543523223775163,3
square,mix_prefill,50000,0.11319849669105474,0.013126302711214842,3,0.2604767150349087,0.27061533430333157,3,44.4635933637619,24.395118832338234,3,0.6238797638151381,0.003974166211084582,3,0.8201494812965393,0.006498341731171921,3,0.2395833432674408,0.0029213103006142226,3,-0.3618009322219425,0.0044267498038209575,3,0.7901654419688996,0.0,3,,,0,,,0,-0.2604767150349087,0.27061533430333157,3
square,mix_prefill,55000,0.11122114679051769,0.008524860642487548,3,0.27499281863371533,0.26921176483312115,3,54.84019343058268,19.87719100896875,3,0.6229399972491795,0.0028977218415351673,3,0.814379460281796,0.010771295832528796,3,0.23666915959782073,0.005027581617018598,3,-0.36544126934475374,0.004475846030703672,3,0.7808899205673673,0.0,3,,,0,,,0,-0.27499281863371533,0.26921176483312115,3
square,mix_prefill,60000,0.1092292967355913,0.0030059670502030297,3,0.5398560605115361,0.3121069099051616,3,70.55178112453883,10.37240366237157,3,0.6219758788744608,0.0013584449968832239,3,0.8228145043055216,0.005815596938932508,3,0.2388392984867096,0.001723958337673638,3,-0.3742148247030046,0.0042129487885432014,3,0.7718296399630843,0.0,3,,,0,,,0,-0.5398560605115361,0.3121069099051616,3
square,mix_prefill,65000,0.1053859437919325,0.0005176918529306403,3,0.44131383796532947,0.15062819201230215,3,74.8519524468316,0.9962238349003318,3,0.6217862102720472,0.0002363567187951225,3,0.8184698025385538,0.0009169631988026032,3,0.23659165534708237,0.000938674422470391,3,-0.3730072279771169,0.005082204728434381,3,0.7629771939396902,0.0,3,,,0,,,0,-0.44131383796532947,0.15062819201230215,3
square,mix_prefill,70000,0.10392572619020934,0.001319486429163648,3,0.3634477953116099,0.14875302876037172,3,70.10779401991103,7.630265009469392,3,0.6243339512083265,0.0007047475456668227,3,0.8215436869197421,0.007555261300512034,3,0.23902530637052324,0.0018302351827809667,3,-0.3658474915557437,0.002761366375388592,3,0.7543255122181117,0.0,3,,,0,,,0,-0.3634477953116099,0.14875302876037172,3
square,mix_prefill,75000,0.10171565748751159,0.0019302022011604457,3,-0.09353930751482648,0.26538211742933154,3,77.28224690755208,10.64013853053889,3,0.6205285059081184,0.0006526209096598988,3,0.8053016000323825,0.007008484806667981,3,0.23550658259126875,0.0012245797951681034,3,-0.36423723565207583,0.004824390795931176,3,0.7458678416228027,0.0,3,,,0,,,0,0.09353930751482648,0.26538211742933154,3
square,mix_prefill,80000,0.09932859257484472,0.00678162072118075,3,0.35954272498687107,0.3133009892780096,3,74.34589799245198,15.893491251202954,3,0.6240773548682531,0.00048240366291416986,3,0.8227318922678629,0.0049164428091517,3,0.2398507371544838,0.0015452624377750514,3,-0.3625325734416644,0.0044617850846829935,3,0.7362430188323716,0.0,3,,,0,,,0,-0.35954272498687107,0.3133009892780096,3
square,mix_prefill,85000,0.09809087179601189,0.012628394431979845,3,-0.478026130133205,0.4770263219529525,3,78.17842102050781,26.473469487049087,3,0.6210860808690389,0.0029137112970245077,3,0.8014853398005167,0.009377732461594828,3,0.23539807895819345,0.005324201712968791,3,-0.3592421081331041,0.0068501631481107895,3,0.7268520407652014,0.0,3,,,0,,,0,0.478026130133205,0.4770263219529525,3
square,mix_prefill,90000,0.10211900795499479,0.014301720104656496,3,0.21712229483657416,0.2297611389994785,3,81.98604838053386,37.38296350813062,3,0.6256873740090264,0.0013553772347673335,3,0.8180316487948099,0.007823001631549755,3,0.24073041644361284,0.0006406226853240034,3,-0.364597068892585,0.007151232203716857,3,0.7189960258300291,0.0,3,,,0,,,0,-0.21712229483657416,0.2297611389994785,3
square,mix_prefill,95000,0.10355875309970637,0.017200704584330446,3,0.2217383748955197,0.46764547450976046,3,91.2702301873101,51.13785201515051,3,0.624758674038781,0.0016474598866102164,3,0.8129264579878913,0.009521795959423911,3,0.24257503615485299,0.0052684234717828,3,-0.36360130707422894,0.0017892248020120428,3,0.7113080163845381,0.0,3,,,0,,,0,-0.2217383748955197,0.46764547450976046,3
square,mix_prefill,100000,0.101178012167414,0.016462702540392945,3,-0.37177520328097874,0.23095021497732782,3,92.54369099934895,56.81901017631157,3,0.6207062469588386,0.0027331778366518835,3,0.8052425384521484,0.004384377546210656,3,0.23302642338805726,0.0031313909299966326,3,-0.36967464950349593,0.0052480616730653145,3,0.703782680058001,0.0,3,,,0,,,0,0.37177520328097874,0.23095021497732782,3
square,mix_prefill,105000,0.101077616877026,0.0195951983332899,3,-0.5063227944903903,0.19562486801875234,3,88.98619588216145,59.14201936931829,3,0.6195072068108453,0.001240333532843387,3,0.8028603593508402,0.002097143685956545,3,0.2318173481358422,0.0021674245354959564,3,-0.36634220017327207,0.0013251560425765216,3,0.6964149077797647,0.0,3,,,0,,,0,0.5063227944903903,0.19562486801875234,3
square,mix_prefill,110000,0.09729027350743606,0.018187671111988622,3,0.3194289373026954,0.4720155370524594,3,84.19452450010512,64.0565167697071,3,0.6236598359213935,0.005181907421577693,3,0.8185969127549065,0.015778939111375373,3,0.23828125993410745,0.007128316624535269,3,-0.37399965193536544,0.005115570449623178,3,0.6891998022115274,0.0,3,,,0,,,0,-0.3194289373026954,0.4720155370524594,3
square,mix_prefill,115000,0.09628555464247858,0.018147132041855932,3,-0.03046877682209015,0.5075164212834082,3,82.49181016286214,65.51125390287304,3,0.6234282950560252,0.0027674059043988723,3,0.8091413180033366,0.011944104845484787,3,0.23665365825096765,0.005586504523788153,3,-0.3733719388643901,0.008792415805639138,3,0.6832971030041884,0.0,3,,,0,,,0,0.03046877682209015,0.5075164212834082,3
square,td,0,0.38068620123796987,0.00340054617962103,3,-7.032852868239085,0.6973117803177297,3,-38.29747895399729,2.6295151630048754,3,0.5846422645780774,0.0038438648500974905,3,0.6111406220330132,0.014880217969940998,3,0.1775948719845878,0.005084799450005921,3,-0.30168496900134617,0.004958083810795043,3,0.0,0.0,3,0.5927864017045209,0.0076723975436399855,3,3.4843415154351125,0.13429641825739508,3,7.032852868239085,0.6973117803177297,3
square,td,5000,0.1912853265802065,0.008726162319801304,3,0.09428364038467407,0.38634858550864715,3,52.51839065551758,8.610484836300019,3,0.6248857378959656,0.0031703232538847284,3,0.8112173941400317,0.010480999090848818,3,0.23778523008028665,0.004447650967447116,3,-0.3782985740237766,0.004407012244769751,3,0.0,0.0,3,0.5089186911251378,0.02221376989402802,3,2.8158586025238037,0.27392161081286887,3,-0.09428364038467407,0.38634858550864715,3
square,td,10000,0.1992906679709752,0.009142187618111499,3,0.290582408507665,0.06315232225248225,3,106.62325456407335,16.429457088796454,3,0.6256256500879923,0.00041554428861211506,3,0.8152696490287781,0.002859536522918187,3,0.24032739301522574,0.0005185309130430831,3,-0.37770618001619977,0.0023670728620810745,3,0.0,0.0,3,0.5239882143291168,0.008598468645799433,3,2.8118020958370633,0.1608128760079867,3,-0.290582408507665,0.06315232225248225,3
square,td,15000,0.2148945069147481,0.011644488423479699,3,0.4153590864605374,0.3812450100672745,3,164.9554528130425,16.936338737695397,3,0.6246616774135166,0.0018979509677537457,3,0.8160384628507825,0.0077002751188096925,3,0.237506209148301,0.004359832596023001,3,-0.38609052697817486,0.0004631650899228261,3,0.0,0.0,3,0.5399867209703507,0.0029715848129195435,3,2.9656768904791933,0.13401006613286778,3,-0.4153590864605374,0.3812450100672745,3
square,td,20000,0.22937207321325936,0.0104829870678984,3,-0.07844356695810954,0.17405855017913632,3,213.9005211724175,10.520128348365533,3,0.6219452155960931,0.0003649355202988129,3,0.8053192628754511,0.002140041899108321,3,0.23670015732447305,0.0014917238590351043,3,-0.3815490835242801,0.0056402556306737895,3,0.0,0.0,3,0.5381415123164629,0.009066615106989416,3,3.1407433350880942,0.09181894517582373,3,0.07844356695810954,0.17405855017913632,3
square,td,25000,0.24428350759877096,0.013577577139808615,3,0.016209810972213707,0.21873235679887132,3,267.05231391059027,22.38589315860661,3,0.6223877271016439,0.0006677150837146381,3,0.8069424827893575,0.005530018893263171,3,0.23412699666288164,0.001928859812831322,3,-0.38617125153541565,0.006576854081031897,3,0.0,0.0,3,0.5418327415627414,0.005797065163717219,3,3.348488913642036,0.14668407952074985,3,-0.016209810972213707,0.21873235679887132,3
square,td,30000,0.26130294261707193,0.02097001858828512,3,0.572009801864624,0.2286329532037473,3,324.97008260091144,31.556279033851983,3,0.6239615347650316,0.0023837545802527288,3,0.8115808102819656,0.007645641178476825,3,0.23919582035806444,0.0038767367598999823,3,-0.38884315556950044,0.007258554200416421,3,0.0,0.0,3,0.5333388744413368,0.01121976560884106,3,3.6234740151299376,0.19240198708964018,3,-0.572009801864624,0.2286329532037473,3
square,td,35000,0.27998319591085113,0.031404717746055556,3,-0.02218120793501536,0.40375929102131364,3,367.08176676432294,38.41333735962292,3,0.6214894851048788,0.003543765795325476,3,0.799485292699602,0.007949614984008629,3,0.23612662321991393,0.004876262957622961,3,-0.38249396946695113,0.005342194113028136,3,0.0,0.0,3,0.5255907654610591,0.014748454362203893,3,3.8946371343400745,0.33757630806076905,3,0.02218120793501536,0.40375929102131364,3
square,td,40000,0.29279096157600476,0.03655986804664071,3,-0.022543987880150478,0.20663229019328072,3,419.75540415445965,65.98811601739563,3,0.6199319312969843,0.0010083342249220637,3,0.7984763532876968,0.0032043918484057628,3,0.23279390980799994,0.0013180231133577134,3,-0.3869387010733287,0.0037391117876522575,3,0.0,0.0,3,0.5243563864808949,0.007253937809319257,3,4.1099735498428345,0.4418813123119432,3,0.022543987880150478,0.20663229019328072,3
square,td,45000,0.29189420102371105,0.0338505138396537,3,-0.008749671280384072,0.05282163582334634,3,462.9393378363715,73.69213698168946,3,0.6179366707801819,0.0010328868384236601,3,0.7963845332463583,0.0015056407981616803,3,0.23036025298966303,0.00028958280933468904,3,-0.39492887920803493,0.001914384855413527,3,0.0,0.0,3,0.5120731176919452,0.006046808303452313,3,4.232966502507527,0.5010534204091466,3,0.008749671280384072,0.05282163582334634,3
square,td,50000,0.2902282177574105,0.037975776156687006,3,-0.4239597486125099,0.3379666368683374,3,482.65555487738715,85.67354865444904,3,0.6177008814281888,0.00036657168779400014,3,0.7909462253252665,0.005347404788735187,3,0.22646950682004294,0.001218875557120664,3,-0.3918727073404524,0.004966122463412555,3,0.0,0.0,3,0.5170291362873031,0.004448872641368351,3,4.144259691238403,0.5268345349802236,3,0.4239597486125099,0.3379666368683374,3
square,td,55000,0.2898042402333683,0.039625021765975404,3,0.10824636287159389,0.31262303992699836,3,478.920179578993,93.18598549219838,3,0.6192505359649658,0.0033636639851648987,3,0.7970243427488538,0.009542659289061544,3,0.23036025298966303,0.0035445463126224175,3,-0.39551397495799595,0.0013753921826227275,3,0.0,0.0,3,0.5161715047689284,0.006171465071457173,3,4.167038705613877,0.6086333898177602,3,-0.10824636287159389,0.31262303992699836,3
square,td,60000,0.3001446553402476,0.0416752286080031,3,0.303543402089013,0.10490692854480979,3,496.01836480034723,101.49280211868691,3,0.6221860316064624,0.001311704543603174,3,0.8000509474012586,0.0025850034893273133,3,0.23513456020090315,0.002816193234535007,3,-0.3918484217590756,0.00537469673740186,3,0.0,0.0,3,0.5177356345548322,0.009043421386209224,3,4.275770081414117,0.5932911768821912,3,-0.303543402089013,0.10490692854480979,3
square,td,65000,0.3096731928487619,0.049909314454262575,3,0.2087473670641581,0.19977740479767003,3,510.29103257921014,118.1979624280648,3,0.6198202305369906,0.0003892983386882677,3,0.8006754517555237,0.0054556809491624544,3,0.23167783684200707,0.0008872188509103174,3,-0.39188538988431293,0.0051370135378515785,3,0.0,0.0,3,0.5090180218089456,0.008998715957816615,3,4.502376185523139,0.708188527507324,3,-0.2087473670641581,0.19977740479767003,3
square,td,70000,0.3208329406877358,0.05545200774062184,3,0.596601492828793,0.2854550773289593,3,529.267829047309,129.99479228259167,3,0.6234624253378974,0.0014330542486827287,3,0.805345250500573,0.004735911135970774,3,0.23601811627546945,0.002241863160892094,3,-0.3961301346619924,0.003840768315627541,3,0.0,0.0,3,0.5094290224043467,0.005948457141464835,3,4.696277194552952,0.7771980896137549,3,-0.596601492828793,0.2854550773289593,3
square,td,75000,0.3242997554441293,0.0526188290925282,3,0.0479705101913876,0.1377767857546898,3,539.4030592176649,137.25336361595208,3,0.6174106332990857,0.0010444916201588952,3,0.7940356996324326,0.0013605382638659546,3,0.2294611930847168,0.0010753929316082416,3,-0.4011259112093184,0.0027758631559127492,3,0.0,0.0,3,0.501192730045605,0.0019105159541284375,3,4.841044849819607,0.8072454329896132,3,-0.0479705101913876,0.1377767857546898,3
square,td,80000,0.34250554458962545,0.05198237873933276,3,0.31777629587385386,0.14696728490070587,3,559.809068467882,148.3726391713003,3,0.6185104515817431,0.000924157287183455,3,0.8003416524993049,0.00043045261101412374,3,0.23118180533250174,0.0021866834294013357,3,-0.4046639601389567,0.005882459583557572,3,0.0,0.0,3,0.5076528116391847,0.01083221055800254,3,5.070144573847453,0.7535233065270017,3,-0.31777629587385386,0.14696728490070587,3
square,td,85000,0.34834879338741304,0.050841217059153225,3,0.3148064944479201,0.30678436333231185,3,589.5930752224393,143.23138272933568,3,0.619118246767256,0.0020964496760734344,3,0.7934418585565356,0.012503452199650536,3,0.22994172738658056,0.003786908112088598,3,-0.40834584501054555,0.004038906769133747,3,0.0,0.0,3,0.5061288069822053,0.008293717494174546,3,5.169789791107178,0.7686314203737705,3,-0.3148064944479201,0.30678436333231185,3
square,td,90000,0.35143175688054823,0.058605292697925124,3,-0.39139678080876666,0.34497992847968467,3,594.3176099989149,142.03944132096055,3,0.6138735016187032,0.0031180139374251815,3,0.7827890581554836,0.010994820031686933,3,0.22361732357078126,0.005195885370578507,3,-0.4014040231704712,0.0007606785491616364,3,0.0,0.0,3,0.4934181123848198,0.002274798447636595,3,5.282403892940945,0.8802574696138887,3,0.39139678080876666,0.34497992847968467,3
square,td,95000,0.369221685330073,0.07680823011175388,3,-0.15724403907855353,0.0761984944773572,3,623.3088175455729,155.46202872297764,3,0.614523634314537,0.0008224157902899752,3,0.7883292635281881,0.003313587152502135,3,0.2252255491912365,0.001483044493238625,3,-0.4060146038730939,0.0030558152561672514,3,0.0,0.0,3,0.503087710114056,0.007159067062055791,3,5.4665232102076216,1.0399012535268333,3,0.15724403907855353,0.0761984944773572,3
square,td,100000,0.37823656681511136,0.07642836172992286,3,0.2709217477175924,0.47108825209975996,3,655.0871242947048,173.66741188358955,3,0.6190224024984571,0.0028680338033139916,3,0.7968563106324936,0.010135692488646831,3,0.2272600531578064,0.0033791796688152323,3,-0.40464139646954006,0.004399636117504497,3,0.0,0.0,3,0.49237763273960816,0.004645004397508267,3,5.7294473912980814,1.095220894353952,3,-0.2709217477175924,0.47108825209975996,3
square,td,105000,0.3862696988715066,0.07901917811799437,3,0.1902285317579905,0.27232238226194677,3,668.4564446343317,171.25593874995832,3,0.6181252466307746,0.0009124252950543563,3,0.795542147424486,0.003378508885611817,3,0.2264540046453476,0.0008393459646073608,3,-0.41039891706572634,0.006044372339452776,3,0.0,0.0,3,0.4848211293900479,0.0057349821754457825,3,5.993172619077895,1.1452740077113504,3,-0.1902285317579905,0.27232238226194677,3
square,td,110000,0.39595757590399844,0.08713810078093488,3,0.3532683551311493,0.26273511726656024,3,672.0953335232206,175.9316826531308,3,0.6191651887363858,0.00023791435198545086,3,0.7951820558971829,0.0014122738164991098,3,0.22943019370237985,0.001588904915590825,3,-0.4121808608373006,0.005116588552777564,3,0.0,0.0,3,0.4836117138279085,0.006126020214792198,3,6.143221643235948,1.2875802554082998,3,-0.3532683551311493,0.26273511726656024,3
square,td,115000,0.4005825214087963,0.09221937600292905,3,-0.38674262662728626,0.2108561093064651,3,686.4784088134766,183.4448485209824,3,0.6111763914426168,0.0037975724630115422,3,0.7778656383355459,0.007933067069463767,3,0.21912203480799994,0.004592920035542664,3,-0.4125700692335765,0.009158051888051145,3,0.0,0.0,3,0.4826858614387841,0.0053655853041712255,3,6.172077099482219,1.3373997678301583,3,0.38674262662728626,0.2108561093064651,3
square,tent12,0,0.4033489908774694,0.002815113026779129,5,-15.150444157918296,0.15784546879198388,5,143.14210205078126,1.6808640842299536,5,0.5394703427950541,0.0011334810401762605,5,0.31502990126609803,0.007540449519682027,5,0.11935454457998276,0.0020351940348092936,5,-0.19072621464729306,0.0064289165170472165,5,0.0,0.0,5,0.7299352656166731,0.020844359065007107,5,1.976775022347768,0.08465534878083093,5,15.150444157918296,0.15784546879198388,5
square,tent12,5000,0.391274608472983,0.012939103095678325,5,-11.206573168436687,0.22288244077407976,5,184.60210978190102,6.913543185586406,5,0.5589927355448404,0.0011181518180197936,5,0.4893682340780893,0.006908078808697075,5,0.14346168835957845,0.0022875029481196096,5,-0.2572112967570622,0.004404140897093046,5,0.0,0.0,5,0.44929325221856986,0.011793408485617494,5,4.1939581712087,0.16233315549185853,5,11.206573168436687,0.22288244077407976,5
square,tent12,10000,0.6156189019481342,0.027723995606734685,5,-11.420148531595867,0.23022708288048707,5,307.81348368326826,14.273274127705434,5,0.5558226545651753,0.002712626941242595,5,0.48385116060574856,0.008206138951125817,5,0.1409970313310623,0.0037898367214303326,5,-0.2584205498298009,0.003787873151003038,5,0.0,0.0,5,0.47221773094250175,0.009605742326218915,5,6.05605624516805,0.25331285335342146,5,11.420148531595867,0.23022708288048707,5
square,tent12,15000,0.9445098763704299,0.04271401888357918,5,-11.485603014628094,0.1526131357426024,5,560.4422546386719,31.836268530081007,5,0.5556722998619079,0.0011467167531135796,5,0.472237088282903,0.00255064659948151,5,0.14115514159202575,0.0013085940759727493,5,-0.251634469628334,0.004013647507677382,5,0.0,0.0,5,0.5375452558033322,0.007841373910703582,5,7.970054562886555,0.31817922148805905,5,11.485603014628094,0.1526131357426024,5
square,tent12,20000,1.330341922044754,0.07756779988093034,5,-11.46102695465088,0.09347660254621054,5,956.0223022460938,64.48862303620037,5,0.5580199241638184,0.0015500474046406156,5,0.4720308403174083,0.0034072462336632607,5,0.14574033319950103,0.0011674929608699609,5,-0.24608603318532304,0.002139406972573542,5,0.0,0.0,5,0.5972533940233908,0.008689400272784215,5,10.036158561706543,0.4596098924269339,5,11.46102695465088,0.09347660254621054,5
square,tent12,25000,1.7659008753299712,0.11301751122019063,5,-11.502819951375326,0.1325919960476795,5,1472.312589518229,106.80179805953492,5,0.5587640325228374,0.0008921026367051133,5,0.4615250011285146,0.004558442003034992,5,0.14657738705476125,0.0008260015275971508,5,-0.24153121213118228,0.0015854317185479464,5,0.0,0.0,5,0.6273094599448699,0.012364996203956024,5,12.45059649149577,0.646276812740603,5,11.502819951375326,0.1325919960476795,5
square,tent12,30000,2.300192440748215,0.13287865708653834,5,-11.65957940419515,0.07718052424398085,5,2143.968082682292,157.2242511706811,5,0.5586751302083333,0.0018754481071166786,5,0.4498281975587209,0.004457143668551655,5,0.1458612432082494,0.002195491772471521,5,-0.23738413850466406,0.002258859689866311,5,0.0,0.0,5,0.6460472791295673,0.009460264442065857,5,15.389286931355795,0.7533053292621688,5,11.65957940419515,0.07718052424398085,5
square,tent12,35000,3.023159290154775,0.1731184287391873,5,-11.822493680318196,0.12693234166046138,5,2972.673616536458,230.58204272804306,5,0.5577000578244526,0.0007979371927718605,5,0.4450853367646535,0.006145717063186125,5,0.14475447138150532,0.0010455828606805572,5,-0.2379969884951909,0.0011135001579649529,5,0.0,0.0,5,0.645218973407421,0.010512434260441038,5,20.32107874552409,0.9923455541951198,5,11.822493680318196,0.12693234166046138,5
square,tent12,40000,4.067068938612938,0.20198917701549363,5,-11.83173851966858,0.12591158417037854,5,4294.956140136719,296.22205781420047,5,0.5575603365898132,0.0008532486183717164,5,0.43412221819162367,0.009181780218192227,5,0.14681920260190964,0.0008335293106216027,5,-0.2343191564083099,0.0025797110481793617,5,0.0,0.0,5,0.672338456814333,0.006442319142116514,5,25.5758620262146,0.8552221561632211,5,11.83173851966858,0.12591158417037854,5
square,tent12,45000,5.305858608881633,0.1954537494383925,5,-11.73097464243571,0.09279137551671603,5,5841.31455078125,351.41545931217905,5,0.5597686608632405,0.0009252022830351495,5,0.4318357825279236,0.003975195841937561,5,0.14731213450431824,0.0012829592976642279,5,-0.23199359377225237,0.0013602148272246395,5,0.0,0.0,5,0.6739383266975226,0.005314193819951794,5,33.19424985249837,1.151229975321114,5,11.73097464243571,0.09279137551671603,5
square,tent12,50000,6.432661430040996,0.17253544636378298,5,-11.77574545542399,0.16961497709736956,5,7536.6740234375,437.1181912129631,5,0.5592531402905782,0.0023215497945314584,5,0.4227802137533823,0.010480646631619546,5,0.1486235191424688,0.0021762201221358353,5,-0.2317871729532877,0.0011326607835583514,5,0.0,0.0,5,0.6878010618044058,0.008763021253254634,5,39.1825434366862,0.9766409640613442,5,11.77574545542399,0.16961497709736956,5
square,tent12,55000,7.540613603591919,0.16482845246014413,5,-12.035989316304525,0.18354432438056262,5,9364.68994140625,416.11109258344106,5,0.5558497905731201,0.0015437944772238377,5,0.4032947460810344,0.008323193017965538,5,0.14493118226528168,0.001886129511182676,5,-0.2271302203337351,0.0020435461092902707,5,0.0,0.0,5,0.700651908086217,0.009494187354932836,5,43.32218653361003,0.7007723496930206,5,12.035989316304525,0.18354432438056262,5
square,tent12,60000,8.598947513898214,0.2810497759756506,5,-12.045531781514486,0.13453403367075265,5,11258.1216796875,466.13647552489545,5,0.5562295118967693,0.0005746752073763477,5,0.39025511145591735,0.00781610757416359,5,0.1456752300262451,0.0018205541555514156,5,-0.22667213280995685,0.0009329303505466652,5,0.0,0.0,5,0.6963714166845592,0.017473553404780545,5,49.096796671549484,2.397899514550254,5,12.045531781514486,0.13453403367075265,5
square,tent12,65000,9.60267497062683,0.2523792093308089,5,-11.86575762430827,0.07608241110220774,5,13291.936002604165,424.05459180066316,5,0.558557387193044,0.0015733807916522978,5,0.3845274806022644,0.009284731547162845,5,0.14780506491661072,0.001913788051108799,5,-0.22254203458627062,0.0018865158955415238,5,0.0,0.0,5,0.7171980557861382,0.013181302704131682,5,52.29948527018229,1.29800560105488,5,11.86575762430827,0.07608241110220774,5
square,tent12,70000,10.415729376475017,0.27198164866494173,5,-11.832368977864585,0.08614263772028946,5,15279.644401041665,510.3740194861878,5,0.5575801809628804,0.0007192100936091173,5,0.3775889297326406,0.007075499746187581,5,0.14695871273676556,0.0008732652065779891,5,-0.22452312906583147,0.0008103573598400541,5,0.0,0.0,5,0.714440699795883,0.0207543193906809,5,56.751128387451175,3.9662740056581454,5,11.832368977864585,0.08614263772028946,5
square,tent12,75000,11.54928510983785,0.43022067051609375,5,-11.854959996541341,0.19058521754516763,5,17098.2470703125,430.1126304493009,5,0.5557866374651591,0.0011303345108979403,5,0.37193046013514197,0.005284649901145816,5,0.1446986675262451,0.0018446268206455706,5,-0.2268971075614293,0.002235256898920366,5,0.0,0.0,5,0.7232949048858959,0.007721727357227176,5,61.3028086344401,1.599312523808059,5,11.854959996541341,0.19058521754516763,5
square,tent12,80000,12.751405441761017,0.4458795054065301,5,-11.930061149597169,0.2092965378379989,5,19319.36650390625,451.6714065322244,5,0.5572063744068145,0.001805196784612491,5,0.3658249869942665,0.007860708051964427,5,0.14733538702130317,0.0017491751557690038,5,-0.2209402978420257,0.0030519384568614156,5,0.0,0.0,5,0.7268868370282264,0.015274799956057098,5,66.72874851226807,2.6118202458642683,5,11.930061149597169,0.2092965378379989,5
square,tent12,85000,13.818619658152262,0.4116136266136162,5,-12.043209393819174,0.10291172386572094,5,21291.976822916666,508.80880323011235,5,0.5565191189448039,0.0010607514220311064,5,0.3606556296348572,0.0038476101530716643,5,0.14770275751749676,0.0004173365285062568,5,-0.22285340527693426,0.002218517835439965,5,0.0,0.0,5,0.7255046436691854,0.0036984020833537527,5,72.03373947143555,2.9420394113206445,5,12.043209393819174,0.10291172386572094,5
square,tent12,90000,15.37902006149292,0.447453330234369,5,-11.925703366597492,0.22863822240338702,5,22998.012109375,419.49767153726555,5,0.5569654544194539,0.002805724811175264,5,0.3625133454799652,0.008397863050948905,5,0.1479352742433548,0.002367517705529576,5,-0.2244159509738286,0.0016308346043434425,5,0.0,0.0,5,0.7121166089136495,0.00592578494856728,5,82.19694112141926,2.4381967267413303,5,11.925703366597492,0.22863822240338702,5
square,tent12,95000,16.686301975250245,0.6778418153480404,5,-12.062187449137369,0.13731813195898968,5,24793.0625,511.6102589706539,5,0.5557466308275858,0.0017112798551723912,5,0.35985236167907714,0.004105785338158502,5,0.14643787841002148,0.0017264440652034958,5,-0.2225018133719762,0.0011932958959710066,5,0.0,0.0,5,0.7240185987001422,0.011998760769899416,5,86.84966430664062,4.205128235050442,5,12.062187449137369,0.13731813195898968,5
square,tent12,100000,17.488559748331703,0.6283284945165021,5,-11.413200696309408,0.32934047004060624,5,26315.06640625,553.340117696474,5,0.5614309668540954,0.0017481686666196133,5,0.3789488613605499,0.010684388803036833,5,0.15176711976528168,0.002599454186706509,5,-0.22856341103712716,0.0030971740054904664,5,0.0,0.0,5,0.7029228089938395,0.007472981038133867,5,98.36164703369141,5.6620092125700365,5,11.413200696309408,0.32934047004060624,5
square,tent12,105000,18.458668632507326,0.7186049212035348,5,-12.087087504069011,0.17720587931171927,5,28115.989583333336,499.0944483540712,5,0.5572118123372396,0.0014067756247346265,5,0.35970613757769265,0.008000191965245533,5,0.14784226715564727,0.001041749914392453,5,-0.2236662129561106,0.0029042342224292923,5,0.0,0.0,5,0.7177918721237416,0.005068848890883271,5,98.1669916788737,4.791202880507607,5,12.087087504069011,0.17720587931171927,5
square,tent12,110000,20.096648019154866,0.7458227096481266,5,-11.645249493916829,0.2104870316426937,5,29595.90859375,502.17766725715694,5,0.5594297091166178,0.0014917836216830824,5,0.3733602225780487,0.005443396433386182,5,0.15007441242535907,0.002544712196014458,5,-0.2281794518232345,0.0013413872962859269,5,0.0,0.0,5,0.711026209370959,0.008333659306159664,5,109.8196329752604,4.380504505855037,5,11.645249493916829,0.2104870316426937,5
square,tent12,115000,21.322327709198,0.7623180734881504,5,-11.715995979309081,0.16201850301714804,5,30916.476953125,516.4741671102485,5,0.5614470422267914,0.0013652043367096628,5,0.37350097596645354,0.007736507302365191,5,0.1508649617433548,0.002178573057675773,5,-0.225864739716053,0.003269127638837679,5,0.0,0.0,5,0.7335970322653662,0.008735582916336783,5,113.56547546386719,4.848001941060027,5,11.715995979309081,0.16201850301714804,5
square,tent12_hq,0,0.3688627270360787,0.001617706389573475,3,-15.698437266879614,0.3583925530153527,3,-63.386109246148,2.418726085640259,3,0.534230371316274,0.0039798260980344015,3,0.2753096173206965,0.014801578203032415,3,0.11394779715273114,0.005216515429780985,3,-0.19015489849779335,0.003423986517042102,3,0.0,0.0,3,0.7298673937338859,0.013109375811504512,3,1.4993680715560913,0.030251471796657357,3,15.698437266879614,0.3583925530153527,3
square,tent12_hq,5000,0.2664955493476655,0.008510120072824263,3,-10.820463922288681,0.24950615556473918,3,-104.91909874810113,4.204478059560982,3,0.5619337095154656,0.0022691892451030976,3,0.49512946274545455,0.008366648598903327,3,0.14674789706865946,0.002941147883472631,3,-0.26187547875775224,0.0021572109546866922,3,0.0,0.0,3,0.38250113196654034,0.019056884313739652,3,3.3962607913547096,0.0769517490073773,3,10.820463922288681,0.24950615556473918,3
square,tent12_hq,10000,0.3304064439402686,0.007482776318269124,3,-11.340869585673014,0.20238746834502377,3,-114.80795966254341,3.3770198171114867,3,0.559051407708062,0.0017781234175080864,3,0.47814189725452,0.003372661610624608,3,0.1438957154750824,0.0037950851402947425,3,-0.25388438668515945,0.0034437245792848623,3,0.0,0.0,3,0.45803818632706356,0.008133149795973628,3,3.3554084300994873,0.0670498905320747,3,11.340869585673014,0.20238746834502377,3
square,tent12_hq,15000,0.2908753136793772,0.005890070447362189,3,-11.780004395378961,0.22630861508145497,3,-101.08380296495226,2.127694243660027,3,0.5549477338790894,0.0028081656164998005,3,0.46195040477646726,0.003215277831226456,3,0.13995846278137633,0.0030876160660448754,3,-0.24681272109349564,0.006679751169920176,3,0.0,0.0,3,0.5190533531275897,0.010270266215762646,3,2.511073668797811,0.023421921781228126,3,11.780004395378961,0.22630861508145497,3
square,tent12_hq,20000,0.2567752549217807,0.0047104244407922685,3,-11.690832455952963,0.13167546921682663,3,-94.39031897650824,1.1532901645547273,3,0.557999140686459,0.001979767886385,3,0.4700431492593553,0.0052356269091468795,3,0.1441437304019928,0.002608084635282483,3,-0.24552571607960594,0.004722658125644907,3,0.0,0.0,3,0.5339396169404325,0.02665245091434445,3,2.196806960635715,0.09909950776445989,3,11.690832455952963,0.13167546921682663,3
square,tent12_hq,25000,0.23525413796305653,0.0031656543094894535,3,-11.745732095506456,0.2644419339682428,3,-92.00482855902777,1.7111420792899004,3,0.5582146644592285,0.0019382228139698226,3,0.4665197001563178,0.009638073212796222,3,0.14493428170681,0.002839644812658269,3,-0.23977452516555778,0.0015152107181480947,3,0.0,0.0,3,0.5810315386399855,0.009695079852516466,3,1.8248572217093573,0.024947197329072406,3,11.745732095506456,0.2644419339682428,3
square,tent12_hq,30000,0.22131634313199253,0.003946519616155801,3,-11.900593121846518,0.15686106612223166,3,-87.60972425672742,1.5978945782688059,3,0.557701932059394,0.0025400138188731774,3,0.46030972732437986,0.007639499832715842,3,0.14274864229891035,0.0026196680135200964,3,-0.2399382111099031,0.004790561305681973,3,0.0,0.0,3,0.6114282210895219,0.012040416148916159,3,1.6157934003406103,0.02873721687663424,3,11.900593121846518,0.15686106612223166,3
square,tent12_hq,35000,0.2100809150271945,0.006855950448876488,3,-12.051940070258247,0.13976712842884817,3,-83.86775037977431,3.121520635081074,3,0.5587795774141947,0.0007376762317778019,3,0.45931342244148254,0.006492833173954157,3,0.1417565809355842,0.0011423501412511808,3,-0.23930831087960133,0.0013149697570583828,3,0.0,0.0,3,0.6204520741758627,0.004905762591256839,3,1.518782244788276,0.06368540737743461,3,12.051940070258247,0.13976712842884817,3
square,tent12_hq,40000,0.20649977158755062,0.005664107550651477,3,-11.752475341161093,0.0890115844650381,3,-79.70635414123535,2.344876633630203,3,0.5604976167281469,0.0009514194781830072,3,0.4659264087677002,0.005852640100728348,3,0.14653088400761285,0.0012881523107476662,3,-0.23624140769243238,0.0013777844958903038,3,0.0,0.0,3,0.6500623348050932,0.013365998919710954,3,1.4335905810197194,0.04771352191087992,3,11.752475341161093,0.0890115844650381,3
square,tent12_hq,45000,0.2038462700943152,0.009383834726672481,3,-11.798417833116318,0.20076706863951144,3,-77.65093655056423,0.9403767991656075,3,0.5611171921094259,0.0015032167670539168,3,0.46325921681192184,0.006764251387398868,3,0.14567832979891035,0.0021603170532797423,3,-0.23198110361893967,0.002185168677885845,3,0.0,0.0,3,0.6590222886401765,0.0039179341180730085,3,1.383393989668952,0.06493713413528053,3,11.798417833116318,0.20076706863951144,3
square,tent12_hq,50000,0.20558868952923345,0.012019399293075257,3,-12.210348976982964,0.1696610144928625,3,-75.061036851671,2.3141603971083957,3,0.5589745773209466,0.0016351431821217616,3,0.452440364493264,0.005021385747896446,3,0.14313616520828673,0.0012805919598293304,3,-0.23161930011378393,0.0017352928368635488,3,0.0,0.0,3,0.6458558347989045,0.009456860966628794,3,1.4118362532721624,0.07178231656075572,3,12.210348976982964,0.1696610144928625,3
square,tent12_hq,55000,0.2115259904000494,0.016192141371130835,3,-11.87066650390625,0.0913172497240643,3,-75.09138573540581,2.586321153865125,3,0.5585199064678615,0.0014617460566178086,3,0.45099759101867676,0.0015276855124370312,3,0.14446925123532614,0.002045132445626202,3,-0.23198228577772775,0.002628059153983011,3,0.0,0.0,3,0.638099986166407,0.007945116727423032,3,1.453495250807868,0.1328347304359806,3,11.87066650390625,0.0913172497240643,3
square,tent12_hq,60000,0.207296437687344,0.011748042938948306,3,-11.906254662407768,0.07442674494031205,3,-76.81734381781683,1.7525259613253672,3,0.5583779679404365,0.0005954047113139249,3,0.45925241046481663,0.002349073290861979,3,0.1445467604531182,0.00040391982237170034,3,-0.2346759090820948,0.0008854659498155389,3,0.0,0.0,3,0.6731436358781524,0.012050246529145874,3,1.3715983231862385,0.061230666937252896,3,11.906254662407768,0.07442674494031205,3
square,tent12_hq,65000,0.2016444758408599,0.009664938742607664,3,-11.883580843607584,0.19392916805716073,3,-76.86371188693577,2.8601243871498463,3,0.5585309796863132,0.0005885076306164418,3,0.45587078067991466,0.006718989925110869,3,0.14305866095754835,0.0013462671399572083,3,-0.23592667943901482,0.0041624557373093965,3,0.0,0.0,3,0.6568275512761866,0.013446033015702647,3,1.3647531933254669,0.05776841488457781,3,11.883580843607584,0.19392916805716073,3
square,tent12_hq,70000,0.19690320856041377,0.009598937700281198,3,-11.843949953715006,0.033740635703266984,3,-77.37322489420573,2.4019273930457965,3,0.5588157773017883,0.00140720267307234,3,0.4545471171538035,0.00047866436581235844,3,0.14448475175433687,0.001292357649382343,3,-0.23616890443695912,0.0014085273241902872,3,0.0,0.0,3,0.6589059452206538,0.00991189709847651,3,1.3242872026231554,0.04462163502492231,3,11.843949953715006,0.033740635703266984,3
square,tent12_hq,75000,0.19029285013675687,0.009318430138997975,3,-12.108705732557508,0.13689505297998517,3,-73.31396145290798,2.6258727216538214,3,0.5553494228257073,0.0009021705961540277,3,0.4447075890170203,0.004788131750180439,3,0.14095052580038706,0.0015606797891619707,3,-0.23703899814022913,0.002557146576144117,3,0.0,0.0,3,0.6644446626577235,0.007289670553124965,3,1.2535826100243461,0.06733256558959842,3,12.108705732557508,0.13689505297998517,3
square,tent12_hq,80000,0.18273129841933644,0.00705428252795915,3,-11.917124032974243,0.1095194515352889,3,-74.92104721069336,2.711253116017883,3,0.5582313984632492,0.0008837158541548098,3,0.44981012990077335,0.0052820905014194395,3,0.14156669129927954,0.0016423179889312072,3,-0.24087099855144814,0.0021386690677700636,3,0.0,0.0,3,0.658499395201213,0.011017545426821174,3,1.236841360727946,0.050569444571361984,3,11.917124032974243,0.1095194515352889,3
square,tent12_hq,85000,0.18119437388247908,0.006631174814764312,3,-11.850034925672743,0.1737105549738367,3,-78.94184282090929,2.943795762124428,3,0.5594490038024055,0.0019042757005138483,3,0.44981696870591903,0.006087369788160078,3,0.14339968396557704,0.0019333422407025519,3,-0.24084848827785912,0.0019400642953240396,3,0.0,0.0,3,0.6475899537840908,0.01393335993494576,3,1.2420486609141033,0.05748211786993298,3,11.850034925672743,0.1737105549738367,3
square,tent12_hq,90000,0.17790923118591306,0.005795371837083246,3,-12.083881907992895,0.038467663580906905,3,-75.92780134412978,3.0256363275385563,3,0.5572301480505201,0.0009758898304110514,3,0.4475972718662686,0.003747981800171486,3,0.14186508622434404,0.002263146777221958,3,-0.23799637291166512,0.0037464648548559943,3,0.0,0.0,3,0.6602373893327967,0.0063800097432623526,3,1.2025041315290663,0.05497833439564063,3,12.083881907992895,0.038467663580906905,3
square,tent12_hq,95000,0.17536956907974346,0.0029653846743442577,3,-11.95242436726888,0.1052362783046849,3,-77.1390864054362,2.134045826825955,3,0.5575460526678298,0.0013310363807108741,3,0.44605300823847455,0.0030594123267406875,3,0.14369420376088884,0.0016258308917043096,3,-0.23992073701487646,0.003180995077106411,3,0.0,0.0,3,0.6509587424364959,0.008660604798748743,3,1.1975033680597942,0.03200753556984944,3,11.95242436726888,0.1052362783046849,3
square,tent12_hq,100000,0.17477904400891728,0.0032351716552312354,3,-11.79257180955675,0.055818371385699485,3,-75.16551547580296,4.482960006005117,3,0.5609918567869399,0.0010350982661230033,3,0.4465900692674849,0.003190880763803846,3,0.14524430367681715,0.0009501228145862347,3,-0.23908463451597425,0.001224226770931079,3,0.0,0.0,3,0.6506645882502505,0.007032741498368553,3,1.1880816883511012,0.02655587975555217,3,11.79257180955675,0.055818371385699485,3
square,tent12_hq,105000,0.17562483698129652,0.004409668901715586,3,-12.050720108879938,0.10468637501662538,3,-77.01090070936415,3.479972385549999,3,0.5580440229839749,0.0009562888320861914,3,0.44567253192265827,0.0028678933281607354,3,0.14349269204669526,0.0008491669597125055,3,-0.23727325101693467,0.001408791131839091,3,0.0,0.0,3,0.65154694296854,0.008265979362508561,3,1.1903244256973267,0.04095436303940182,3,12.050720108879938,0.10468637501662538,3
square,tent12_hq,110000,0.1772962022158834,0.0046557939125228594,3,-11.886400858561197,0.1739138493873239,3,-75.0657475789388,2.3150811238091227,3,0.5566423601574368,0.002424137908599751,3,0.4419271118111081,0.006981643246606378,3,0.14155506425433687,0.0014999188151527622,3,-0.2407649093204074,0.004601822611541689,3,0.0,0.0,3,0.6352238152836127,0.008726660352346647,3,1.2302234835094874,0.061027039403169794,3,11.886400858561197,0.1739138493873239,3
square,tent12_hq,115000,0.17786926974852876,0.005092886588337828,3,-12.091238180796305,0.10508125086113218,3,-75.14173634847005,4.782422225481763,3,0.5571465392907461,0.0005839806912925799,3,0.4427053729693095,0.005236665155829084,3,0.1412527933716774,0.0006199920184279439,3,-0.23992883910735444,0.0031764952276358226,3,0.0,0.0,3,0.6406074574966022,0.008111836913610764,3,1.2304686307907104,0.027554356865098578,3,12.091238180796305,0.10508125086113218,3
square,tent6,0,0.3658592933581935,0.0005441854807110368,3,-13.590362124972872,0.42154014912637744,3,134.84499782986111,1.5469034196826952,3,0.5477854543262057,0.003445908615512347,3,0.36439582126008135,0.017087742366860722,3,0.1300998330116272,0.0037893846353418033,3,-0.21365032593409217,0.002910235873403206,3,0.0,0.0,3,0.7267522198607943,0.056344008154156106,3,1.9279125332832336,0.06415774334264733,3,13.590362124972872,0.42154014912637744,3
square,tent6,5000,0.19660833420024973,0.008939926744219935,3,-5.252581013573541,0.3745071226307071,3,120.69797431098091,7.605855605518804,3,0.5860144098599752,0.003627157010494403,3,0.6627231571409437,0.01713255387287325,3,0.18191965255472395,0.003772861450185624,3,-0.3493836455874973,0.004091751936230584,3,0.0,0.0,3,0.3614953383748099,0.0037994328582808086,3,3.4882081349690757,0.1334227535972133,3,5.252581013573541,0.3745071226307071,3
square,tent6,10000,0.27896223283476296,0.011956470026280447,3,-4.994443257649739,0.5247408950074623,3,140.48114946153427,12.137330707110436,3,0.587157408396403,0.0012992059416088212,3,0.667765478293101,0.008275635993737223,3,0.1830047203434838,0.0011962919583716769,3,-0.3529580434163411,0.01398032400747216,3,0.0,0.0,3,0.37992251621634554,0.008097016654427195,3,4.6752466095818415,0.32342867052747626,3,4.994443257649739,0.5247408950074623,3
square,tent6,15000,0.3636660781171586,0.020750895021631764,3,-5.383259296417236,0.7091388494279526,3,210.78352864583334,23.878088164723675,3,0.5875110295083787,0.005150533071285367,3,0.6533927321434021,0.016605791383514198,3,0.18577939768632254,0.007137006097109361,3,-0.33254488971498275,0.0044580044394679575,3,0.0,0.0,3,0.44587534533239825,0.014732678566933126,3,4.967203776041667,0.20576662516652,3,5.383259296417236,0.7091388494279526,3
square,tent6,20000,0.4266222422321637,0.022435650232462172,3,-5.651396751403809,0.3703237939619075,3,339.04795328776044,36.15201128179347,3,0.588009258111318,0.0025523769025772294,3,0.6516951322555542,0.012427343621702551,3,0.18872458736101785,0.0032379270432493735,3,-0.32076642910639447,0.010724659829531495,3,0.0,0.0,3,0.4833987523870998,0.009773773768375627,3,5.278577539655897,0.14105287691868085,3,5.651396751403809,0.3703237939619075,3
square,tent6,25000,0.4757512067755063,0.01681722349425108,3,-5.97209448284573,0.22977837707054832,3,459.2306213378906,52.179705961643116,3,0.5842579205830892,0.001379441748257903,3,0.6399667064348856,0.006795317355475793,3,0.18537637591362,0.0023394167083986596,3,-0.32324422068066067,0.0026217565663886077,3,0.0,0.0,3,0.5040882416152599,0.01820345415274581,3,5.655949433644612,0.23452807389973984,3,5.97209448284573,0.22977837707054832,3
square,tent6,30000,0.533807341920005,0.019526039434155394,3,-5.456714153289795,0.14856893438806584,3,598.4072062174479,56.62370979440426,3,0.588595105542077,0.0003622612654288328,3,0.6497401263978747,0.003928111000946443,3,0.18742250402768454,0.002121087806445217,3,-0.324093653096093,0.0005272472354404345,3,0.0,0.0,3,0.5165317436956592,0.015259793214876992,3,6.207028071085612,0.30650913437472865,3,5.456714153289795,0.14856893438806584,3
square,tent6,35000,0.5834902746809854,0.032745597569537994,3,-5.0006513595581055,0.18834770296871545,3,714.1265733506945,83.8149241793568,3,0.5935127668910556,0.0013582753773790958,3,0.6627751588821411,0.004863729841535894,3,0.1940569281578064,0.0019073769501701367,3,-0.33068471153577167,0.002558028134599939,3,0.0,0.0,3,0.5348895690625944,0.01638214067477317,3,6.70906400680542,0.46195285383761536,3,5.0006513595581055,0.18834770296871545,3
square,tent6,40000,0.6516688451170921,0.037227493328373704,3,-5.754393935203552,0.052907419820452536,3,893.3281758626302,99.87216350411856,3,0.5867775231599808,0.0013231791902102376,3,0.6434966127077738,0.003889260027119959,3,0.18540737529595694,0.0012183762196424773,3,-0.3243970076243083,0.0027802462986544906,3,0.0,0.0,3,0.5341638843164321,0.008921759441045778,3,7.348163763682048,0.5043324797802712,3,5.754393935203552,0.052907419820452536,3
square,tent6,45000,0.7223693665530947,0.046886531336787024,3,-6.011597447925144,0.10194641298754,3,1063.295186360677,112.87035007078214,3,0.587165825896793,0.0015384669381677504,3,0.6325388219621447,0.0021156615971291747,3,0.18388827641805014,0.0028211804918758625,3,-0.31976752148734194,0.004952919537389932,3,0.0,0.0,3,0.5447243726212986,0.005114279580295456,3,7.854361957973905,0.5791416834695357,3,6.011597447925144,0.10194641298754,3
square,tent6,50000,0.766042626566357,0.07591846039490155,3,-5.698411888546414,0.16193108046701898,3,1196.6083374023438,128.35471560032414,3,0.5889305803510878,0.0016205181127887539,3,0.6407069762547811,0.006263825251461686,3,0.1894221322404014,0.002368965948783209,3,-0.3235756523079342,0.0039007223283496237,3,0.0,0.0,3,0.5449415549222568,0.0012121059232300248,3,8.461435582902697,0.941163989708686,3,5.698411888546414,0.16193108046701898,3
square,tent6,55000,0.8113776650693681,0.08834820327669266,3,-5.821874936421712,0.08076922137899425,3,1315.89641655816,150.77286692925998,3,0.58809494972229,0.0017630138411702917,3,0.6367762287457784,0.00126089849632713,3,0.18458581964174905,0.0016810542470594336,3,-0.3247321479850345,0.008246518787744853,3,0.0,0.0,3,0.5560699496338062,0.009926590369242984,3,8.794095993041992,1.1111223842909355,3,5.821874936421712,0.08076922137899425,3
square,tent6,60000,0.872515449590153,0.1066955353408055,3,-5.864094681209989,0.2016778549412098,3,1459.7148301866318,165.92754244600724,3,0.5870375235875448,0.001156012295116324,3,0.6345600618256463,0.008026583063683984,3,0.18556238545311823,0.0012426917479953427,3,-0.3198251558674707,0.0003176108816811736,3,0.0,0.0,3,0.5467652481203343,0.0132941221020679,3,9.504897965325249,1.2152977503839681,3,5.864094681209989,0.2016778549412098,3
square,tent6,65000,0.9227184749311871,0.12411575469148614,3,-5.745357619391547,0.1791715815847754,3,1577.8663601345488,182.00168819837293,3,0.5879904362890456,0.002230505919782015,3,0.6369925406244067,0.004785124716088436,3,0.18272570106718278,0.004928171253073494,3,-0.32563451594776577,0.004215161959363766,3,0.0,0.0,3,0.5604267627858334,0.007843409006813963,3,9.920578903622097,1.4582511710826267,3,5.745357619391547,0.1791715815847754,3
square,tent6,70000,1.01674429277579,0.14790765048798812,3,-5.589970747629802,0.2781434212984414,3,1696.6555311414932,233.81867095371575,3,0.5875085923406812,0.002963880208414577,3,0.6416091190444099,0.007879880287718626,3,0.18548487954669526,0.0026760202361116718,3,-0.32953128549787736,0.004041436051239129,3,0.0,0.0,3,0.5429153054395006,0.006026081903603649,3,11.336151440938314,1.6790826042059785,3,5.589970747629802,0.2781434212984414,3
square,tent6,75000,1.0770735339985953,0.15642115521958364,3,-5.709365685780843,0.3233980292437593,3,1852.0911051432292,250.03136278141855,3,0.5863725211885241,0.0018942664023927146,3,0.6366848018434312,0.007861004600356422,3,0.1851438581943512,0.0029643398040391867,3,-0.3257837924692366,0.0013407803977587473,3,0.0,0.0,3,0.5333405184617172,0.003460712973732633,3,12.122083875868055,1.8340268005985219,3,5.709365685780843,0.3233980292437593,3
square,tent6,80000,1.1929544871052107,0.1826644298081092,3,-5.900192201137543,0.33117982387434985,3,2003.7738647460938,283.92415660612147,3,0.5839181343714396,0.0029144998363943115,3,0.6302641034126282,0.009406911900440316,3,0.18060594300429025,0.004407812783459683,3,-0.333498294154803,0.003852984643719888,3,0.0,0.0,3,0.5283881817707807,0.008213372342214715,3,13.501209020614624,1.9847745224333866,3,5.900192201137543,0.33117982387434985,3
square,tent6,85000,1.2893377522627512,0.20924901401249732,3,-6.4818788634406195,0.003585504502519958,3,2206.1385904947915,307.1503725427081,3,0.5819829834832085,0.0010471210581211707,3,0.6178143951627942,0.00497264431755335,3,0.17802890307373473,0.0019011963077105835,3,-0.3300099041726854,0.004314151876022464,3,0.0,0.0,3,0.5327662038150258,0.007311293800988916,3,14.356530083550348,2.4626904136656784,3,6.4818788634406195,0.003585504502519958,3
square,tent6,90000,1.3936788618564606,0.24333232789956138,3,-5.9305524826049805,0.11813022636893669,3,2402.2185872395835,328.25470298281624,3,0.5860631929503547,0.001210931110016926,3,0.6318664683236016,0.004717873669979602,3,0.1850818544626236,0.0017867876466104635,3,-0.32794984181722003,0.004329019666371611,3,0.0,0.0,3,0.5380135370088234,0.006225300502062935,3,15.568474027845594,2.892313051415275,3,5.9305524826049805,0.11813022636893669,3
square,tent6,95000,1.4972108549541898,0.2879224723196992,3,-5.865777916378446,0.18307725223397842,3,2601.6617024739585,370.2327914537968,3,0.585417648156484,0.002791145528440554,3,0.6308396723535327,0.005844772712374684,3,0.18229167660077414,0.004080710446838977,3,-0.33260376916991335,0.004654917974114608,3,0.0,0.0,3,0.5366412493403842,0.009737633051222706,3,16.900592274136013,3.4293826828170126,3,5.865777916378446,0.18307725223397842,3
square,tent6,100000,1.6448497487439049,0.34922341853341976,3,-6.0671863026089135,0.32418485248517154,3,2826.678900824653,439.5953071041855,3,0.586496545208825,0.0027785335034964075,3,0.6310625606113011,0.006209423160822479,3,0.18122210767534042,0.0031711945545329144,3,-0.33068632748391896,0.002310947257029128,3,0.0,0.0,3,0.5412152390735083,0.0017299026155926098,3,18.330191400316025,3.90601616590062,3,6.0671863026089135,0.32418485248517154,3
square,tent6,105000,1.7953197565343644,0.40725160190499116,3,-5.934260633256701,0.1808290428155617,3,3014.6594102647564,485.071355214564,3,0.5884765386581421,0.00118331029034215,3,0.6328237189186944,0.006087333492215937,3,0.18345424864027235,0.0017671133691109623,3,-0.3270513382222917,0.005308629977707509,3,0.0,0.0,3,0.5435020018427132,0.010919803129036334,3,19.99177318149143,4.838823971279298,3,5.934260633256701,0.1808290428155617,3
square,tent6,110000,1.9215186999903786,0.4488491514719295,3,-5.723337650299072,0.2428422339439473,3,3328.888210720486,586.5225999296471,3,0.5863392949104309,0.0022005989489216394,3,0.6374094817373487,0.005996068114536904,3,0.1836867647038566,0.0023867988113277783,3,-0.33597333563698667,0.002931622937826554,3,0.0,0.0,3,0.5442854590737362,0.0038732745004405747,3,21.52471934424506,5.0690600798463334,3,5.723337650299072,0.2428422339439473,3
square,tent6,115000,2.024378052353859,0.4641775391508844,3,-5.648686806360881,0.2519624500461154,3,3559.2646484375,668.6360233297763,3,0.5902668039004008,0.002828939387913953,3,0.6399743954340616,0.013016285770194381,3,0.1860351637005806,0.002064543033285013,3,-0.33355726301670074,0.005750112855291045,3,0.0,0.0,3,0.5593825156944263,0.014617545248723992,3,22.232134342193604,5.606628533116802,3,5.648686806360881,0.2519624500461154,3
