bin_online,ent_coef,logp_mean,qw_mean,w_absmean,mu_absmean,w_frac_sat,log_std_mean,offline_p,run,task,group,seed,entropy_estimate,ratio_ge_gq,gq_norm
0,0.18396941996179517,-10.284216165542603,58.06960105895996,0.5590010285377502,0.464620279148221,0.149972103536129,-0.27171971648931503,0.0,can_alr_double_s1,can,alr_double,1,10.284216165542603,,
5000,0.07463964121416208,2.266040898859501,2.488060235977173,0.6195169985294342,0.831988513469696,0.2304338812828064,-0.4702276885509491,0.0,can_alr_double_s1,can,alr_double,1,-2.266040898859501,,
10000,0.08906994098797436,0.58223657310009,-19.23766279220581,0.6108909845352173,0.7918404638767242,0.2150181457400322,-0.45069604367017746,0.0,can_alr_double_s1,can,alr_double,1,-0.58223657310009,,
15000,0.08353314995765683,0.2514927461743355,-22.374525547027588,0.619249016046524,0.8129525035619736,0.2303990051150322,-0.4037396013736725,0.0,can_alr_double_s1,can,alr_double,1,-0.2514927461743355,,
20000,0.0739418441429734,0.7721310257911681,-19.2675724029541,0.6233257204294205,0.8096535801887512,0.2378627322614193,-0.4034925997257232,0.0,can_alr_double_s1,can,alr_double,1,-0.7721310257911681,,
25000,0.06675907848402853,0.649471590295434,-18.841667652130127,0.6229926198720932,0.8126765042543411,0.2336774654686451,-0.40132770687341685,0.0,can_alr_double_s1,can,alr_double,1,-0.649471590295434,,
30000,0.06225703373551363,0.06269432902336122,-19.93550796508789,0.6216992259025573,0.802285659313202,0.23217076659202576,-0.39641098976135253,0.0,can_alr_double_s1,can,alr_double,1,-0.06269432902336122,,
35000,0.059186466643586726,0.11032769083976746,-22.50015926361084,0.617488294839859,0.8054526299238205,0.2261788621544838,-0.4059607610106468,0.0,can_alr_double_s1,can,alr_double,1,-0.11032769083976746,,
40000,0.0546797492075711,0.1239019874483347,-24.740605354309082,0.620727151632309,0.801594153046608,0.2367466650903225,-0.3893059939146042,0.0,can_alr_double_s1,can,alr_double,1,-0.1239019874483347,,
45000,0.05201739738695318,0.012693077325820958,-26.528028964996338,0.6216555088758469,0.7982609272003174,0.2307826578617096,-0.38432061672210693,0.0,can_alr_double_s1,can,alr_double,1,-0.012693077325820958,,
50000,0.0513835121877491,-0.1726282835006714,-28.303146839141846,0.6215495616197586,0.7920776903629303,0.2321777455508709,-0.39158182591199875,0.0,can_alr_double_s1,can,alr_double,1,0.1726282835006714,,
55000,0.049579392652958576,0.044678401201963404,-30.228008270263672,0.6198963820934296,0.7952723503112793,0.2284458838403225,-0.3924130499362945,0.0,can_alr_double_s1,can,alr_double,1,-0.044678401201963404,,
60000,0.04802011057734486,-0.6549106121063233,-29.506957626342775,0.6166972756385803,0.7856938004493713,0.22449777722358705,-0.39380895495414736,0.0,can_alr_double_s1,can,alr_double,1,0.6549106121063233,,
65000,0.04862731611356135,-0.4222414717078209,-30.20830488204956,0.6188218891620636,0.7925624251365662,0.2280622310936451,-0.3966594710946083,0.0,can_alr_double_s1,can,alr_double,1,0.4222414717078209,,
70000,0.04850649749860165,0.011930452659726143,-30.7235164642334,0.6177014857530594,0.7891304343938828,0.2249581590294838,-0.4167598560452461,0.0,can_alr_double_s1,can,alr_double,1,-0.011930452659726143,,
75000,0.045654561044648254,0.1074352115392685,-30.901686191558838,0.6182775348424911,0.7967916578054428,0.2296317033469677,-0.40773146599531174,0.0,can_alr_double_s1,can,alr_double,1,-0.1074352115392685,,
80000,0.04530622148886317,-0.1412021853029728,-32.20141649246216,0.6195318102836609,0.78990338742733,0.2279924750328064,-0.4007739201188087,0.0,can_alr_double_s1,can,alr_double,1,0.1412021853029728,,
85000,0.04473796645179387,-0.15655728429555893,-30.80250310897827,0.6185483783483505,0.7992695271968842,0.2300153523683548,-0.40604234486818314,0.0,can_alr_double_s1,can,alr_double,1,0.15655728429555893,,
90000,0.044349520504474584,0.1202285885810852,-32.792056274414065,0.6224747061729431,0.7989334106445313,0.2322544723749161,-0.4128019571304321,0.0,can_alr_double_s1,can,alr_double,1,-0.1202285885810852,,
95000,0.0433582774829119,-0.47595617920160294,-29.450262546539307,0.6199073046445847,0.7817958891391754,0.2281319834291935,-0.3985123112797737,0.0,can_alr_double_s1,can,alr_double,1,0.47595617920160294,,
100000,0.04431118792854245,0.10132774896919725,-32.237102031707764,0.6243467479944229,0.7962736636400223,0.2338867262005806,-0.3968512564897537,0.0,can_alr_double_s1,can,alr_double,1,-0.10132774896919725,,
105000,0.044293324323371,-0.6589280590415001,-30.490568161010742,0.6165932565927505,0.7736848890781403,0.2225167527794838,-0.4066456854343414,0.0,can_alr_double_s1,can,alr_double,1,0.6589280590415001,,
110000,0.04336856417357915,0.03716214001178743,-32.11653423309326,0.6228554546833038,0.7903691679239273,0.2291783019900322,-0.41030599921941757,0.0,can_alr_double_s1,can,alr_double,1,-0.03716214001178743,,
115000,0.04270972837693985,0.16395007818937302,-34.30699920654297,0.6221473664045334,0.7979336231946945,0.2321777455508709,-0.4122175946831703,0.0,can_alr_double_s1,can,alr_double,1,-0.16395007818937302,,
120000,0.04276220299303526,-0.26752022504806516,-33.011637115478514,0.6214475154876709,0.7879475474357605,0.22940849065780639,-0.40044100284576417,0.0,can_alr_double_s1,can,alr_double,1,0.26752022504806516,,
0,0.18744438085705037,-10.679200530052185,57.075379371643066,0.5624177306890488,0.46401333063840866,0.14613561145961285,-0.2685881294310093,0.0,can_alr_double_s2,can,alr_double,2,10.679200530052185,,
5000,0.06774611379951236,-0.19276035204529762,-3.7246672213077554,0.6115603744983673,0.7758637070655823,0.2188197635114193,-0.4268391281366348,0.0,can_alr_double_s2,can,alr_double,2,0.19276035204529762,,
10000,0.08758394764736291,1.363928645849228,-24.865756988525394,0.6165530830621719,0.8114476948976517,0.2255510725080967,-0.4549088478088379,0.0,can_alr_double_s2,can,alr_double,2,-1.363928645849228,,
15000,0.08390953196212647,-0.12271066755056374,-18.708473682403564,0.6118113249540329,0.7881372421979904,0.2166225016117096,-0.4271983429789543,0.0,can_alr_double_s2,can,alr_double,2,0.12271066755056374,,
20000,0.07766731185838575,0.11401432007551193,-15.11532711982727,0.6161988377571106,0.7984141111373901,0.2238072082400322,-0.40696632862091064,0.0,can_alr_double_s2,can,alr_double,2,-0.11401432007551193,,
25000,0.07746306871995326,0.28418681398034096,-13.671804428100586,0.6208950281143188,0.8044752478599548,0.2338169775903225,-0.39810430258512497,0.0,can_alr_double_s2,can,alr_double,2,-0.28418681398034096,,
30000,0.08223250985145562,0.08151755183935164,-5.3886607646942135,0.6197034478187561,0.8025798559188843,0.22918528020381929,-0.4024759531021118,0.0,can_alr_double_s2,can,alr_double,2,-0.08151755183935164,,
35000,0.0838918156921863,0.21219732612371445,-1.6818909347057343,0.620800718665123,0.8032399564981461,0.2351423092186451,-0.39702166616916656,0.0,can_alr_double_s2,can,alr_double,2,-0.21219732612371445,,
40000,0.07904103472828859,0.14715765044093135,0.5634528398513795,0.6168169379234314,0.7924357652664185,0.2280622310936451,-0.41471702605485916,0.0,can_alr_double_s2,can,alr_double,2,-0.14715765044093135,,
45000,0.07135602291673418,0.06842393055558203,-3.5100993514060974,0.6172332018613815,0.7967674285173416,0.2287597768008709,-0.4055266752839088,0.0,can_alr_double_s2,can,alr_double,2,-0.06842393055558203,,
50000,0.06548262699507171,0.11598467454314224,-7.152461871504784,0.6190720498561859,0.7952557504177094,0.2282714992761612,-0.40953115373849863,0.0,can_alr_double_s2,can,alr_double,2,-0.11598467454314224,,
55000,0.05950206811539827,0.3631591945886612,-14.84302306175232,0.6178625971078873,0.7933999449014664,0.2283063717186451,-0.4139055237174034,0.0,can_alr_double_s2,can,alr_double,2,-0.3631591945886612,,
60000,0.05578052945435043,0.2566217243671417,-18.77436065673828,0.6215870380401611,0.794917619228363,0.22943639755249023,-0.40780526399612427,0.0,can_alr_double_s2,can,alr_double,2,-0.2566217243671417,,
65000,0.04994960650801655,-0.5200053825974464,-23.654584407806396,0.6133322417736053,0.7771556824445724,0.2210170291364193,-0.4078965857625007,0.0,can_alr_double_s2,can,alr_double,2,0.5200053825974464,,
70000,0.04694220214150838,0.2218877375125885,-27.706066608428955,0.6191519796848297,0.7973172813653946,0.231584832072258,-0.4107806161046028,0.0,can_alr_double_s2,can,alr_double,2,-0.2218877375125885,,
75000,0.04691609055735167,0.3196614235639572,-29.834550857543945,0.6221693456172943,0.7984743416309357,0.2348981723189354,-0.40831130743026733,0.0,can_alr_double_s2,can,alr_double,2,-0.3196614235639572,,
80000,0.046462276857346246,-0.2553424760699272,-30.027228832244873,0.6181611716747284,0.7845584899187088,0.2282017432153225,-0.40224306285381317,0.0,can_alr_double_s2,can,alr_double,2,0.2553424760699272,,
85000,0.04452090268023307,0.12195722758769992,-30.65513515472412,0.6168944984674454,0.7899876534938812,0.2281668595969677,-0.41786074638366694,0.0,can_alr_double_s2,can,alr_double,2,-0.12195722758769992,,
90000,0.045194050893187475,0.07957706451416016,-31.77391242980957,0.6213207840919495,0.7920087575912476,0.23007813692092896,-0.4079281210899353,0.0,can_alr_double_s2,can,alr_double,2,-0.07957706451416016,,
95000,0.04340904266573485,0.06169953383505345,-32.41075277328491,0.6208217293024063,0.7905278354883194,0.2284807600080967,-0.4114290177822113,0.0,can_alr_double_s2,can,alr_double,2,-0.06169953383505345,,
100000,0.04182171770371493,-0.45874857902526855,-29.244252681732178,0.6152710318565369,0.7798455506563187,0.2214355617761612,-0.41912613809108734,0.0,can_alr_double_s2,can,alr_double,2,0.45874857902526855,,
105000,0.041808667965233304,-0.23143585771322256,-29.007937908172607,0.6191243678331375,0.7796967476606369,0.2251325435936451,-0.41954968869686127,0.0,can_alr_double_s2,can,alr_double,2,0.23143585771322256,,
110000,0.041215580189600524,-0.1476965844631195,-29.966189861297607,0.6210159212350845,0.7834857702255249,0.225969597697258,-0.4152712523937225,0.0,can_alr_double_s2,can,alr_double,2,0.1476965844631195,,
115000,0.04157759421505028,0.2602152116596699,-32.533467292785645,0.621246337890625,0.7920876890420914,0.2251674234867096,-0.4267383813858032,0.0,can_alr_double_s2,can,alr_double,2,-0.2602152116596699,,
120000,0.04136032070964568,0.3690089672803879,-31.521752548217773,0.6219466686248779,0.788105046749115,0.2275390714406967,-0.4265197813510895,0.0,can_alr_double_s2,can,alr_double,2,-0.3690089672803879,,
0,0.18492328962311144,-10.299459099769592,56.101253509521484,0.5567692667245865,0.4546901546418667,0.1413574293255806,-0.29705528169870377,0.0,can_alr_double_s3,can,alr_double,3,10.299459099769592,,
5000,0.07132477285340423,1.4477646499872208,-7.380625084042549,0.6204179525375366,0.813733845949173,0.2305385172367096,-0.43890874832868576,0.0,can_alr_double_s3,can,alr_double,3,-1.4477646499872208,,
10000,0.0877546365372836,-0.01605430990457546,-34.6614785194397,0.6174661219120026,0.7970777601003647,0.2275739498436451,-0.3862336128950119,0.0,can_alr_double_s3,can,alr_double,3,0.01605430990457546,,
15000,0.07981231259182092,0.21834790706634521,-31.552019596099854,0.6133607774972916,0.7877116650342941,0.2217843271791935,-0.4202612191438675,0.0,can_alr_double_s3,can,alr_double,3,-0.21834790706634521,,
20000,0.07656840458512303,0.5837539210915565,-30.670100212097168,0.6209678202867508,0.8121913224458694,0.2337821014225483,-0.39438101649284363,0.0,can_alr_double_s3,can,alr_double,3,-0.5837539210915565,,
25000,0.07172797014936799,0.3054159209132194,-25.742108821868896,0.6193966269493103,0.8021050691604614,0.2359096072614193,-0.39392165094614023,0.0,can_alr_double_s3,can,alr_double,3,-0.3054159209132194,,
30000,0.06703565694391725,0.816525137424469,-29.020326614379883,0.625064241886139,0.8257268667221069,0.24190849363803862,-0.38963668942451474,0.0,can_alr_double_s3,can,alr_double,3,-0.816525137424469,,
35000,0.06732296114787455,-0.39350520819425583,-28.68042516708374,0.6191143691539764,0.7968319654464722,0.2269112840294838,-0.38456399738788605,0.0,can_alr_double_s3,can,alr_double,3,0.39350520819425583,,
40000,0.06330643021501595,0.748104341328144,-29.88656711578369,0.6251640468835831,0.8227073103189468,0.2418387420475483,-0.3879030719399452,0.0,can_alr_double_s3,can,alr_double,3,-0.748104341328144,,
45000,0.0586635109968483,0.5443791970610619,-32.56612968444824,0.6224420368671417,0.8102881759405136,0.2395368404686451,-0.39147617667913437,0.0,can_alr_double_s3,can,alr_double,3,-0.5443791970610619,,
50000,0.0572350376285612,0.5203899387270212,-36.44127655029297,0.6235475838184357,0.8120640963315964,0.2363630123436451,-0.3908222168684006,0.0,can_alr_double_s3,can,alr_double,3,-0.5203899387270212,,
55000,0.05931903049349783,-0.17387958243489265,-37.594871520996094,0.6219249367713928,0.8005994260311127,0.2272251807153225,-0.39343418180942535,0.0,can_alr_double_s3,can,alr_double,3,0.17387958243489265,,
60000,0.059147731028497165,0.0737768232822418,-34.26965560913086,0.6235630989074707,0.8098254799842834,0.2338169753551483,-0.3890387713909149,0.0,can_alr_double_s3,can,alr_double,3,-0.0737768232822418,,
65000,0.0545799473766237,0.09713612124323845,-34.077364921569824,0.6238245218992233,0.8064897507429123,0.2338867336511612,-0.3939201831817627,0.0,can_alr_double_s3,can,alr_double,3,-0.09713612124323845,,
70000,0.056995259458199096,0.1266445443034172,-34.4038028717041,0.6263959407806396,0.8064547777175903,0.2339913584291935,-0.3923357352614403,0.0,can_alr_double_s3,can,alr_double,3,-0.1266445443034172,,
75000,0.056533446256071304,0.578165665268898,-33.96823310852051,0.6266262233257294,0.8152731209993362,0.2376883439719677,-0.3995616063475608,0.0,can_alr_double_s3,can,alr_double,3,-0.578165665268898,,
80000,0.057452260423451654,0.10617620497941971,-34.58571434020996,0.6278135180473328,0.8061252236366272,0.2363978922367096,-0.3908335044980049,0.0,can_alr_double_s3,can,alr_double,3,-0.10617620497941971,,
85000,0.0578159025404602,0.12014046311378479,-34.999464988708496,0.6241147965192795,0.8020558506250381,0.232805535197258,-0.3953190892934799,0.0,can_alr_double_s3,can,alr_double,3,-0.12014046311378479,,
90000,0.0576633803546428,-0.20875995755195617,-33.941139221191406,0.625158166885376,0.8063628911972046,0.2358258992433548,-0.3867787003517151,0.0,can_alr_double_s3,can,alr_double,3,0.20875995755195617,,
95000,0.05617751656100148,0.3796255365014076,-33.42079734802246,0.6259412616491318,0.8119989186525345,0.2335728332400322,-0.4025743082165718,0.0,can_alr_double_s3,can,alr_double,3,-0.3796255365014076,,
100000,0.05431429543532425,-0.23730385303497314,-33.02829551696777,0.6235567182302475,0.7967374473810196,0.2260742299258709,-0.4065573364496231,0.0,can_alr_double_s3,can,alr_double,3,0.23730385303497314,,
105000,0.0533315784297883,0.26563619077205664,-35.44662094116211,0.6258008927106857,0.806866317987442,0.2292131818830967,-0.40473543852567667,0.0,can_alr_double_s3,can,alr_double,3,-0.26563619077205664,,
110000,0.05315599534660572,0.27664351835846906,-37.59418773651123,0.6269900500774384,0.8127182126045227,0.236467644572258,-0.4101004227995872,0.0,can_alr_double_s3,can,alr_double,3,-0.27664351835846906,,
115000,0.0528598837088793,0.5870275422930717,-39.10906982421875,0.6289453506469727,0.8205388933420181,0.2355259582400322,-0.4054928719997406,0.0,can_alr_double_s3,can,alr_double,3,-0.5870275422930717,,
120000,0.052501964122056946,-0.2959397792816162,-34.9778335571289,0.6221386194229126,0.7936249494552612,0.2298549234867096,-0.4030650436878204,0.0,can_alr_double_s3,can,alr_double,3,0.2959397792816162,,
0,0.5960236396640539,-16.848502159118652,164.7325210571289,0.5212883502244949,0.22232049703598017,0.09978376515209675,-0.19051180034875864,0.0,can_alr_half_s1,can,alr_half,1,16.848502159118652,,
5000,0.26038882117718454,-8.273669838905334,184.4216079711914,0.5647403746843338,0.5629847943782806,0.1520647406578064,-0.33373192697763443,0.0,can_alr_half_s1,can,alr_half,1,8.273669838905334,,
10000,0.1286099478602409,-2.765956461429596,111.66752243041992,0.5840539634227753,0.6973292380571365,0.1806640699505806,-0.43802743405103683,0.0,can_alr_half_s1,can,alr_half,1,2.765956461429596,,
15000,0.09625060204416509,0.6623930390924215,46.45432662963867,0.6123589426279068,0.7969425916671753,0.2154366672039032,-0.4579360634088516,0.0,can_alr_half_s1,can,alr_half,1,-0.6623930390924215,,
20000,0.09879470961168405,0.8299132231622934,11.810914754867554,0.6195221692323685,0.811014398932457,0.2308175303041935,-0.4282650798559189,0.0,can_alr_half_s1,can,alr_half,1,-0.8299132231622934,,
25000,0.08731644069775935,0.8636854887008667,-1.3737616539001465,0.6174205392599106,0.8032758384943008,0.2264230027794838,-0.4350423514842987,0.0,can_alr_half_s1,can,alr_half,1,-0.8636854887008667,,
30000,0.07589205026626585,-0.2863942921161651,-10.422652578353881,0.6123429656028747,0.7914607167243958,0.22335380613803862,-0.4165918231010437,0.0,can_alr_half_s1,can,alr_half,1,0.2863942921161651,,
35000,0.0701138893142342,-0.019162066280841814,-18.78699564933777,0.6144702285528183,0.792748436331749,0.2205985002219677,-0.4234436377882957,0.0,can_alr_half_s1,can,alr_half,1,0.019162066280841814,,
40000,0.07071815738454457,-0.03396963328123097,-20.00202226638794,0.6154527962207794,0.7947115749120712,0.2249232791364193,-0.4107875600457191,0.0,can_alr_half_s1,can,alr_half,1,0.03396963328123097,,
45000,0.06914901426061985,-0.1610669903457165,-19.203619956970215,0.6119326949119568,0.7838900536298752,0.2166224978864193,-0.4268692806363106,0.0,can_alr_half_s1,can,alr_half,1,0.1610669903457165,,
50000,0.06230165744200345,0.21644287556409836,-21.72965955734253,0.6151897609233856,0.791716918349266,0.2188197672367096,-0.43471232056617737,0.0,can_alr_half_s1,can,alr_half,1,-0.21644287556409836,,
55000,0.059401484485715576,-0.32667896896600723,-25.182854175567627,0.611407071352005,0.779155895113945,0.2155413031578064,-0.4196014404296875,0.0,can_alr_half_s1,can,alr_half,1,0.32667896896600723,,
60000,0.05570556931197638,0.09370242655277254,-27.18126449584961,0.6173148512840271,0.7958838820457459,0.2269810378551483,-0.41121474504470823,0.0,can_alr_half_s1,can,alr_half,1,-0.09370242655277254,,
65000,0.0551749714650213,0.2921847514808178,-31.454923629760742,0.6201128512620926,0.8022739440202713,0.2283063717186451,-0.41772035509347916,0.0,can_alr_half_s1,can,alr_half,1,-0.2921847514808178,,
70000,0.052735026692971546,-0.03697571903467178,-32.437254905700684,0.6151164323091507,0.7918536067008972,0.2234235629439354,-0.41770496219396586,0.0,can_alr_half_s1,can,alr_half,1,0.03697571903467178,,
75000,0.05249679265543815,0.4998904764652252,-33.489806175231934,0.6203690022230148,0.7996595203876495,0.2321079932153225,-0.41412415355443954,0.0,can_alr_half_s1,can,alr_half,1,-0.4998904764652252,,
80000,0.0510845543351024,-0.06251524947583675,-32.585057735443115,0.6166757494211197,0.7872028648853302,0.2241559810936451,-0.4182006940245628,0.0,can_alr_half_s1,can,alr_half,1,0.06251524947583675,,
85000,0.050113595649599954,-0.07206547446548932,-32.7684211730957,0.6179327666759491,0.7808442860841751,0.2222377322614193,-0.4198978841304779,0.0,can_alr_half_s1,can,alr_half,1,0.07206547446548932,,
90000,0.04944300130009646,-0.4706647276878357,-35.245201110839844,0.6155693650245666,0.7811599850654602,0.22170759737491608,-0.4240139961242676,0.0,can_alr_half_s1,can,alr_half,1,0.4706647276878357,,
95000,0.04899040460586543,-0.34201722778379917,-34.948936462402344,0.6175500899553299,0.7794309854507446,0.221575066447258,-0.4205505475401878,0.0,can_alr_half_s1,can,alr_half,1,0.34201722778379917,,
100000,0.049110226286575145,-0.01114991120994091,-36.2762508392334,0.6186099052429199,0.780438095331192,0.2208077646791935,-0.4271066188812256,0.0,can_alr_half_s1,can,alr_half,1,0.01114991120994091,,
105000,0.04926182175986463,-0.0928029716014862,-38.02815532684326,0.6139598488807678,0.7795252948999405,0.2204589955508709,-0.4336627125740051,0.0,can_alr_half_s1,can,alr_half,1,0.0928029716014862,,
110000,0.0490732947364449,-0.29901090264320374,-38.53411674499512,0.614507868885994,0.7705153375864029,0.2185756266117096,-0.43454257398843765,0.0,can_alr_half_s1,can,alr_half,1,0.29901090264320374,,
115000,0.04993355548940592,-0.09330680966377258,-40.4052619934082,0.6169227957725525,0.7821503728628159,0.2188197635114193,-0.4275573194026947,0.0,can_alr_half_s1,can,alr_half,1,0.09330680966377258,,
120000,0.04856250990182154,-0.6112431794404983,-36.943712615966795,0.6133414387702942,0.7726626992225647,0.21933594942092896,-0.4198908627033234,0.0,can_alr_half_s1,can,alr_half,1,0.6112431794404983,,
0,0.5962046839296817,-16.42690896987915,165.04409408569336,0.5262911319732666,0.24993729032576079,0.10480608977377415,-0.19158058986067766,0.0,can_alr_half_s2,can,alr_half,2,16.42690896987915,,
5000,0.2612674940377473,-8.871177554130554,178.18572616577148,0.5702283084392548,0.549417644739151,0.1610979437828064,-0.2858257330954075,0.0,can_alr_half_s2,can,alr_half,2,8.871177554130554,,
10000,0.13185990760102861,-1.1186546683311462,103.58541297912598,0.6039648503065109,0.7576954364776611,0.2097516804933548,-0.4074308574199676,0.0,can_alr_half_s2,can,alr_half,2,1.1186546683311462,,
15000,0.09696440827101466,-0.1498594842851162,42.095001220703125,0.6023498773574829,0.7635383903980255,0.2016601637005806,-0.4783923327922821,0.0,can_alr_half_s2,can,alr_half,2,0.1498594842851162,,
20000,0.08237011078745123,0.48720537871122366,-0.4677462577819824,0.610080286860466,0.7857810705900192,0.2170410268008709,-0.45514504611492157,0.0,can_alr_half_s2,can,alr_half,2,-0.48720537871122366,,
25000,0.08324692212045187,0.43070815503597265,-14.30086636543274,0.612433061003685,0.7886003404855728,0.2210170328617096,-0.4396265894174576,0.0,can_alr_half_s2,can,alr_half,2,-0.43070815503597265,,
30000,0.07761991105973717,0.5157964825630188,-12.997320556640625,0.614056921005249,0.7960590124130249,0.22329799830913544,-0.4372168779373169,0.0,can_alr_half_s2,can,alr_half,2,-0.5157964825630188,,
35000,0.07404039278626436,-0.3007351644337177,-13.444430112838745,0.6156871318817139,0.78709976375103,0.2199358344078064,-0.4139927476644516,0.0,can_alr_half_s2,can,alr_half,2,0.3007351644337177,,
40000,0.06616150736808774,0.06393159925937655,-20.57691478729248,0.6146175116300583,0.7855160534381866,0.222063347697258,-0.42530186474323267,0.0,can_alr_half_s2,can,alr_half,2,-0.06393159925937655,,
45000,0.062144118361175,-0.1470310278236866,-22.101612091064453,0.6137957274913788,0.7909615784883499,0.2230050340294838,-0.4168801084160805,0.0,can_alr_half_s2,can,alr_half,2,0.1470310278236866,,
50000,0.0595236313529312,-0.10496852174401285,-21.20468521118164,0.6139814704656601,0.7918397486209869,0.2235281877219677,-0.41300866007804865,0.0,can_alr_half_s2,can,alr_half,2,0.10496852174401285,,
55000,0.054918418591842,0.1874034404754638,-26.982102870941166,0.617966428399086,0.7849574536085129,0.222307488322258,-0.42066991329193115,0.0,can_alr_half_s2,can,alr_half,2,-0.1874034404754638,,
60000,0.0531567423418164,-0.16423148959875114,-30.15089111328125,0.6187264323234558,0.7854132175445556,0.22486050426959991,-0.4110668420791626,0.0,can_alr_half_s2,can,alr_half,2,0.16423148959875114,,
65000,0.052812535408884254,0.06019302457571035,-30.593596935272217,0.6169174909591675,0.7915314584970474,0.2281319871544838,-0.4167108386754989,0.0,can_alr_half_s2,can,alr_half,2,-0.06019302457571035,,
70000,0.05006893286481497,-0.7678173519670963,-31.15486240386963,0.6119362860918045,0.7688026577234268,0.2189592756330967,-0.41364404559135437,0.0,can_alr_half_s2,can,alr_half,2,0.7678173519670963,,
75000,0.04825553908012802,0.0973423942923546,-34.62108898162842,0.6179956495761871,0.797974169254303,0.2302594967186451,-0.4158222079277038,0.0,can_alr_half_s2,can,alr_half,2,-0.0973423942923546,,
80000,0.04616483761928973,-0.2123067751526832,-33.75088596343994,0.6141302287578583,0.7785241603851318,0.2189243957400322,-0.42581723630428314,0.0,can_alr_half_s2,can,alr_half,2,0.2123067751526832,,
85000,0.04566635596565895,0.0844993069767952,-36.48510456085205,0.618185743689537,0.7933531850576401,0.2251325398683548,-0.41368742287158966,0.0,can_alr_half_s2,can,alr_half,2,-0.0844993069767952,,
90000,0.045677961111068685,0.16591589450836183,-37.90410537719727,0.6167811155319214,0.7828151822090149,0.22349331378936768,-0.4245587944984436,0.0,can_alr_half_s2,can,alr_half,2,-0.16591589450836183,,
95000,0.045639808010309875,0.41267029941082,-37.17460632324219,0.6158026307821274,0.7864744067192078,0.2303641326725483,-0.4250372350215912,0.0,can_alr_half_s2,can,alr_half,2,-0.41267029941082,,
100000,0.0445900235790759,-0.32654815912246704,-35.29072380065918,0.6154092252254486,0.7771729230880737,0.2232491746544838,-0.4165715202689171,0.0,can_alr_half_s2,can,alr_half,2,0.32654815912246704,,
105000,0.04383197505958375,-0.23009614646434784,-36.084659576416016,0.6165373772382736,0.7761317938566208,0.2251674197614193,-0.4208792448043823,0.0,can_alr_half_s2,can,alr_half,2,0.23009614646434784,,
110000,0.0432233879808336,0.3710053414106369,-36.63755989074707,0.624490886926651,0.8024545609951019,0.2273646891117096,-0.4207082539796829,0.0,can_alr_half_s2,can,alr_half,2,-0.3710053414106369,,
115000,0.04283895390108222,0.39764285087585455,-37.53791332244873,0.6189524978399277,0.7943443059921265,0.2314104437828064,-0.4183395132422447,0.0,can_alr_half_s2,can,alr_half,2,-0.39764285087585455,,
120000,0.0430962989106774,0.12959847152233128,-37.27767333984375,0.6178811311721801,0.7888102531433105,0.22483260035514832,-0.42370649576187136,0.0,can_alr_half_s2,can,alr_half,2,-0.12959847152233128,,
0,0.5950597625225782,-17.365160942077637,170.17074584960938,0.5224640816450119,0.20543776825070376,0.1036202609539032,-0.16700918972492215,0.0,can_alr_half_s3,can,alr_half,3,17.365160942077637,,
5000,0.2570463167503476,-10.42253851890564,190.6786117553711,0.556837797164917,0.49599389731884,0.1465192586183548,-0.2789786793291569,0.0,can_alr_half_s3,can,alr_half,3,10.42253851890564,,
10000,0.13107130322605365,-2.6303035616874695,124.16291999816895,0.5931062996387482,0.7053435742855072,0.1932198740541935,-0.4164750501513481,0.0,can_alr_half_s3,can,alr_half,3,2.6303035616874695,,
15000,0.0987794180400669,1.0531810633838177,48.77106761932373,0.6123670935630798,0.7969149351119995,0.2237025760114193,-0.45332659035921097,0.0,can_alr_half_s3,can,alr_half,3,-1.0531810633838177,,
20000,0.08473942549899217,0.4001334309577942,0.3438831567764282,0.6134153306484222,0.7927307486534119,0.2225516252219677,-0.4338386207818985,0.0,can_alr_half_s3,can,alr_half,3,-0.4001334309577942,,
25000,0.07681658435612912,0.23113988339900973,-13.031441330909729,0.6127982139587402,0.8016584664583206,0.2230050340294838,-0.4203353598713874,0.0,can_alr_half_s3,can,alr_half,3,-0.23113988339900973,,
30000,0.06879563853144642,0.31418380737304685,-19.49796028137207,0.6190204739570617,0.7979491353034973,0.22834822535514832,-0.41374561190605164,0.0,can_alr_half_s3,can,alr_half,3,-0.31418380737304685,,
35000,0.06085458565503352,0.1182241290807724,-26.037593364715576,0.6187595278024673,0.7996453046798706,0.2260044738650322,-0.411948911845684,0.0,can_alr_half_s3,can,alr_half,3,-0.1182241290807724,,
40000,0.05779997468926008,-0.03702715039253235,-28.69392490386963,0.6130421459674835,0.7864234298467636,0.2231445387005806,-0.4220825210213661,0.0,can_alr_half_s3,can,alr_half,3,0.03702715039253235,,
45000,0.05581289408728475,0.9154268577694893,-28.577585220336914,0.6195105314254761,0.8102665394544601,0.2275041975080967,-0.43370769917964935,0.0,can_alr_half_s3,can,alr_half,3,-0.9154268577694893,,
50000,0.05415118122473355,-0.2941688224673271,-28.121906280517578,0.6146472692489624,0.7893043011426926,0.2218889594078064,-0.4106515347957611,0.0,can_alr_half_s3,can,alr_half,3,0.2941688224673271,,
55000,0.05218682251870628,0.45132819935679436,-35.423129081726074,0.6176032423973083,0.7975957989692688,0.2270507924258709,-0.4207437187433243,0.0,can_alr_half_s3,can,alr_half,3,-0.45132819935679436,,
60000,0.050211624167859514,0.36702246665954585,-29.716150283813477,0.6198807120323181,0.796451735496521,0.22982701659202576,-0.41220673322677615,0.0,can_alr_half_s3,can,alr_half,3,-0.36702246665954585,,
65000,0.04778287876397362,-0.17547824978828427,-30.128780364990234,0.6183583289384842,0.786313846707344,0.2273646853864193,-0.405340239405632,0.0,can_alr_half_s3,can,alr_half,3,0.17547824978828427,,
70000,0.04649308696389193,-0.25569068267941475,-31.002371788024902,0.6149060130119324,0.7827742397785187,0.2241211049258709,-0.4044382944703102,0.0,can_alr_half_s3,can,alr_half,3,0.25569068267941475,,
75000,0.046127485623583174,0.615147978067398,-34.20846652984619,0.6192879229784012,0.8004444688558578,0.2312011830508709,-0.4193628504872322,0.0,can_alr_half_s3,can,alr_half,3,-0.615147978067398,,
80000,0.0452956530731171,-0.02550151199102403,-36.000975608825684,0.6178996711969376,0.7870004922151566,0.2229701541364193,-0.41575658321380615,0.0,can_alr_half_s3,can,alr_half,3,0.02550151199102403,,
85000,0.044667742913588826,0.49006225168704987,-37.11019706726074,0.6172935664653778,0.7989388257265091,0.229875847697258,-0.41874187439680094,0.0,can_alr_half_s3,can,alr_half,3,-0.49006225168704987,,
90000,0.04514704756438726,0.004372012615203846,-36.18928604125976,0.6155371308326721,0.7898486018180847,0.22516742050647737,-0.4245391011238098,0.0,can_alr_half_s3,can,alr_half,3,-0.004372012615203846,,
95000,0.04502085172571237,-0.4166647121310234,-37.85081672668457,0.6133570820093155,0.7769190520048141,0.2188197635114193,-0.41717713326215744,0.0,can_alr_half_s3,can,alr_half,3,0.4166647121310234,,
100000,0.04554330459795888,-0.7101500444114208,-35.321879386901855,0.6121048927307129,0.7669368088245392,0.2195521853864193,-0.41140802949666977,0.0,can_alr_half_s3,can,alr_half,3,0.7101500444114208,,
105000,0.045835319859907,0.29934562742710114,-37.6525993347168,0.6193341314792633,0.7946953177452087,0.2298409715294838,-0.4160868003964424,0.0,can_alr_half_s3,can,alr_half,3,-0.29934562742710114,,
110000,0.045480192871764274,-0.05678313225507736,-37.28854560852051,0.6174516081809998,0.7849820703268051,0.2249930389225483,-0.4279694184660911,0.0,can_alr_half_s3,can,alr_half,3,0.05678313225507736,,
115000,0.045739885978400674,0.17985033243894574,-36.147690773010254,0.6152744144201279,0.7905872017145157,0.225969597697258,-0.4244736209511757,0.0,can_alr_half_s3,can,alr_half,3,-0.17985033243894574,,
120000,0.04614309869706627,0.19033536314964294,-35.58623733520508,0.6199863672256469,0.7895763635635376,0.22672992050647736,-0.4225699543952942,0.0,can_alr_half_s3,can,alr_half,3,-0.19033536314964294,,
0,0.3801482632756233,,,,,,,,can_baseline_s1,can,baseline,1,,,
5000,0.10872808480635282,,,,,,,,can_baseline_s1,can,baseline,1,,,
10000,0.09431432085111732,,,,,,,,can_baseline_s1,can,baseline,1,,,
15000,0.08643314847722645,,,,,,,,can_baseline_s1,can,baseline,1,,,
20000,0.07809826545417307,,,,,,,,can_baseline_s1,can,baseline,1,,,
25000,0.06868875017389653,,,,,,,,can_baseline_s1,can,baseline,1,,,
30000,0.06311871018260715,,,,,,,,can_baseline_s1,can,baseline,1,,,
35000,0.060994914872571776,,,,,,,,can_baseline_s1,can,baseline,1,,,
40000,0.0593049670103937,,,,,,,,can_baseline_s1,can,baseline,1,,,
45000,0.061227337969467,,,,,,,,can_baseline_s1,can,baseline,1,,,
50000,0.06293846918269988,,,,,,,,can_baseline_s1,can,baseline,1,,,
55000,0.06360197504982347,,,,,,,,can_baseline_s1,can,baseline,1,,,
60000,0.06222203250974412,,,,,,,,can_baseline_s1,can,baseline,1,,,
65000,0.05763199408538635,,,,,,,,can_baseline_s1,can,baseline,1,,,
70000,0.0518455749843269,,,,,,,,can_baseline_s1,can,baseline,1,,,
75000,0.050734344217926226,,,,,,,,can_baseline_s1,can,baseline,1,,,
80000,0.04888661452569065,,,,,,,,can_baseline_s1,can,baseline,1,,,
85000,0.04769861991517242,,,,,,,,can_baseline_s1,can,baseline,1,,,
90000,0.0463547062501311,,,,,,,,can_baseline_s1,can,baseline,1,,,
95000,0.04541216259822245,,,,,,,,can_baseline_s1,can,baseline,1,,,
100000,0.04474373278208073,,,,,,,,can_baseline_s1,can,baseline,1,,,
105000,0.04605360096320507,,,,,,,,can_baseline_s1,can,baseline,1,,,
110000,0.046491591632366124,,,,,,,,can_baseline_s1,can,baseline,1,,,
115000,0.04525577835738655,,,,,,,,can_baseline_s1,can,baseline,1,,,
120000,0.043202460817992616,,,,,,,,can_baseline_s1,can,baseline,1,,,
125000,0.0431394446175545,,,,,,,,can_baseline_s1,can,baseline,1,,,
130000,0.0438889778219163,,,,,,,,can_baseline_s1,can,baseline,1,,,
135000,0.043789577065035626,,,,,,,,can_baseline_s1,can,baseline,1,,,
140000,0.043271771725267125,,,,,,,,can_baseline_s1,can,baseline,1,,,
145000,0.04365488425828513,,,,,,,,can_baseline_s1,can,baseline,1,,,
150000,0.043413898535072784,,,,,,,,can_baseline_s1,can,baseline,1,,,
155000,0.04288152139633887,,,,,,,,can_baseline_s1,can,baseline,1,,,
160000,0.0425200787838548,,,,,,,,can_baseline_s1,can,baseline,1,,,
165000,0.04287470965646203,,,,,,,,can_baseline_s1,can,baseline,1,,,
170000,0.04278673236258322,,,,,,,,can_baseline_s1,can,baseline,1,,,
175000,0.04197144411504264,,,,,,,,can_baseline_s1,can,baseline,1,,,
180000,0.04189179250970475,,,,,,,,can_baseline_s1,can,baseline,1,,,
185000,0.04201300307177003,,,,,,,,can_baseline_s1,can,baseline,1,,,
190000,0.0418432653881609,,,,,,,,can_baseline_s1,can,baseline,1,,,
195000,0.04056481155566865,,,,,,,,can_baseline_s1,can,baseline,1,,,
200000,0.0402348672971129,,,,,,,,can_baseline_s1,can,baseline,1,,,
205000,0.040480173714458875,,,,,,,,can_baseline_s1,can,baseline,1,,,
210000,0.039667527517303805,,,,,,,,can_baseline_s1,can,baseline,1,,,
215000,0.039258138881996224,,,,,,,,can_baseline_s1,can,baseline,1,,,
220000,0.03930691098794335,,,,,,,,can_baseline_s1,can,baseline,1,,,
225000,0.03871480952948327,,,,,,,,can_baseline_s1,can,baseline,1,,,
230000,0.038524063397198875,,,,,,,,can_baseline_s1,can,baseline,1,,,
235000,0.038447859622538064,,,,,,,,can_baseline_s1,can,baseline,1,,,
240000,0.0380866299383342,,,,,,,,can_baseline_s1,can,baseline,1,,,
245000,0.03782133483327922,,,,,,,,can_baseline_s1,can,baseline,1,,,
250000,0.03741257842630143,,,,,,,,can_baseline_s1,can,baseline,1,,,
255000,0.03754418585449455,,,,,,,,can_baseline_s1,can,baseline,1,,,
260000,0.03725926061160857,,,,,,,,can_baseline_s1,can,baseline,1,,,
265000,0.0370450641587376,,,,,,,,can_baseline_s1,can,baseline,1,,,
270000,0.036529615661129326,,,,,,,,can_baseline_s1,can,baseline,1,,,
275000,0.0364860931411385,,,,,,,,can_baseline_s1,can,baseline,1,,,
0,0.38223713189363473,,,,,,,,can_baseline_s2,can,baseline,2,,,
5000,0.10146761527284975,,,,,,,,can_baseline_s2,can,baseline,2,,,
10000,0.07312770001590248,,,,,,,,can_baseline_s2,can,baseline,2,,,
15000,0.07172501571476456,,,,,,,,can_baseline_s2,can,baseline,2,,,
20000,0.062318287556990946,,,,,,,,can_baseline_s2,can,baseline,2,,,
25000,0.05271515226922925,,,,,,,,can_baseline_s2,can,baseline,2,,,
30000,0.0503759221360087,,,,,,,,can_baseline_s2,can,baseline,2,,,
35000,0.04861277071759097,,,,,,,,can_baseline_s2,can,baseline,2,,,
40000,0.048169684596359674,,,,,,,,can_baseline_s2,can,baseline,2,,,
45000,0.04571909802034493,,,,,,,,can_baseline_s2,can,baseline,2,,,
50000,0.043160184286534724,,,,,,,,can_baseline_s2,can,baseline,2,,,
55000,0.042451012181118075,,,,,,,,can_baseline_s2,can,baseline,2,,,
60000,0.04322733059525484,,,,,,,,can_baseline_s2,can,baseline,2,,,
65000,0.04256381895393125,,,,,,,,can_baseline_s2,can,baseline,2,,,
70000,0.04109777933917935,,,,,,,,can_baseline_s2,can,baseline,2,,,
75000,0.0406363753229379,,,,,,,,can_baseline_s2,can,baseline,2,,,
80000,0.03926258101128037,,,,,,,,can_baseline_s2,can,baseline,2,,,
85000,0.038445781776681495,,,,,,,,can_baseline_s2,can,baseline,2,,,
90000,0.03769560046494,,,,,,,,can_baseline_s2,can,baseline,2,,,
95000,0.03784092967398463,,,,,,,,can_baseline_s2,can,baseline,2,,,
100000,0.038198426412418454,,,,,,,,can_baseline_s2,can,baseline,2,,,
105000,0.03756621889770026,,,,,,,,can_baseline_s2,can,baseline,2,,,
110000,0.03754083854146295,,,,,,,,can_baseline_s2,can,baseline,2,,,
115000,0.03757100775837895,,,,,,,,can_baseline_s2,can,baseline,2,,,
120000,0.037495140777900775,,,,,,,,can_baseline_s2,can,baseline,2,,,
125000,0.03747705179266628,,,,,,,,can_baseline_s2,can,baseline,2,,,
130000,0.03726732535287733,,,,,,,,can_baseline_s2,can,baseline,2,,,
135000,0.03744224723428484,,,,,,,,can_baseline_s2,can,baseline,2,,,
140000,0.0388656123541295,,,,,,,,can_baseline_s2,can,baseline,2,,,
145000,0.03876684387214475,,,,,,,,can_baseline_s2,can,baseline,2,,,
150000,0.03861468476243313,,,,,,,,can_baseline_s2,can,baseline,2,,,
155000,0.0386096903122961,,,,,,,,can_baseline_s2,can,baseline,2,,,
160000,0.03776739896275098,,,,,,,,can_baseline_s2,can,baseline,2,,,
165000,0.037844222150742964,,,,,,,,can_baseline_s2,can,baseline,2,,,
170000,0.0375177312176674,,,,,,,,can_baseline_s2,can,baseline,2,,,
175000,0.036576710641384076,,,,,,,,can_baseline_s2,can,baseline,2,,,
180000,0.03618864319287235,,,,,,,,can_baseline_s2,can,baseline,2,,,
185000,0.036025878135114875,,,,,,,,can_baseline_s2,can,baseline,2,,,
190000,0.0363691457547247,,,,,,,,can_baseline_s2,can,baseline,2,,,
195000,0.036884652972221335,,,,,,,,can_baseline_s2,can,baseline,2,,,
200000,0.0363176556769758,,,,,,,,can_baseline_s2,can,baseline,2,,,
205000,0.03592789978720243,,,,,,,,can_baseline_s2,can,baseline,2,,,
210000,0.03539799507707355,,,,,,,,can_baseline_s2,can,baseline,2,,,
215000,0.0361993711441755,,,,,,,,can_baseline_s2,can,baseline,2,,,
220000,0.0358340606093406,,,,,,,,can_baseline_s2,can,baseline,2,,,
225000,0.03526054527610536,,,,,,,,can_baseline_s2,can,baseline,2,,,
230000,0.03455330133438105,,,,,,,,can_baseline_s2,can,baseline,2,,,
235000,0.03371511246077712,,,,,,,,can_baseline_s2,can,baseline,2,,,
240000,0.03329766630195075,,,,,,,,can_baseline_s2,can,baseline,2,,,
245000,0.03281978303566568,,,,,,,,can_baseline_s2,can,baseline,2,,,
250000,0.03283076547086235,,,,,,,,can_baseline_s2,can,baseline,2,,,
255000,0.032740045860409676,,,,,,,,can_baseline_s2,can,baseline,2,,,
260000,0.032145671499893023,,,,,,,,can_baseline_s2,can,baseline,2,,,
265000,0.0323190255090594,,,,,,,,can_baseline_s2,can,baseline,2,,,
270000,0.03179667391814287,,,,,,,,can_baseline_s2,can,baseline,2,,,
275000,0.0316961120814085,,,,,,,,can_baseline_s2,can,baseline,2,,,
0,0.38007509317249055,,,,,,,,can_baseline_s3,can,baseline,3,,,
5000,0.10226048855111,,,,,,,,can_baseline_s3,can,baseline,3,,,
10000,0.08472427139058702,,,,,,,,can_baseline_s3,can,baseline,3,,,
15000,0.07803563019260762,,,,,,,,can_baseline_s3,can,baseline,3,,,
20000,0.06868657907471054,,,,,,,,can_baseline_s3,can,baseline,3,,,
25000,0.06853915266692633,,,,,,,,can_baseline_s3,can,baseline,3,,,
30000,0.06596314266324038,,,,,,,,can_baseline_s3,can,baseline,3,,,
35000,0.062084551015868725,,,,,,,,can_baseline_s3,can,baseline,3,,,
40000,0.06012601577676827,,,,,,,,can_baseline_s3,can,baseline,3,,,
45000,0.05575872617773708,,,,,,,,can_baseline_s3,can,baseline,3,,,
50000,0.054228112800046746,,,,,,,,can_baseline_s3,can,baseline,3,,,
55000,0.05329616069793695,,,,,,,,can_baseline_s3,can,baseline,3,,,
60000,0.05125909030437462,,,,,,,,can_baseline_s3,can,baseline,3,,,
65000,0.0493703640531748,,,,,,,,can_baseline_s3,can,baseline,3,,,
70000,0.049281578604131925,,,,,,,,can_baseline_s3,can,baseline,3,,,
75000,0.04805557604879136,,,,,,,,can_baseline_s3,can,baseline,3,,,
80000,0.047232354898005674,,,,,,,,can_baseline_s3,can,baseline,3,,,
85000,0.04739858061075208,,,,,,,,can_baseline_s3,can,baseline,3,,,
90000,0.04795134295709425,,,,,,,,can_baseline_s3,can,baseline,3,,,
95000,0.04756576726213095,,,,,,,,can_baseline_s3,can,baseline,3,,,
100000,0.0468012854456901,,,,,,,,can_baseline_s3,can,baseline,3,,,
105000,0.046702725887298534,,,,,,,,can_baseline_s3,can,baseline,3,,,
110000,0.0460056889802217,,,,,,,,can_baseline_s3,can,baseline,3,,,
115000,0.045856541208922824,,,,,,,,can_baseline_s3,can,baseline,3,,,
120000,0.04534031543880695,,,,,,,,can_baseline_s3,can,baseline,3,,,
125000,0.04523878940381105,,,,,,,,can_baseline_s3,can,baseline,3,,,
130000,0.04402440073899923,,,,,,,,can_baseline_s3,can,baseline,3,,,
135000,0.04409025296568864,,,,,,,,can_baseline_s3,can,baseline,3,,,
140000,0.04462630841881032,,,,,,,,can_baseline_s3,can,baseline,3,,,
145000,0.044610910536721296,,,,,,,,can_baseline_s3,can,baseline,3,,,
150000,0.045248311106115525,,,,,,,,can_baseline_s3,can,baseline,3,,,
155000,0.045536413276568,,,,,,,,can_baseline_s3,can,baseline,3,,,
160000,0.045185366785153724,,,,,,,,can_baseline_s3,can,baseline,3,,,
165000,0.046012610495090464,,,,,,,,can_baseline_s3,can,baseline,3,,,
170000,0.045230722846463275,,,,,,,,can_baseline_s3,can,baseline,3,,,
175000,0.04479036293923853,,,,,,,,can_baseline_s3,can,baseline,3,,,
180000,0.04481410463340577,,,,,,,,can_baseline_s3,can,baseline,3,,,
185000,0.04519945979118342,,,,,,,,can_baseline_s3,can,baseline,3,,,
190000,0.04429031750187275,,,,,,,,can_baseline_s3,can,baseline,3,,,
195000,0.044378471411764556,,,,,,,,can_baseline_s3,can,baseline,3,,,
200000,0.043689531506970476,,,,,,,,can_baseline_s3,can,baseline,3,,,
205000,0.04445818495005365,,,,,,,,can_baseline_s3,can,baseline,3,,,
210000,0.044666947936639154,,,,,,,,can_baseline_s3,can,baseline,3,,,
215000,0.043752842536196074,,,,,,,,can_baseline_s3,can,baseline,3,,,
220000,0.042862132983282175,,,,,,,,can_baseline_s3,can,baseline,3,,,
225000,0.042623982802033375,,,,,,,,can_baseline_s3,can,baseline,3,,,
230000,0.04289594707079228,,,,,,,,can_baseline_s3,can,baseline,3,,,
235000,0.043324684305116504,,,,,,,,can_baseline_s3,can,baseline,3,,,
240000,0.04358094031922515,,,,,,,,can_baseline_s3,can,baseline,3,,,
245000,0.04229704695753745,,,,,,,,can_baseline_s3,can,baseline,3,,,
250000,0.04231983823701735,,,,,,,,can_baseline_s3,can,baseline,3,,,
255000,0.04260517664253708,,,,,,,,can_baseline_s3,can,baseline,3,,,
260000,0.04211342227645215,,,,,,,,can_baseline_s3,can,baseline,3,,,
265000,0.04221607265062625,,,,,,,,can_baseline_s3,can,baseline,3,,,
270000,0.04215399012900885,,,,,,,,can_baseline_s3,can,baseline,3,,,
275000,0.0427303088828921,,,,,,,,can_baseline_s3,can,baseline,3,,,
0,0.37879068888723844,-15.4559965133667,113.64102745056152,0.532882422208786,0.2793822027742862,0.11181641183793545,-0.1960547715425491,0.0,can_baseline_s4,can,baseline,4,15.4559965133667,,
5000,0.0957341178320348,-1.2111707925796509,66.70639896392822,0.6025781333446503,0.7341267913579941,0.2056710496544838,-0.42144227772951126,0.0,can_baseline_s4,can,baseline,4,1.2111707925796509,,
10000,0.08534200247377158,0.9059280827641487,3.059678614139557,0.6128380000591278,0.7962139397859573,0.219377800822258,-0.4621699452400207,0.0,can_baseline_s4,can,baseline,4,-0.9059280827641487,,
15000,0.0958711307495832,0.14958875998854637,-14.480443716049194,0.6093387752771378,0.7817074060440063,0.2139020711183548,-0.4404323697090149,0.0,can_baseline_s4,can,baseline,4,-0.14958875998854637,,
20000,0.09026227956637735,0.5014455169439316,-11.415501356124878,0.6188694983720779,0.8049409091472626,0.2272949293255806,-0.4183126389980316,0.0,can_baseline_s4,can,baseline,4,-0.5014455169439316,,
25000,0.08380993986502283,1.2491597905755043,-7.307161450386047,0.6223161071538925,0.8239127546548843,0.2357003428041935,-0.4170660078525543,0.0,can_baseline_s4,can,baseline,4,-1.2491597905755043,,
30000,0.07963306061923502,-0.1562088131904602,-4.547322988510132,0.6130297660827637,0.7923521757125854,0.22539063394069672,-0.4079333901405334,0.0,can_baseline_s4,can,baseline,4,0.1562088131904602,,
35000,0.0783478520810604,0.11671192198991776,-8.504352033138275,0.6146734654903412,0.7969201356172562,0.2226911373436451,-0.4191969186067581,0.0,can_baseline_s4,can,baseline,4,-0.11671192198991776,,
40000,0.07553098592907186,0.42853886634111404,-9.016815185546875,0.6176609098911285,0.8046301752328873,0.2279575988650322,-0.4158628582954407,0.0,can_baseline_s4,can,baseline,4,-0.42853886634111404,,
45000,0.07610969711095089,0.8356296271085739,-9.346014380455017,0.6246891766786575,0.8129554092884064,0.2361886277794838,-0.4049360975623131,0.0,can_baseline_s4,can,baseline,4,-0.8356296271085739,,
50000,0.07477552723139519,-0.030013613402843475,-10.465293645858765,0.618609607219696,0.7951401621103287,0.2257603332400322,-0.40665141493082047,0.0,can_baseline_s4,can,baseline,4,0.030013613402843475,,
55000,0.07408647779375313,0.20952858403325078,-5.796065628528595,0.6158812344074249,0.7990946471691132,0.2259347215294838,-0.4170665144920349,0.0,can_baseline_s4,can,baseline,4,-0.20952858403325078,,
60000,0.06911080643534656,0.7920264482498169,-13.719302940368653,0.6209984183311462,0.8135880470275879,0.233928582072258,-0.4181969821453094,0.0,can_baseline_s4,can,baseline,4,-0.7920264482498169,,
65000,0.06462857592850921,-0.11019670963287355,-17.143102169036865,0.6171271055936813,0.7939393073320389,0.2241211049258709,-0.420078381896019,0.0,can_baseline_s4,can,baseline,4,0.11019670963287355,,
70000,0.061024285387247745,0.33744622021913523,-20.19434118270874,0.6189504265785217,0.8039730489253998,0.2292829379439354,-0.4212118312716484,0.0,can_baseline_s4,can,baseline,4,-0.33744622021913523,,
75000,0.059497320745140275,0.2446220181882381,-27.873239994049072,0.618866041302681,0.797664612531662,0.2271554246544838,-0.4203256741166114,0.0,can_baseline_s4,can,baseline,4,-0.2446220181882381,,
80000,0.0597883749287575,-0.1307574920356274,-29.402167320251465,0.6148012280464172,0.7918739765882492,0.2240862250328064,-0.4151790142059326,0.0,can_baseline_s4,can,baseline,4,0.1307574920356274,,
85000,0.05989244617521758,-0.15216079354286194,-27.85309886932373,0.6162228435277939,0.78964763879776,0.2254115603864193,-0.40953924506902695,0.0,can_baseline_s4,can,baseline,4,0.15216079354286194,,
90000,0.058743724413216084,0.41832744479179385,-28.410379791259764,0.6205175399780274,0.8037024021148682,0.22745536565780639,-0.4175378859043121,0.0,can_baseline_s4,can,baseline,4,-0.41832744479179385,,
95000,0.056712866807356425,0.3989168182015419,-27.17046356201172,0.6221565008163452,0.8016747832298279,0.2279924787580967,-0.4158937633037567,0.0,can_baseline_s4,can,baseline,4,-0.3989168182015419,,
100000,0.056047098990529724,0.6670527905225754,-32.4356803894043,0.621875062584877,0.8061363250017166,0.2320731170475483,-0.41763435304164886,0.0,can_baseline_s4,can,baseline,4,-0.6670527905225754,,
105000,0.05497584664262827,0.1651737540960312,-31.220414638519287,0.6211753338575363,0.7981034219264984,0.2253766842186451,-0.4161741137504577,0.0,can_baseline_s4,can,baseline,4,-0.1651737540960312,,
110000,0.05380965075455602,0.2907067835330963,-35.04325580596924,0.6216762363910675,0.7936972677707672,0.2309570424258709,-0.4125480130314827,0.0,can_baseline_s4,can,baseline,4,-0.2907067835330963,,
115000,0.052946588536724404,-0.5797970220446587,-33.3053092956543,0.6150416433811188,0.7818482667207718,0.2195173092186451,-0.4111866354942322,0.0,can_baseline_s4,can,baseline,4,0.5797970220446587,,
120000,0.05238102737814184,-0.0393460750579834,-33.3680362701416,0.6191060662269592,0.7869285106658935,0.2265904128551483,-0.4169492244720459,0.0,can_baseline_s4,can,baseline,4,0.0393460750579834,,
0,0.3798073839396238,-14.76517629623413,112.95672035217285,0.5382132083177567,0.32222241908311844,0.1211983859539032,-0.20738735049962992,0.0,can_baseline_s5,can,baseline,5,14.76517629623413,,
5000,0.08938452322036022,-3.6297269016504288,59.104689598083496,0.5861849933862686,0.6741146296262741,0.1797921434044838,-0.4142446294426918,0.0,can_baseline_s5,can,baseline,5,3.6297269016504288,,
10000,0.07021616045385595,0.4581664800643921,-11.155978918075562,0.5904776304960251,0.7462800741195679,0.186837337911129,-0.5492771863937378,0.0,can_baseline_s5,can,baseline,5,-0.4581664800643921,,
15000,0.07996290810406205,0.40545899048447603,-37.14926242828369,0.6111949235200882,0.7836692631244659,0.2171107791364193,-0.457371212542057,0.0,can_baseline_s5,can,baseline,5,-0.40545899048447603,,
20000,0.06903389124199745,0.7358465269207954,-39.99801254272461,0.6132317036390305,0.8020607382059097,0.2260044738650322,-0.431141622364521,0.0,can_baseline_s5,can,baseline,5,-0.7358465269207954,,
25000,0.06451617977581915,0.8915632516145706,-37.923086166381836,0.6197758764028549,0.8200051188468933,0.2302246205508709,-0.4169011563062668,0.0,can_baseline_s5,can,baseline,5,-0.8915632516145706,,
30000,0.05748985018581147,0.34262900352478026,-33.80202941894531,0.617737102508545,0.8001541018486023,0.227483269572258,-0.4091178059577942,0.0,can_baseline_s5,can,baseline,5,-0.34262900352478026,,
35000,0.055229261657223076,-0.1583753153681755,-35.97979164123535,0.6143305897712708,0.7846639752388,0.2225167527794838,-0.4198506623506546,0.0,can_baseline_s5,can,baseline,5,0.1583753153681755,,
40000,0.0555774656590074,-0.11688562482595444,-37.32789134979248,0.6162845939397812,0.787969559431076,0.2233538031578064,-0.42212074995040894,0.0,can_baseline_s5,can,baseline,5,0.11688562482595444,,
45000,0.05389368166215715,0.11252080649137497,-37.38108539581299,0.6194779872894287,0.7992438524961472,0.2348632924258709,-0.3964293226599693,0.0,can_baseline_s5,can,baseline,5,-0.11252080649137497,,
50000,0.0545324087142944,-0.10876186937093738,-39.05058574676514,0.6152998805046082,0.7852869182825089,0.2214355580508709,-0.42010300606489176,0.0,can_baseline_s5,can,baseline,5,0.10876186937093738,,
55000,0.05492322389036412,0.31000910699367523,-35.05449676513672,0.6164814084768295,0.794531911611557,0.2265276350080967,-0.42504849284887314,0.0,can_baseline_s5,can,baseline,5,-0.31000910699367523,,
60000,0.05303076725453134,-0.2729125589132309,-34.79704132080078,0.6156266927719116,0.7935035109519959,0.22287947535514832,-0.41160477995872496,0.0,can_baseline_s5,can,baseline,5,0.2729125589132309,,
65000,0.04998513325117523,0.37782565504312515,-36.129756927490234,0.6197208166122437,0.8038075566291809,0.2313755713403225,-0.4111752137541771,0.0,can_baseline_s5,can,baseline,5,-0.37782565504312515,,
70000,0.04775991495698687,0.023179046809673302,-37.469828605651855,0.6159632802009583,0.7846290618181229,0.2224818766117096,-0.429689310491085,0.0,can_baseline_s5,can,baseline,5,-0.023179046809673302,,
75000,0.04861459899693722,-0.08601751923561095,-39.88450813293457,0.6205825954675674,0.7882082760334015,0.227434441447258,-0.416299007833004,0.0,can_baseline_s5,can,baseline,5,0.08601751923561095,,
80000,0.04800619436427948,0.038626328110694885,-37.9261417388916,0.6138402372598648,0.778859481215477,0.2217145785689354,-0.425613671541214,0.0,can_baseline_s5,can,baseline,5,-0.038626328110694885,,
85000,0.046697441488504375,-0.2172395884990692,-35.32503795623779,0.6173753589391708,0.7840105295181274,0.2217843271791935,-0.4091612175107002,0.0,can_baseline_s5,can,baseline,5,0.2172395884990692,,
90000,0.046152645014226404,-0.061231470108032225,-36.04202651977539,0.618099057674408,0.7887139558792114,0.22215402722358704,-0.42458552718162534,0.0,can_baseline_s5,can,baseline,5,0.061231470108032225,,
95000,0.045396539196371974,0.0853476971387863,-36.2426061630249,0.6183596551418304,0.7824283242225647,0.2261439859867096,-0.4162944704294204,0.0,can_baseline_s5,can,baseline,5,-0.0853476971387863,,
100000,0.045937325805425575,0.30821800231933594,-37.48577308654785,0.6218780875205994,0.7938788533210754,0.2309919185936451,-0.4200884699821472,0.0,can_baseline_s5,can,baseline,5,-0.30821800231933594,,
105000,0.0464601774234324,-0.06306572258472445,-37.36815071105957,0.6212694942951202,0.7860506922006607,0.229387566447258,-0.4146930575370788,0.0,can_baseline_s5,can,baseline,5,0.06306572258472445,,
110000,0.04562361896969375,0.010804995894432061,-35.8742561340332,0.6176210194826126,0.7896776050329208,0.2264927551150322,-0.42321454733610153,0.0,can_baseline_s5,can,baseline,5,-0.010804995894432061,,
115000,0.0468942999374121,0.4496382996439934,-35.94407939910889,0.6253584623336792,0.8073421567678452,0.2333286926150322,-0.4142871648073196,0.0,can_baseline_s5,can,baseline,5,-0.4496382996439934,,
120000,0.04556807029992338,-0.4798713743686676,-31.07521629333496,0.6167310237884521,0.7737351536750794,0.22187501192092896,-0.41553922891616824,0.0,can_baseline_s5,can,baseline,5,0.4798713743686676,,
0,0.3664135184139013,-13.310905933380127,-4.0987860560417175,0.5453543961048126,0.41771142184734344,0.125069759786129,-0.2397880144417286,0.9016336547812588,can_calql_prefill_s1,can,calql_prefill,1,13.310905933380127,0.5860065052031462,2.4605730772018433
5000,0.09013387933373447,-2.560097396373749,-10.255028814077377,0.6096668094396591,0.7386562675237656,0.2096819281578064,-0.368210032582283,0.8861334000221388,can_calql_prefill_s1,can,calql_prefill,1,2.560097396373749,0.5419827167450921,1.1379467248916626
10000,0.06896655391901728,0.5661045536398888,-37.7414927482605,0.6294308453798294,0.8243903666734695,0.2416643500328064,-0.3756456673145294,0.8711570889447849,can_calql_prefill_s1,can,calql_prefill,1,-0.5661045536398888,0.4887160151205826,1.0441290438175201
15000,0.058724579121917427,0.521651029586792,-55.331908226013184,0.6307346522808075,0.8222721964120865,0.2395368367433548,-0.3779454231262207,0.8566785967910797,can_calql_prefill_s1,can,calql_prefill,1,-0.521651029586792,0.5195986869495288,0.8425166457891464
20000,0.053587373485788674,0.22362040355801582,-61.714786529541016,0.627593070268631,0.8278199285268784,0.241838738322258,-0.37234315276145935,0.8426735072787792,can_calql_prefill_s1,can,calql_prefill,1,-0.22362040355801582,0.5333844034314184,0.7537489235401154
25000,0.05195700936019415,0.0078076571226119995,-58.55618953704834,0.6280022412538528,0.8164920657873154,0.2418387345969677,-0.373913012444973,0.8291189751842606,can_calql_prefill_s1,can,calql_prefill,1,-0.0078076571226119995,0.5409499559711863,0.7158786356449127
30000,0.0501316581666469,0.16216529607772828,-57.08076629638672,0.628420376777649,0.8208312749862671,0.23610492050647736,-0.38578557372093203,0.8143916212247237,can_calql_prefill_s1,can,calql_prefill,1,-0.16216529607772828,0.5467511475712472,0.6938926458358765
35000,0.048226214805617874,0.40420809388160706,-56.08730125427246,0.6314487904310226,0.8298563361167908,0.2448381781578064,-0.3728441148996353,0.8001599416781973,can_calql_prefill_s1,can,calql_prefill,1,-0.40420809388160706,0.5438768105450827,0.6653866022825241
40000,0.048676576046273075,0.08106249570846558,-51.640193939208984,0.6304477155208588,0.8174334466457367,0.2454310990869999,-0.36633768677711487,0.7879286821904739,can_calql_prefill_s1,can,calql_prefill,1,-0.08106249570846558,0.5550661624511524,0.6440388858318329
45000,0.046216132491826975,0.11405816674232483,-49.45789813995361,0.6309450566768646,0.8170370161533356,0.2428850568830967,-0.3726250976324081,0.7760657338259286,can_calql_prefill_s1,can,calql_prefill,1,-0.11405816674232483,0.5640783273137542,0.6084036827087402
50000,0.04495958094485102,0.15659096091985703,-48.363224029541016,0.6312779933214188,0.8176331967115402,0.2410714365541935,-0.3714993223547935,0.7645547070300119,can_calql_prefill_s1,can,calql_prefill,1,-0.15659096091985703,0.5462942181196118,0.6132548302412033
55000,0.0430073442868888,0.03512722998857498,-46.01830291748047,0.6326024532318115,0.8199746757745743,0.2430245652794838,-0.36777340620756144,0.7533801704805436,can_calql_prefill_s1,can,calql_prefill,1,-0.03512722998857498,0.5982689202132234,0.5364986658096313
60000,0.042937914840877,0.3200658142566681,-45.27537841796875,0.632854962348938,0.8259507179260254,0.24796318113803864,-0.3690632343292236,0.7412001374139843,can_calql_prefill_s1,can,calql_prefill,1,-0.3200658142566681,0.580532353163179,0.5537003517150879
65000,0.042820609593763874,0.1842022016644478,-45.31620693206787,0.6320507228374481,0.8147677928209305,0.2444196566939354,-0.36901273578405375,0.7293937644995804,can_calql_prefill_s1,can,calql_prefill,1,-0.1842022016644478,0.5674976627357676,0.5583458542823792
70000,0.042237750859931075,0.4145479518920183,-41.50461483001709,0.634078174829483,0.8208646178245544,0.2453962154686451,-0.3691235780715942,0.7192165753454234,can_calql_prefill_s1,can,calql_prefill,1,-0.4145479518920183,0.5886774169061694,0.5334162265062332
75000,0.04253762615844602,0.23589980229735383,-41.253668785095215,0.6318860352039337,0.8181684166193008,0.2430245690047741,-0.3776889145374298,0.7093194856483516,can_calql_prefill_s1,can,calql_prefill,1,-0.23589980229735383,0.5659479018861509,0.567603662610054
80000,0.04225562461651858,0.1235580313950776,-40.35591983795166,0.6290079653263092,0.8113065510988235,0.2387695461511612,-0.3824714720249176,0.6996910887467526,can_calql_prefill_s1,can,calql_prefill,1,-0.1235580313950776,0.5732344200037379,0.5537139922380447
85000,0.042574778385460324,0.548651771619916,-40.03672409057617,0.6331226825714111,0.8247225284576416,0.2482910305261612,-0.3814736604690552,0.6903205890532564,can_calql_prefill_s1,can,calql_prefill,1,-0.548651771619916,0.5695992616130091,0.5631435215473175
90000,0.04203794486820696,-0.2094159930944443,-37.963392639160155,0.6311257958412171,0.8097546339035034,0.24193639755249025,-0.37073661088943477,0.6800798835063337,can_calql_prefill_s1,can,calql_prefill,1,0.2094159930944443,0.5440101214754887,0.5744313955307007
95000,0.041326722037047126,-0.15272816270589828,-35.523818016052246,0.6306192576885223,0.8133145123720169,0.2409319281578064,-0.3719343319535255,0.6701278003611019,can_calql_prefill_s1,can,calql_prefill,1,0.15272816270589828,0.5816397502986674,0.5303349196910858
100000,0.04058560817502435,0.8078763410449028,-35.951663970947266,0.6319647431373596,0.8203495293855667,0.2424665316939354,-0.3841347247362137,0.6615275587780353,can_calql_prefill_s1,can,calql_prefill,1,-0.8078763410449028,0.5699857566203579,0.5338761061429977
105000,0.040742524061351974,0.24448201060295108,-34.02196264266968,0.6305370032787323,0.8171051144599915,0.2451869510114193,-0.3828900009393692,0.6531452692418841,can_calql_prefill_s1,can,calql_prefill,1,-0.24448201060295108,0.5611231309311807,0.5456925630569458
110000,0.03989334446378048,0.29487524926662445,-34.41185760498047,0.6319743692874908,0.8211033642292023,0.2455357238650322,-0.37712863087654114,0.6449727501321119,can_calql_prefill_s1,can,calql_prefill,1,-0.29487524926662445,0.5624446997125958,0.5330754965543747
115000,0.039112414373084874,-0.2377127632498741,-36.33773326873779,0.62781922519207,0.807504191994667,0.2385254018008709,-0.3741886243224144,0.637002224274678,can_calql_prefill_s1,can,calql_prefill,1,0.2377127632498741,0.5711839149828413,0.5082911550998688
120000,0.040249943509697864,-0.5758854568004608,-34.90735702514648,0.6243194699287414,0.7921245098114014,0.23473773300647735,-0.3773461818695068,0.6282720061682567,can_calql_prefill_s1,can,calql_prefill,1,0.5758854568004608,0.5835608095542545,0.5093818724155426
0,0.36138021927326913,-12.022626876831055,-41.581841468811035,0.5536637604236603,0.4549378901720047,0.13699777238070965,-0.255914457142353,0.9016336547812588,can_calql_prefill_s2,can,calql_prefill,2,12.022626876831055,0.6195744085062783,2.440516322851181
5000,0.09129080343991512,-3.1864978075027466,-23.199819564819336,0.6038082987070084,0.7344340085983276,0.2039271853864193,-0.3615973442792892,0.8861334000221388,can_calql_prefill_s2,can,calql_prefill,2,3.1864978075027466,0.5436485735722763,1.1493848264217377
10000,0.07470985967665908,-0.2572661563754081,-38.261613845825195,0.6254863739013672,0.8139881491661072,0.2396065965294838,-0.3701053708791733,0.8711570889447849,can_calql_prefill_s2,can,calql_prefill,2,0.2572661563754081,0.5352428498403666,1.0277428776025772
15000,0.064889952680096,0.030087627470493317,-42.83933162689209,0.6293969005346298,0.814791202545166,0.2413504533469677,-0.3700422868132591,0.8566785967910797,can_calql_prefill_s2,can,calql_prefill,2,-0.030087627470493317,0.5382865207156486,0.8857064843177795
20000,0.05752034196630115,0.26995477825403214,-46.11183261871338,0.6291348487138748,0.821294292807579,0.2416992299258709,-0.3733362779021263,0.8426735072787792,can_calql_prefill_s2,can,calql_prefill,2,-0.26995477825403214,0.5363636270564892,0.7957963645458221
25000,0.05418339334428308,0.008418146520853015,-45.80843734741211,0.6310986429452896,0.8161664456129074,0.244524285197258,-0.36259064823389053,0.8291189751842606,can_calql_prefill_s2,can,calql_prefill,2,-0.008418146520853015,0.5727111517726934,0.6924140155315399
30000,0.04996167946606872,-0.5900902301073074,-44.52608413696289,0.6285833239555358,0.8126501560211181,0.23638394176959993,-0.3623569905757904,0.8143916212247237,can_calql_prefill_s2,can,calql_prefill,2,0.5900902301073074,0.5811656308331112,0.6332050681114196
35000,0.04828300764784212,0.02165621519088745,-46.724578857421875,0.6296467781066895,0.8169709146022797,0.2405831590294838,-0.3737357333302498,0.8001599416781973,can_calql_prefill_s2,can,calql_prefill,2,-0.02165621519088745,0.5638237564752768,0.6374674141407013
40000,0.04805714450776573,-0.5092730671167374,-41.55922985076904,0.6279255896806717,0.8038690090179443,0.2385602816939354,-0.3661114349961281,0.7879286821904739,can_calql_prefill_s2,can,calql_prefill,2,0.5092730671167374,0.5715367253636274,0.6191753596067429
45000,0.0463552824687212,0.029085721820592894,-42.60416030883789,0.6298761367797852,0.8210349082946777,0.2423967756330967,-0.3714210242033005,0.7760657338259286,can_calql_prefill_s2,can,calql_prefill,2,-0.029085721820592894,0.5734893236185291,0.6026077568531036
50000,0.04647114700637753,0.3091948851943016,-41.998483657836914,0.6330360621213913,0.8306667804718018,0.2458844967186451,-0.3731324598193168,0.7645547070300119,can_calql_prefill_s2,can,calql_prefill,2,-0.3091948851943016,0.5753937775794153,0.6055400669574738
55000,0.045163870556279975,-0.048838399350643186,-40.57082653045654,0.6327699273824692,0.8213479369878769,0.2451520785689354,-0.3692871034145355,0.7533801704805436,can_calql_prefill_s2,can,calql_prefill,2,0.048838399350643186,0.5916735084508216,0.5671108067035675
60000,0.0446431570872664,0.15153069496154786,-38.653646087646486,0.6325271487236023,0.820004940032959,0.24461497068405152,-0.36876848340034485,0.7412001374139843,can_calql_prefill_s2,can,calql_prefill,2,-0.15153069496154786,0.5918451299825158,0.5616554379463196
65000,0.04479744937270878,-0.34042172878980637,-36.867045402526855,0.6284971088171005,0.8101686239242554,0.2382812649011612,-0.3710773438215256,0.7293937644995804,can_calql_prefill_s2,can,calql_prefill,2,0.34042172878980637,0.6033927478508524,0.5502186864614487
70000,0.04297332488931713,0.13153220713138583,-36.896538734436035,0.631115511059761,0.8299217224121094,0.243966244161129,-0.37396200746297836,0.7192165753454234,can_calql_prefill_s2,can,calql_prefill,2,-0.13153220713138583,0.607259896427343,0.5356134623289108
75000,0.041927831107750474,-0.04469536617398262,-34.781715393066406,0.6325594931840897,0.8158173710107803,0.2471749596297741,-0.3656080663204193,0.7093194856483516,can_calql_prefill_s2,can,calql_prefill,2,0.04469536617398262,0.5942914355788207,0.5225952565670013
80000,0.04254946177825328,0.29133176803588867,-34.56734371185303,0.6354153752326965,0.8218293637037277,0.2467913068830967,-0.3729498013854027,0.6996910887467526,can_calql_prefill_s2,can,calql_prefill,2,-0.29133176803588867,0.5997317751289999,0.5339846611022949
85000,0.0437408783473074,0.14440272748470306,-36.017910957336426,0.6351931542158127,0.8233024626970291,0.2468261830508709,-0.3657618388533592,0.6903205890532564,can_calql_prefill_s2,can,calql_prefill,2,-0.14440272748470306,0.6159086209044073,0.5288601815700531
90000,0.04311926960945124,-0.05551663041114807,-31.792041015625,0.6338752746582031,0.8194639921188355,0.24344308972358703,-0.3695869386196136,0.6800798835063337,can_calql_prefill_s2,can,calql_prefill,2,0.05551663041114807,0.6120064288755855,0.5271521210670471
95000,0.04217121251858765,-0.2501833289861679,-31.963054180145264,0.6312753707170486,0.8071433901786804,0.2425362840294838,-0.3666350245475769,0.6701278003611019,can_calql_prefill_s2,can,calql_prefill,2,0.2501833289861679,0.5949344128205684,0.5177458822727203
100000,0.041637235134839974,0.23784451931715012,-31.259108066558838,0.6318782567977905,0.8253750950098038,0.243059441447258,-0.3748187348246574,0.6615275587780353,can_calql_prefill_s2,can,calql_prefill,2,-0.23784451931715012,0.6031209752566613,0.5189859569072723
105000,0.04093045406043527,0.1488226242363453,-31.724846839904785,0.6314125955104828,0.8122377693653107,0.2425014041364193,-0.37422775477170944,0.6531452692418841,can_calql_prefill_s2,can,calql_prefill,2,-0.1488226242363453,0.6027142143214692,0.5040052831172943
110000,0.04070839202031487,-0.08681832253932961,-31.9080867767334,0.6276674717664719,0.8107866048812866,0.2392578236758709,-0.3757333382964134,0.6449727501321119,can_calql_prefill_s2,can,calql_prefill,2,0.08681832253932961,0.6196186085993471,0.48818881809711456
115000,0.04000919274985785,-0.061251066625118235,-33.76778030395508,0.632731482386589,0.8138325959444046,0.2419084869325161,-0.3713306188583374,0.637002224274678,can_calql_prefill_s2,can,calql_prefill,2,0.061251066625118235,0.6027869967530497,0.4954143986105919
120000,0.039614090584218456,0.22720988690853122,-33.42044448852539,0.6316797614097596,0.8155192255973815,0.24609376192092897,-0.378523588180542,0.6282720061682567,can_calql_prefill_s2,can,calql_prefill,2,-0.22720988690853122,0.5746222610199812,0.519617086648941
0,0.3688700748607516,-14.055957794189453,-29.47023320198059,0.5435817986726761,0.38858921825885767,0.12081473879516125,-0.2248556576669216,0.9016336547812588,can_calql_prefill_s3,can,calql_prefill,3,14.055957794189453,0.6070837851533584,2.3228076696395874
5000,0.08362475736066692,-3.5826196670532235,-20.47040581703186,0.6029215455055237,0.7173898220062256,0.2058105580508709,-0.34716765582561493,0.8861334000221388,can_calql_prefill_s3,can,calql_prefill,3,3.5826196670532235,0.5530484693571955,0.9892804324626923
10000,0.06121293450705705,0.2137189842760563,-39.64181900024414,0.6287392973899841,0.8257120847702026,0.2414202131330967,-0.3707731887698173,0.8711570889447849,can_calql_prefill_s3,can,calql_prefill,3,-0.2137189842760563,0.5211409063850876,0.8824696987867355
15000,0.06208217982202765,0.7341915965080261,-49.43352031707764,0.6319110691547394,0.8282169550657272,0.2485700398683548,-0.37142881751060486,0.8566785967910797,can_calql_prefill_s3,can,calql_prefill,3,-0.7341915965080261,0.5387257623686841,0.8510290235280991
20000,0.0613369552418589,-0.09870572388172148,-50.0652379989624,0.629113033413887,0.8139459937810898,0.2394322082400322,-0.3719993159174919,0.8426735072787792,can_calql_prefill_s3,can,calql_prefill,3,0.09870572388172148,0.5416038903061615,0.8407855927944183
25000,0.05497173834592098,0.33167726173996925,-48.29931640625,0.6327993124723434,0.8343953639268875,0.2472098283469677,-0.3674320802092552,0.8291189751842606,can_calql_prefill_s3,can,calql_prefill,3,-0.33167726173996925,0.566537246122099,0.7275319695472717
30000,0.05045691814273592,0.14269073009490968,-49.54130630493164,0.6344911932945252,0.8262086510658264,0.24673550426959992,-0.36145795583724977,0.8143916212247237,can_calql_prefill_s3,can,calql_prefill,3,-0.14269073009490968,0.5905386121145743,0.6298289656639099
35000,0.04687778889201577,-0.19253139942884445,-49.57794666290283,0.6316633522510529,0.8200488984584808,0.2406180314719677,-0.36806685477495193,0.8001599416781973,can_calql_prefill_s3,can,calql_prefill,3,0.19253139942884445,0.5860254779575153,0.5953624099493027
40000,0.0445748798549175,-0.59129573777318,-45.12363052368164,0.6251919567584991,0.8072127252817154,0.2348632961511612,-0.36995188146829605,0.7879286821904739,can_calql_prefill_s3,can,calql_prefill,3,0.59129573777318,0.6003979357558419,0.5522208511829376
45000,0.043714663246646475,-0.0596754662692547,-44.13525390625,0.6351620256900787,0.8266857713460922,0.2465122863650322,-0.36710992455482483,0.7760657338259286,can_calql_prefill_s3,can,calql_prefill,3,0.0596754662692547,0.5895736469281292,0.5560782849788666
50000,0.04438617615960533,0.2690502889454365,-42.972886085510254,0.6344634592533112,0.8278054744005203,0.2484305314719677,-0.3616664707660675,0.7645547070300119,can_calql_prefill_s3,can,calql_prefill,3,-0.2690502889454365,0.5941327572565502,0.5519485026597977
55000,0.042651959648355775,0.6544601172208786,-42.15822887420654,0.6358473598957062,0.8342500925064087,0.2483607828617096,-0.37036734819412226,0.7533801704805436,can_calql_prefill_s3,can,calql_prefill,3,-0.6544601172208786,0.5849927477112137,0.5483313351869583
60000,0.04221105672419066,0.017015665769577026,-40.93804092407227,0.6327010750770569,0.8214312076568604,0.24363840520381927,-0.3728488445281982,0.7412001374139843,can_calql_prefill_s3,can,calql_prefill,3,-0.017015665769577026,0.5938998901106299,0.5325856447219849
65000,0.04212637995369727,0.13568878173828117,-41.40867519378662,0.6349284946918488,0.8235895186662674,0.2459542527794838,-0.36567721515893936,0.7293937644995804,can_calql_prefill_s3,can,calql_prefill,3,-0.13568878173828117,0.63533577774579,0.49281689524650574
70000,0.040999497473239846,0.025048263370990753,-39.728928565979004,0.6290700137615204,0.8139830529689789,0.2434779740869999,-0.36944407969713206,0.7192165753454234,can_calql_prefill_s3,can,calql_prefill,3,-0.025048263370990753,0.606857768385258,0.49922408163547516
75000,0.04131452762521795,-0.07766250893473628,-40.36134719848633,0.627090647816658,0.8184310048818588,0.2370256818830967,-0.38005004078149796,0.7093194856483516,can_calql_prefill_s3,can,calql_prefill,3,0.07766250893473628,0.5846410016990853,0.5328328609466553
80000,0.04048369270749385,-0.2336697094142437,-38.98002052307129,0.6271410137414932,0.8043808490037918,0.235735222697258,-0.3809038624167442,0.6996910887467526,can_calql_prefill_s3,can,calql_prefill,3,0.2336697094142437,0.5801167748290909,0.5184191763401031
85000,0.04169194633141157,-0.7275238186120987,-36.31362438201904,0.6286101341247559,0.7979261130094528,0.2386300340294838,-0.3600412160158157,0.6903205890532564,can_calql_prefill_s3,can,calql_prefill,3,0.7275238186120987,0.5726609268734865,0.5271400809288025
90000,0.04086745925247664,0.2133265256881714,-37.605770111083984,0.6299524068832397,0.814234709739685,0.24335938692092896,-0.37497692704200747,0.6800798835063337,can_calql_prefill_s3,can,calql_prefill,3,-0.2133265256881714,0.5810232115369303,0.5203736424446106
95000,0.03999803420156235,0.19877424463629723,-36.62235736846924,0.6319352984428406,0.8202253431081772,0.2428850531578064,-0.3747899457812309,0.6701278003611019,can_calql_prefill_s3,can,calql_prefill,3,-0.19877424463629723,0.5910921885918633,0.5050432458519936
100000,0.0394056138116866,-0.03704243153333662,-39.569016456604004,0.6316971927881241,0.8117678463459015,0.2451171949505806,-0.3676869571208954,0.6615275587780353,can_calql_prefill_s3,can,calql_prefill,3,0.03704243153333662,0.5675446301759224,0.5123912692070007
105000,0.0375600833445787,-0.12825737148523336,-36.937201499938965,0.6294467151165009,0.8110577911138535,0.2410016842186451,-0.3780321478843689,0.6531452692418841,can_calql_prefill_s3,can,calql_prefill,3,0.12825737148523336,0.5715339711300137,0.4897524267435074
110000,0.03797815768048163,0.05171876400709152,-36.21072292327881,0.6279698014259338,0.8124711066484451,0.2368512935936451,-0.37870678305625916,0.6449727501321119,can_calql_prefill_s3,can,calql_prefill,3,-0.05171876400709152,0.5834218912034534,0.48359663039445877
115000,0.038433929020538875,0.2924901861697436,-34.814690589904785,0.6296555548906326,0.8155217468738556,0.2415597215294838,-0.38324268162250513,0.637002224274678,can_calql_prefill_s3,can,calql_prefill,3,-0.2924901861697436,0.5840430293140753,0.4953022301197052
120000,0.03800939742475744,-0.5014263570308686,-33.644161987304685,0.6263291239738464,0.8034326553344726,0.23610492050647736,-0.37579938769340515,0.6282720061682567,can_calql_prefill_s3,can,calql_prefill,3,0.5014263570308686,0.5882611741416381,0.4793506622314453
0,0.3755635978654027,-12.855703353881836,-11.599820852279663,0.5499850958585739,0.4300302714109421,0.13319615833461285,-0.23059628903865811,0.0,can_calql_s1,can,calql,1,12.855703353881836,0.6040170284740933,2.4999091625213623
5000,0.09485062425956127,-2.727990970015526,9.803680658340454,0.6090871691703796,0.7443645894527435,0.2142159715294838,-0.35599010437726974,0.0,can_calql_s1,can,calql,1,2.727990970015526,0.531073551618268,1.223410725593567
10000,0.07045938745141027,-0.18839895725250244,-5.784984290599823,0.6190630346536636,0.7965268343687057,0.222063347697258,-0.40231435000896454,0.0,can_calql_s1,can,calql,1,0.18839895725250244,0.49499236444147654,1.0762188285589218
15000,0.06270280876196915,0.8631402961909771,-14.06314158439636,0.6286102533340454,0.824917733669281,0.2400251254439354,-0.40046610683202744,0.0,can_calql_s1,can,calql,1,-0.8631402961909771,0.49634409841385047,0.9674616008996964
20000,0.060718068620189976,0.28766324557363987,-16.644208431243896,0.62442846596241,0.8080807477235794,0.2310616746544838,-0.4004317745566368,0.0,can_calql_s1,can,calql,1,-0.28766324557363987,0.5126296578884441,0.9055901020765305
25000,0.05669804206117985,-0.12526507303118709,-18.685984134674072,0.6245508641004562,0.7949691563844681,0.2323521338403225,-0.3971952944993973,0.0,can_calql_s1,can,calql,1,0.12526507303118709,0.515389203568485,0.8366574496030807
30000,0.05710895411670204,-0.3807196855545044,-19.714301681518556,0.6210309505462647,0.7923778176307679,0.22873885035514832,-0.3963915169239044,0.0,can_calql_s1,can,calql,1,0.3807196855545044,0.5090655652829094,0.8505873918533325
35000,0.056252566585317174,0.11434577032923696,-22.959014415740967,0.6261962354183197,0.8066067546606064,0.2372349426150322,-0.39065223187208176,0.0,can_calql_s1,can,calql,1,-0.11434577032923696,0.5087868028809257,0.8361706286668777
40000,0.05540306419134133,0.056634647771716146,-23.93343496322632,0.6239066869020462,0.8039208203554153,0.2380371205508709,-0.3900989890098572,0.0,can_calql_s1,can,calql,1,-0.056634647771716146,0.507869815632745,0.8227321207523346
45000,0.05288978563621637,-0.14865145832300186,-25.46618127822876,0.6255141645669937,0.8019022047519684,0.2312360592186451,-0.3944405764341354,0.0,can_calql_s1,can,calql,1,0.14865145832300186,0.5100153232923837,0.787190854549408
50000,0.05004440583288665,-0.45199689269065857,-30.36760663986206,0.6186275780200958,0.7854662835597992,0.2236676998436451,-0.40034084767103195,0.0,can_calql_s1,can,calql,1,0.45199689269065857,0.5137573200655262,0.7309466600418091
55000,0.050119930971413804,-0.3140199407935142,-30.04994773864746,0.6202855855226517,0.7915401309728622,0.2294921986758709,-0.3999377116560936,0.0,can_calql_s1,can,calql,1,0.3140199407935142,0.4897641797542783,0.7701038867235184
60000,0.049425371140241606,-0.007245084643363953,-31.349642181396483,0.6200712084770202,0.7919552803039551,0.23052456080913544,-0.4055508852005005,0.0,can_calql_s1,can,calql,1,0.007245084643363953,0.48670734524184206,0.7757912993431091
65000,0.0470686567947268,-0.40678033232688915,-32.77795696258545,0.6190065443515778,0.7832779437303543,0.2256905771791935,-0.4024088680744171,0.0,can_calql_s1,can,calql,1,0.40678033232688915,0.49548574036720894,0.7154354602098465
70000,0.04760683332569893,0.4356006346642971,-34.017866134643555,0.6215704530477524,0.8043068200349808,0.2295619510114193,-0.40760426223278046,0.0,can_calql_s1,can,calql,1,-0.4356006346642971,0.48239013814952325,0.7576223164796829
75000,0.047256605327129324,0.0946788638830185,-35.30302143096924,0.622147262096405,0.8031280636787415,0.2317243404686451,-0.4026211872696876,0.0,can_calql_s1,can,calql,1,-0.0946788638830185,0.5010671797174753,0.7223233282566071
80000,0.04669364299625155,0.2483128234744072,-32.466139793395996,0.6210978031158447,0.8042456805706024,0.2320731170475483,-0.4124418795108795,0.0,can_calql_s1,can,calql,1,-0.2483128234744072,0.4837515585487444,0.749123215675354
85000,0.04600674146786325,-0.5158033296465874,-29.970324516296387,0.6154896020889282,0.7736528664827347,0.2242954894900322,-0.4087585136294365,0.0,can_calql_s1,can,calql,1,0.5158033296465874,0.478451348993922,0.7287062406539917
90000,0.04554520629346368,-0.19845680892467502,-31.636283111572265,0.619839072227478,0.7876553416252137,0.228264519572258,-0.40431315898895265,0.0,can_calql_s1,can,calql,1,0.19845680892467502,0.4726376827101707,0.7366947889328003
95000,0.045256121410056874,-0.19133477658033374,-31.08522367477417,0.61656154692173,0.7867942750453949,0.2273646853864193,-0.40981362015008926,0.0,can_calql_s1,can,calql,1,0.19133477658033374,0.49043514401584665,0.7017996311187744
100000,0.0451110464520752,-0.32258887961506844,-29.090620040893555,0.6163519024848938,0.7808467894792557,0.2258998416364193,-0.3943527266383171,0.0,can_calql_s1,can,calql,1,0.32258887961506844,0.5023337822159175,0.6664824783802032
105000,0.0438179593533277,-0.05215122550725937,-31.087547302246094,0.6183323860168457,0.7897881418466568,0.229875847697258,-0.40843623876571655,0.0,can_calql_s1,can,calql,1,0.05215122550725937,0.4818950271723408,0.694487988948822
110000,0.04293774948455387,0.15926259011030194,-31.099926948547363,0.6204746663570404,0.789268359541893,0.2283063754439354,-0.41008139401674265,0.0,can_calql_s1,can,calql,1,-0.15926259011030194,0.49066462285621704,0.6671686917543411
115000,0.043060333654284424,-0.06682404503226277,-32.52188968658447,0.6190241277217865,0.7826824933290482,0.2297014631330967,-0.40977445989847183,0.0,can_calql_s1,can,calql,1,0.06682404503226277,0.488533527438402,0.6651971340179443
120000,0.042717873454093905,-0.4204687595367432,-29.882860565185545,0.6151678919792175,0.7761569380760193,0.22148438394069672,-0.4142564654350281,0.0,can_calql_s1,can,calql,1,0.4204687595367432,0.4887052351736497,0.668547511100769
0,0.3770445583388209,-12.761263608932495,-11.412654876708984,0.5528479963541031,0.43777669966220856,0.13738142140209675,-0.22954735159873957,0.0,can_calql_s2,can,calql,2,12.761263608932495,0.634420062230802,2.3886010944843292
5000,0.0926444531418383,-3.1101509630680084,14.048753380775452,0.6042635440826416,0.7315994948148727,0.2084961049258709,-0.35256463289260864,0.0,can_calql_s2,can,calql,2,3.1101509630680084,0.5372492219162817,1.1565114557743073
10000,0.07311006756499408,-0.34682426229119295,-0.7694583535194403,0.6216607987880707,0.8044715374708176,0.2289341688156128,-0.3889318183064461,0.0,can_calql_s2,can,calql,2,0.34682426229119295,0.49114640874333915,1.118445873260498
15000,0.06195930624380702,0.12037679553031923,-5.232126772403717,0.6208517849445343,0.8061288744211197,0.2299804762005806,-0.40696001052856445,0.0,can_calql_s2,can,calql,2,-0.12037679553031923,0.48206928743925415,0.9869421422481537
20000,0.05552398134022948,-0.24247770756483078,-17.513325929641724,0.6198947727680206,0.7949969619512558,0.2265625111758709,-0.3956935852766037,0.0,can_calql_s2,can,calql,2,0.24247770756483078,0.48455813777161916,0.8602804094552994
25000,0.05090893362648782,0.05062536150217056,-26.512025833129883,0.6237420290708542,0.801220566034317,0.234026238322258,-0.39244069904088974,0.0,can_calql_s2,can,calql,2,-0.05062536150217056,0.49654439723712107,0.7646682560443878
30000,0.04884283684194084,-0.02750915884971621,-27.48345832824707,0.6203101277351379,0.7990245819091797,0.22882255613803865,-0.4006106197834015,0.0,can_calql_s2,can,calql,2,0.02750915884971621,0.4987585433408411,0.7398459792137146
35000,0.047608617413789,0.2167508900165558,-31.423563480377197,0.6229248195886612,0.8050238788127899,0.2324218861758709,-0.40742000192403793,0.0,can_calql_s2,can,calql,2,-0.2167508900165558,0.4841351918046172,0.7537812739610672
40000,0.04823944354429835,0.34050312638282776,-32.436646461486816,0.6218637079000473,0.8056487739086151,0.2317940965294838,-0.41417235136032104,0.0,can_calql_s2,can,calql,2,-0.34050312638282776,0.5000805887105082,0.7430538237094879
45000,0.04698757142759857,0.6568187102675438,-32.100711822509766,0.6246015131473541,0.8121158927679062,0.2336774654686451,-0.41696812957525253,0.0,can_calql_s2,can,calql,2,-0.6568187102675438,0.5178804031867885,0.7029471546411514
50000,0.045929232193157025,0.033513933420181274,-31.45574426651001,0.6193171441555023,0.7936566472053528,0.225969597697258,-0.4157362952828407,0.0,can_calql_s2,can,calql,2,-0.033513933420181274,0.48172403101665917,0.7290888726711273
55000,0.046130139846354674,-0.08066884428262713,-33.36643123626709,0.6187759637832642,0.791098490357399,0.2266322672367096,-0.41799405962228775,0.0,can_calql_s2,can,calql,2,0.08066884428262713,0.5001555767472051,0.7081045210361481
60000,0.0469148031622171,0.7478271186351776,-32.148180389404295,0.6234371066093445,0.8159051060676574,0.23557478487491607,-0.4136644184589386,0.0,can_calql_s2,can,calql,2,-0.7478271186351776,0.5084291979202086,0.7175488829612732
65000,0.04579941355623303,-0.5412703603506089,-30.336884021759033,0.6156277656555176,0.7841502577066422,0.2235979475080967,-0.4101182222366333,0.0,can_calql_s2,can,calql,2,0.5412703603506089,0.5091308085541356,0.6822315901517868
70000,0.04577993694692847,0.47807109728455544,-31.135193824768066,0.6232355386018753,0.8078237026929855,0.2325265184044838,-0.41347161680459976,0.0,can_calql_s2,can,calql,2,-0.47807109728455544,0.5155023407562385,0.6896615922451019
75000,0.045371034136041946,-0.5199766457080841,-31.994775772094727,0.6201572120189667,0.7840122580528259,0.2257952131330967,-0.3972223103046417,0.0,can_calql_s2,can,calql,2,0.5199766457080841,0.49559155178526915,0.6868337690830231
80000,0.0460933800321072,0.3479691818356514,-31.734169960021973,0.6237669587135315,0.7964156568050385,0.2307129055261612,-0.40981201082468033,0.0,can_calql_s2,can,calql,2,-0.3479691818356514,0.4788517195796152,0.729625478386879
85000,0.046620040852576476,-0.09054527431726456,-31.60952615737915,0.6215115636587143,0.7947931587696075,0.2269461564719677,-0.4012627974152565,0.0,can_calql_s2,can,calql,2,0.09054527431726456,0.4973087196122883,0.7100201994180679
90000,0.04620781544595954,0.08072336912155154,-33.735094451904295,0.6193250894546509,0.7966415166854859,0.22633929848670958,-0.41656004190444945,0.0,can_calql_s2,can,calql,2,-0.08072336912155154,0.46623844190581387,0.7688215017318726
95000,0.0446406232658773,0.003926798701286316,-33.96820831298828,0.6169105470180511,0.7865747362375259,0.2234235629439354,-0.4189611002802849,0.0,can_calql_s2,can,calql,2,-0.003926798701286316,0.4838900146176388,0.7057676911354065
100000,0.0433412537910044,0.23062985390424728,-31.192195892333984,0.6175323873758316,0.7880430221557617,0.2268764078617096,-0.4201771393418312,0.0,can_calql_s2,can,calql,2,-0.23062985390424728,0.47458120262756776,0.6987808644771576
105000,0.0420702930074185,-0.22303050383925438,-31.04804754257202,0.6203994005918503,0.7798527926206589,0.219377800822258,-0.4117381051182747,0.0,can_calql_s2,can,calql,2,0.22303050383925438,0.48526841852524055,0.6547778248786926
110000,0.0419205254875123,0.6439984664320946,-35.40392017364502,0.6214614808559418,0.8014136105775833,0.2290736697614193,-0.42230615764856333,0.0,can_calql_s2,can,calql,2,-0.6439984664320946,0.4679422332409797,0.6969936341047287
115000,0.041285235248506025,-0.3943832367658615,-34.292903900146484,0.6168065816164017,0.7805038690567017,0.2244349978864193,-0.40462230145931244,0.0,can_calql_s2,can,calql,2,0.3943832367658615,0.4574555644555554,0.6793179512023926
120000,0.04166832134127612,0.07990158200263975,-33.25386390686035,0.6189327359199523,0.7851026654243469,0.226116082072258,-0.41527633666992186,0.0,can_calql_s2,can,calql,2,-0.07990158200263975,0.4843522456921705,0.6539587855339051
0,0.37514643818140025,-13.154904842376709,-8.068760395050049,0.5510448813438416,0.41820327192544937,0.13218471594154835,-0.2247805520892143,0.0,can_calql_s3,can,calql,3,13.154904842376709,0.6114637534814911,2.4222283363342285
5000,0.09803256085142488,-2.463770054280758,16.705395936965942,0.6087305247783661,0.7416806071996689,0.2119140699505806,-0.3597462624311447,0.0,can_calql_s3,can,calql,3,2.463770054280758,0.5153421400461093,1.2989907562732697
10000,0.07111613973975175,0.30431389808654785,5.546635329723358,0.6227350831031799,0.8028656393289566,0.2330845482647419,-0.4031016677618027,0.0,can_calql_s3,can,calql,3,-0.30431389808654785,0.49500974407997955,1.0816665291786194
15000,0.06444659195840352,0.5852600336074829,-8.262765407562256,0.6246541440486908,0.8126304000616074,0.2365374006330967,-0.4013480693101883,0.0,can_calql_s3,can,calql,3,-0.5852600336074829,0.48145436907700256,1.0224063694477081
20000,0.06376933692954477,0.10438158363103867,-9.328278303146362,0.6241395622491837,0.8184974044561386,0.2376883514225483,-0.39219600707292557,0.0,can_calql_s3,can,calql,3,-0.10438158363103867,0.5010629462137717,0.9795660972595215
25000,0.059038683446124146,0.20391340553760529,-15.831744909286499,0.6269171088933945,0.8147254288196564,0.2392578236758709,-0.3855261579155922,0.0,can_calql_s3,can,calql,3,-0.20391340553760529,0.5248217678512885,0.8478408604860306
30000,0.057835006304085224,0.12580670714378356,-20.034861946105956,0.6238153457641602,0.8066771745681762,0.23155693113803863,-0.40156200528144836,0.0,can_calql_s3,can,calql,3,-0.12580670714378356,0.5035238654168102,0.8757575511932373
35000,0.05336287003010508,-0.45779322087764734,-22.355602741241455,0.6225191801786423,0.7961550056934357,0.2284458838403225,-0.39607733488082886,0.0,can_calql_s3,can,calql,3,0.45779322087764734,0.4938363098543862,0.8155849277973175
40000,0.0508829386439174,-0.3939782604575157,-23.37715721130371,0.6211026161909103,0.7947100251913071,0.2281319871544838,-0.39213260263204575,0.0,can_calql_s3,can,calql,3,0.3939782604575157,0.5059188053338086,0.7580601871013641
45000,0.0498315520584583,0.33012375235557556,-25.552928924560547,0.6284039169549942,0.8146750181913376,0.2405831590294838,-0.4004492312669754,0.0,can_calql_s3,can,calql,3,-0.33012375235557556,0.5095320101151126,0.7519010603427887
50000,0.04995815888978537,0.2567296326160431,-24.78216552734375,0.6244750618934631,0.8064513653516769,0.2341308705508709,-0.4001786857843399,0.0,can_calql_s3,can,calql,3,-0.2567296326160431,0.5143537460178268,0.7391460835933685
55000,0.05074809556826945,0.34097129851579666,-27.51769208908081,0.6259968876838684,0.809266671538353,0.2353864498436451,-0.3989638611674309,0.0,can_calql_s3,can,calql,3,-0.34097129851579666,0.5179012015761957,0.7483300566673279
60000,0.05082124020904296,-0.06678028106689453,-25.6359001159668,0.6223234415054322,0.7973599433898926,0.23504465520381929,-0.40085082650184634,0.0,can_calql_s3,can,calql,3,0.06678028106689453,0.5021901133331814,0.7706074357032776
65000,0.04909867872484022,-0.07931824773550035,-26.37689208984375,0.6194348633289337,0.8035339862108231,0.2263183705508709,-0.40964970737695694,0.0,can_calql_s3,can,calql,3,0.07931824773550035,0.49587887601766484,0.7693351060152054
70000,0.047572122653946225,0.40962648391723633,-24.952638626098633,0.6196520775556564,0.8028344810009003,0.2282714955508709,-0.4108254164457321,0.0,can_calql_s3,can,calql,3,-0.40962648391723633,0.49282217582371324,0.7404556721448898
75000,0.04809988802298898,-0.3614763393998146,-27.85901641845703,0.6195061504840851,0.7858593612909317,0.2287597768008709,-0.3997824862599373,0.0,can_calql_s3,can,calql,3,0.3614763393998146,0.4856005469708373,0.746069997549057
80000,0.04769958578981452,0.22064881771802902,-29.60378360748291,0.6230939030647278,0.8043336421251297,0.2350376807153225,-0.39998570084571833,0.0,can_calql_s3,can,calql,3,-0.22064881771802902,0.4912183858927093,0.7399030327796936
85000,0.048152136988937826,-0.03781398758292201,-29.99644660949707,0.6217335164546967,0.794122576713562,0.2305036410689354,-0.40202564001083374,0.0,can_calql_s3,can,calql,3,0.03781398758292201,0.4791085539744506,0.7619144469499588
90000,0.04843940850347274,0.3458543121814728,-29.706935119628906,0.6229366660118103,0.802429711818695,0.233928582072258,-0.40623428821563723,0.0,can_calql_s3,can,calql,3,-0.3458543121814728,0.46967120404318924,0.7870550751686096
95000,0.04773380015976725,-0.10775936208665368,-29.587134838104248,0.6214707493782043,0.7969682365655899,0.2282366193830967,-0.40060692280530924,0.0,can_calql_s3,can,calql,3,0.10775936208665368,0.4886955911277567,0.7410356551408768
100000,0.047207340644672496,-0.33838118612766266,-27.573701858520508,0.6196566373109818,0.7859334200620651,0.2276088260114193,-0.40232282131910324,0.0,can_calql_s3,can,calql,3,0.33838118612766266,0.5078662231797998,0.7051090747117996
105000,0.04707494820468125,-0.12928634136915204,-29.430145263671875,0.6196258068084717,0.7921207845211029,0.2290039174258709,-0.40620288252830505,0.0,can_calql_s3,can,calql,3,0.12928634136915204,0.49486290808089145,0.7212287187576294
110000,0.0473072804510593,0.3942130431532859,-28.597474575042725,0.6220285296440125,0.7989990711212158,0.2331891842186451,-0.40382734686136246,0.0,can_calql_s3,can,calql,3,-0.3942130431532859,0.5069991009872068,0.7052278965711594
115000,0.04658873653970655,-0.49883050471544266,-29.979780673980713,0.6170181930065155,0.7766502052545547,0.2229004018008709,-0.40505118668079376,0.0,can_calql_s3,can,calql,3,0.49883050471544266,0.5072498686799531,0.6905164420604706
120000,0.04526976328343148,-0.09525977969169616,-28.131740188598634,0.6164092779159546,0.787712550163269,0.22845983505249023,-0.4111608564853668,0.0,can_calql_s3,can,calql,3,0.09525977969169616,0.4900737948004035,0.7056725978851318
0,0.3037728967145085,-12.396348476409912,-46.81913161277771,0.5539700090885162,0.45558637380599976,0.1365792490541935,-0.24178988486528397,0.0,can_calql_t12i_s1,can,calql_t12i,1,12.396348476409912,0.6755857392019203,2.105764925479889
5000,0.21202327013015743,-12.02027416229248,17.561680018901825,0.5583207160234451,0.46067563444375986,0.1391950398683548,-0.23873848840594286,0.0,can_calql_t12i_s1,can,calql_t12i,1,12.02027416229248,0.6944549734496908,1.4149438738822937
10000,0.25115903839468956,-11.418102741241455,52.454490661621094,0.5597735345363617,0.48105666041374207,0.1466238908469677,-0.24478852376341817,0.0,can_calql_t12i_s1,can,calql_t12i,1,11.418102741241455,0.7092638230557702,1.7011771500110626
15000,0.2889286901801824,-11.70769476890564,87.72985458374023,0.5594755262136459,0.47408610582351685,0.141915462911129,-0.24495710060000417,0.0,can_calql_t12i_s1,can,calql_t12i,1,11.70769476890564,0.6683741238404854,2.0533487200737
20000,0.32070392109453677,-12.072541952133179,117.53331756591797,0.5565341711044312,0.4631865471601486,0.1374860554933548,-0.2476555630564689,0.0,can_calql_t12i_s1,can,calql_t12i,1,12.072541952133179,0.6863556329090336,2.197682023048401
25000,0.34385843314230435,-12.378129243850708,139.18973541259766,0.5536538362503052,0.45066559314727783,0.1392647922039032,-0.23974810913205144,0.0,can_calql_t12i_s1,can,calql_t12i,1,12.378129243850708,0.6722341974875222,2.344161093235016
30000,0.36075718313455585,-11.9009578704834,156.31168212890626,0.5558554649353027,0.4619434654712677,0.1425502270460129,-0.24742729365825653,0.0,can_calql_t12i_s1,can,calql_t12i,1,11.9009578704834,0.6507158090568287,2.578373098373413
35000,0.38819286525249475,-11.724538326263428,178.20455932617188,0.559059739112854,0.458775095641613,0.1434500627219677,-0.24853499233722684,0.0,can_calql_t12i_s1,can,calql_t12i,1,11.724538326263428,0.649957100466869,2.759107768535614
40000,0.42068617418408394,-11.867697477340698,213.72525024414062,0.55552838742733,0.4536288306117058,0.1376604400575161,-0.25249602273106575,0.0,can_calql_t12i_s1,can,calql_t12i,1,11.867697477340698,0.6431348366494386,3.0299054384231567
45000,0.4469785030931234,-12.04860544204712,237.8884735107422,0.5541167557239532,0.44906800985336304,0.1411481648683548,-0.24972305819392202,0.0,can_calql_t12i_s1,can,calql_t12i,1,12.04860544204712,0.6501557052610389,3.132671594619751
50000,0.45729951635003085,-12.218510866165161,258.2392120361328,0.5515005141496658,0.4335784614086151,0.133928582072258,-0.25073277205228806,0.0,can_calql_t12i_s1,can,calql_t12i,1,12.218510866165161,0.6234443473624013,3.286633551120758
55000,0.45024671927094456,-12.046265363693237,263.67626190185547,0.5544251054525375,0.44323620200157166,0.1362304762005806,-0.2555144354701042,0.0,can_calql_t12i_s1,can,calql_t12i,1,12.046265363693237,0.6192486318832384,3.3175177574157715
60000,0.44860190004110334,-11.864250373840331,275.91420288085936,0.5537628531455994,0.4510635256767273,0.13878348767757415,-0.25736218094825747,0.0,can_calql_t12i_s1,can,calql_t12i,1,11.864250373840331,0.6218391753662823,3.333672380447388
65000,0.42032324671745297,-12.345157623291016,258.25736236572266,0.5501243770122528,0.43404444307088846,0.1337193176150322,-0.25368098914623255,0.0,can_calql_t12i_s1,can,calql_t12i,1,12.345157623291016,0.6074494605887363,3.1164990067481995
70000,0.38769851140677924,-11.985884666442871,238.72426986694336,0.5509421527385712,0.4384388104081154,0.1336495578289032,-0.2578672394156456,0.0,can_calql_t12i_s1,can,calql_t12i,1,11.985884666442871,0.5956139017957742,2.947396159172058
75000,0.3809569045901298,-11.893062829971313,219.61292266845703,0.5516512542963028,0.4479358419775962,0.1361607201397419,-0.2661493569612503,0.0,can_calql_t12i_s1,can,calql_t12i,1,11.893062829971313,0.5906256777182328,3.01883727312088
80000,0.3533747415989637,-12.397101402282715,208.94195938110352,0.5474058091640472,0.4290584623813629,0.1318708211183548,-0.26331156492233276,0.0,can_calql_t12i_s1,can,calql_t12i,1,12.397101402282715,0.5773300927876817,2.7709648609161377
85000,0.32689645923674104,-11.865768194198608,185.33173370361328,0.5530255287885666,0.43955785781145096,0.1365094929933548,-0.26394108682870865,0.0,can_calql_t12i_s1,can,calql_t12i,1,11.865768194198608,0.5860602989563418,2.54770427942276
90000,0.2842195743322372,-12.054155921936035,159.33753356933593,0.5523556113243103,0.43602094054222107,0.1325055867433548,-0.2666367530822754,0.0,can_calql_t12i_s1,can,calql_t12i,1,12.054155921936035,0.577439156246726,2.263619804382324
95000,0.2634400196373462,-11.660166025161743,131.37826919555664,0.5514102429151535,0.4527335464954376,0.1352539137005806,-0.2697138637304306,0.0,can_calql_t12i_s1,can,calql_t12i,1,11.660166025161743,0.5568083133604018,2.2168837785720825
100000,0.25053250845521685,-11.641125202178955,110.73465347290039,0.549771249294281,0.45014313608407974,0.1306501217186451,-0.2754773125052452,0.0,can_calql_t12i_s1,can,calql_t12i,1,11.641125202178955,0.5608386069653045,2.1082874536514282
105000,0.23336360920220606,-11.72299075126648,97.53980827331543,0.5535413026809692,0.4547029212117195,0.1360212154686451,-0.2728689834475517,0.0,can_calql_t12i_s1,can,calql_t12i,1,11.72299075126648,0.5672899815857623,1.965986430644989
110000,0.21862691976130005,-12.01638913154602,80.62993240356445,0.548381581902504,0.4481047019362449,0.133126400411129,-0.26902854442596436,0.0,can_calql_t12i_s1,can,calql_t12i,1,12.01638913154602,0.5618633949259862,1.8328821063041687
115000,0.20673576388508078,-12.161112070083618,68.74032783508301,0.5496665239334106,0.4409319460391998,0.1353934220969677,-0.2641913965344429,0.0,can_calql_t12i_s1,can,calql_t12i,1,12.161112070083618,0.5849598691611908,1.6421713531017303
120000,0.19431036546826358,-12.020314979553223,58.238251495361325,0.5498189330101013,0.4441060543060303,0.13281250596046448,-0.2678100228309631,0.0,can_calql_t12i_s1,can,calql_t12i,1,12.020314979553223,0.586663020413925,1.5576468467712403
0,0.3111436240375041,-11.680826663970947,-53.595885276794434,0.5626722127199173,0.47064224630594254,0.145089291036129,-0.23845659941434857,0.0,can_calql_t12i_s2,can,calql_t12i,2,11.680826663970947,0.6669020659884909,2.205196440219879
5000,0.20610737241804597,-11.995241165161133,9.381452441215515,0.5596095621585846,0.4738423451781273,0.1425083801150322,-0.23547284677624697,0.0,can_calql_t12i_s2,can,calql_t12i,2,11.995241165161133,0.6874721286711885,1.4287752509117126
10000,0.22179986480623481,-11.720540761947632,40.0723443031311,0.5622339397668839,0.475554957985878,0.142473503947258,-0.24313142150640485,0.0,can_calql_t12i_s2,can,calql_t12i,2,11.720540761947632,0.6918742417817726,1.5137941539287567
15000,0.23180140592157839,-12.216705322265625,62.04720878601074,0.5548790395259857,0.4550069570541382,0.140450619161129,-0.24127379804849622,0.0,can_calql_t12i_s2,can,calql_t12i,2,12.216705322265625,0.6608922679014623,1.601218730211258
20000,0.23414162565022703,-12.017467737197876,74.15776062011719,0.5580863952636719,0.4595113471150398,0.1400669701397419,-0.2423269115388393,0.0,can_calql_t12i_s2,can,calql_t12i,2,12.017467737197876,0.6769532386293056,1.5938368141651154
25000,0.22487759590148923,-12.247426271438599,71.97257041931152,0.5538228452205658,0.45798125118017197,0.1398228295147419,-0.24247491359710688,0.0,can_calql_t12i_s2,can,calql_t12i,2,12.247426271438599,0.6638455763337209,1.5610089302062988
30000,0.22715382814407342,-11.694243621826171,78.00775756835938,0.5572951197624206,0.47096751928329467,0.1412946492433548,-0.24850487411022187,0.0,can_calql_t12i_s2,can,calql_t12i,2,11.694243621826171,0.6597275879289647,1.6336479902267456
35000,0.21116964351385825,-11.966268539428711,74.58514404296875,0.552577868103981,0.45688221603631973,0.1376604437828064,-0.2503124848008155,0.0,can_calql_t12i_s2,can,calql_t12i,2,11.966268539428711,0.6587365043181701,1.4952413737773895
40000,0.20741704311221834,-11.999496936798096,67.39168167114258,0.5531853437423706,0.4587699621915817,0.1381835974752903,-0.2573741599917412,0.0,can_calql_t12i_s2,can,calql_t12i,2,11.999496936798096,0.6645268561732318,1.4841451048851013
45000,0.2038167130202055,-11.892360925674438,60.567155838012695,0.5573353618383408,0.46229858696460724,0.1394043043255806,-0.25361256301403046,0.0,can_calql_t12i_s2,can,calql_t12i,2,11.892360925674438,0.661679769302506,1.4591630697250366
50000,0.20243412666022773,-11.878549814224243,58.49324893951416,0.5541595220565796,0.4587631374597549,0.1405552513897419,-0.25572191923856735,0.0,can_calql_t12i_s2,can,calql_t12i,2,11.878549814224243,0.6415580755608233,1.4956580698490143
55000,0.20783831086009738,-11.663129329681396,60.90616703033447,0.5569735020399094,0.45912528783082956,0.140694759786129,-0.2618398740887642,0.0,can_calql_t12i_s2,can,calql_t12i,2,11.663129329681396,0.6247801862538296,1.5813007354736328
60000,0.22143715471029282,-12.271572685241699,68.67647399902344,0.5506722569465637,0.44200063347816465,0.13465402126312256,-0.25335704088211053,0.0,can_calql_t12i_s2,can,calql_t12i,2,12.271572685241699,0.6347230422159216,1.6057129383087159
65000,0.24188959728926418,-11.785074949264526,78.04028511047363,0.5529696345329285,0.4654513821005821,0.1374511793255806,-0.2588578015565872,0.0,can_calql_t12i_s2,can,calql_t12i,2,11.785074949264526,0.6465802554722438,1.7881414294242859
70000,0.2508961850777268,-12.070345878601074,85.3493766784668,0.5515044331550598,0.44690907746553415,0.1348702609539032,-0.25749457255005836,0.0,can_calql_t12i_s2,can,calql_t12i,2,12.070345878601074,0.6444791973798365,1.8196488916873932
75000,0.26044692769646643,-12.102131843566895,97.98146629333496,0.5537813007831573,0.44183080643415445,0.1377301961183548,-0.25473256409168243,0.0,can_calql_t12i_s2,can,calql_t12i,2,12.102131843566895,0.6221513314521891,1.9057093262672422
80000,0.25818201825022696,-12.110657930374146,101.61328125,0.551094651222229,0.44414960592985153,0.1341727152466774,-0.26292604953050613,0.0,can_calql_t12i_s2,can,calql_t12i,2,12.110657930374146,0.6233094039295484,1.922232061624527
85000,0.24934858623892067,-11.822838544845581,104.81150436401367,0.5517805814743042,0.44954608380794525,0.1328473836183548,-0.26940014958381653,0.0,can_calql_t12i_s2,can,calql_t12i,2,11.822838544845581,0.6114596685394318,1.9466083943843842
90000,0.24473691388964652,-12.105546951293945,98.01032867431641,0.5486867666244507,0.4398325741291046,0.13275670409202575,-0.2667178630828857,0.0,can_calql_t12i_s2,can,calql_t12i,2,12.105546951293945,0.595152359031248,1.928583526611328
95000,0.23574606794863937,-11.731333255767822,94.19905281066895,0.5506278872489929,0.4512009993195534,0.1331264041364193,-0.27273253351449966,0.0,can_calql_t12i_s2,can,calql_t12i,2,11.731333255767822,0.5789057086288603,1.9469520449638367
100000,0.2414798045530915,-11.74182629585266,91.22516441345215,0.5493989288806915,0.4476596638560295,0.1311035193502903,-0.275623582303524,0.0,can_calql_t12i_s2,can,calql_t12i,2,11.74182629585266,0.5885636975571269,1.976225107908249
105000,0.23926152978092433,-12.007259368896484,94.25366401672363,0.5476646423339844,0.43584756553173065,0.1268136203289032,-0.27206186950206757,0.0,can_calql_t12i_s2,can,calql_t12i,2,12.007259368896484,0.5697190228390961,1.951321452856064
110000,0.23828931618481874,-12.084923267364502,92.36396408081055,0.5460769981145859,0.4401451349258423,0.127022884786129,-0.27291550487279886,0.0,can_calql_t12i_s2,can,calql_t12i,2,12.084923267364502,0.586533276574935,1.9075505435466766
115000,0.23495615441352125,-11.988910436630249,85.58192253112793,0.54859459400177,0.4333736374974251,0.1324637308716774,-0.2708985731005668,0.0,can_calql_t12i_s2,can,calql_t12i,2,11.988910436630249,0.6021153511035722,1.802356630563736
120000,0.23325850039720533,-12.200106430053712,83.17558441162109,0.546448016166687,0.4328277468681335,0.12798549681901933,-0.2739095032215118,0.0,can_calql_t12i_s2,can,calql_t12i,2,12.200106430053712,0.579648393498021,1.8705360651016236
0,0.31529615893959995,-11.92664361000061,-44.745104789733894,0.5590829104185104,0.46853598952293396,0.1446358934044838,-0.2376854047179222,0.0,can_calql_t12i_s3,can,calql_t12i,3,11.92664361000061,0.6447933402532678,2.292786091566086
5000,0.23328260444104668,-11.907363653182983,19.553079307079315,0.5602357536554337,0.47546567767858505,0.1414620615541935,-0.2376175671815872,0.0,can_calql_t12i_s3,can,calql_t12i,3,11.907363653182983,0.7047027587346204,1.5713753700256348
10000,0.2517966333776712,-11.707066059112549,64.05434703826904,0.5630829930305481,0.47426567971706385,0.1463448703289032,-0.2383475005626678,0.0,can_calql_t12i_s3,can,calql_t12i,3,11.707066059112549,0.6972198183950487,1.6847510933876038
15000,0.28123809583485126,-11.944677591323853,89.6760139465332,0.5579836368560791,0.46443022042512894,0.1395786888897419,-0.24356333166360852,0.0,can_calql_t12i_s3,can,calql_t12i,3,11.944677591323853,0.6837195616267079,1.9058829545974731
20000,0.30454626791179173,-11.58973240852356,123.23849487304688,0.560233011841774,0.4724067598581314,0.1406250074505806,-0.25406961515545845,0.0,can_calql_t12i_s3,can,calql_t12i,3,11.58973240852356,0.6966336818472684,2.0743241608142853
25000,0.3314539510756731,-12.136027574539185,152.7706184387207,0.5529913902282715,0.4566692635416984,0.1369977705180645,-0.2500123344361782,0.0,can_calql_t12i_s3,can,calql_t12i,3,12.136027574539185,0.6432765358427694,2.38268506526947
30000,0.365918293595314,-11.71189079284668,185.67632751464845,0.5574233889579773,0.4620750188827515,0.1426897406578064,-0.2530749350786209,0.0,can_calql_t12i_s3,can,calql_t12i,3,11.71189079284668,0.6801198309226705,2.509891176223755
35000,0.3745973546057939,-12.079750299453735,213.1623764038086,0.5561214685440063,0.4493703544139862,0.1380440890789032,-0.25208992883563036,0.0,can_calql_t12i_s3,can,calql_t12i,3,12.079750299453735,0.6557217761062838,2.6079182028770447
40000,0.3838304806500673,-11.739827632904053,224.75801086425778,0.5541794300079346,0.4611479789018631,0.1398925855755806,-0.2542029395699501,0.0,can_calql_t12i_s3,can,calql_t12i,3,11.739827632904053,0.6493232360235452,2.7417978048324585
45000,0.38487090133130547,-11.731660604476929,239.2065658569336,0.5594858378171921,0.45768463611602783,0.1436593271791935,-0.25455882772803307,0.0,can_calql_t12i_s3,can,calql_t12i,3,11.731660604476929,0.6536490308671086,2.7441123127937317
50000,0.3696173429489135,-11.763188362121582,232.0635108947754,0.5523156970739365,0.4581809192895889,0.1366490013897419,-0.2602981254458427,0.0,can_calql_t12i_s3,can,calql_t12i,3,11.763188362121582,0.6151114616209034,2.7901571393013
55000,0.35603702217340466,-12.050360441207886,226.65312957763672,0.5513851642608643,0.44608805328607554,0.1353236697614193,-0.25626877695322037,0.0,can_calql_t12i_s3,can,calql_t12i,3,12.050360441207886,0.6249234500458596,2.6089932918548584
60000,0.3371225038170814,-12.205172729492187,217.13068237304688,0.5491183042526245,0.43695308566093444,0.13571429550647734,-0.2629311919212341,0.0,can_calql_t12i_s3,can,calql_t12i,3,12.205172729492187,0.6151184533341026,2.504037284851074
65000,0.33194509223103524,-11.489067554473877,210.93856048583984,0.5545521527528763,0.4581080228090286,0.1377650760114193,-0.2706916406750679,0.0,can_calql_t12i_s3,can,calql_t12i,3,11.489067554473877,0.6187683473332608,2.539898991584778
70000,0.3392704267054796,-11.487187147140503,205.21122360229492,0.5518790185451508,0.44936362653970713,0.136300228536129,-0.2643763497471809,0.0,can_calql_t12i_s3,can,calql_t12i,3,11.487187147140503,0.6140361573110714,2.55141144990921
75000,0.3326302297413349,-11.904959917068481,199.36503219604492,0.549425333738327,0.44153299182653427,0.1330217719078064,-0.27050139755010605,0.0,can_calql_t12i_s3,can,calql_t12i,3,11.904959917068481,0.5951608273786871,2.6092678904533386
80000,0.3068787343800068,-12.394958972930908,184.99089813232422,0.5475280582904816,0.4259148240089416,0.12956892512738705,-0.2628048285841942,0.0,can_calql_t12i_s3,can,calql_t12i,3,12.394958972930908,0.5893280601992273,2.3524217009544373
85000,0.292543625459075,-11.913922786712646,170.71159744262695,0.5505338460206985,0.4421858862042427,0.1370675265789032,-0.2616805136203766,0.0,can_calql_t12i_s3,can,calql_t12i,3,11.913922786712646,0.5695344322781613,2.3800145387649536
90000,0.26783059418201444,-12.108258819580078,150.3324005126953,0.5470157623291015,0.43051541447639463,0.13381697237491608,-0.26949301958084104,0.0,can_calql_t12i_s3,can,calql_t12i,3,12.108258819580078,0.5851690181654204,2.1013848304748537
95000,0.2490585139021277,-12.060142993927002,127.74248313903809,0.5485837608575821,0.44051606953144073,0.1328125074505806,-0.26424720138311386,0.0,can_calql_t12i_s3,can,calql_t12i,3,12.060142993927002,0.5637432213028273,2.047864615917206
100000,0.227147439494729,-11.706356287002563,114.0733699798584,0.5537010133266449,0.4483893811702728,0.1359514556825161,-0.2685675993561744,0.0,can_calql_t12i_s3,can,calql_t12i,3,11.706356287002563,0.5785981233232919,1.839869648218155
105000,0.21941799279302354,-11.818197250366211,105.9101676940918,0.5498538613319397,0.4374925196170807,0.1340332105755806,-0.2757245451211929,0.0,can_calql_t12i_s3,can,calql_t12i,3,11.818197250366211,0.5641958944140035,1.8309746384620667
110000,0.21894419435411688,-12.16759705543518,100.67084503173828,0.5449120849370956,0.4273140802979469,0.12827846594154835,-0.2720635384321213,0.0,can_calql_t12i_s3,can,calql_t12i,3,12.16759705543518,0.5825842801884228,1.7241201400756836
115000,0.20554947368800636,-11.919204235076904,86.10326957702637,0.5491182953119278,0.4365131705999374,0.1316615603864193,-0.2714967206120491,0.0,can_calql_t12i_s3,can,calql_t12i,3,11.919204235076904,0.5843457982962432,1.6384017765522003
120000,0.19401986896991724,-11.86696491241455,79.21920776367188,0.5510210037231446,0.44839505553245546,0.1330636203289032,-0.27430871725082395,0.0,can_calql_t12i_s3,can,calql_t12i,3,11.86696491241455,0.5860240319353891,1.5814950466156006
0,0.3722812766209245,-13.419345140457153,-3.5455108880996695,0.5477952659130096,0.4091508984565735,0.128243587911129,-0.22423401102423662,0.0,can_cql_s1,can,cql,1,13.419345140457153,0.6469454637063223,2.1954217553138733
5000,0.09018324725329871,-2.8983061015605927,19.2398521900177,0.6080474257469177,0.733855590224266,0.2100655771791935,-0.3567759618163109,0.0,can_cql_s1,can,cql,1,2.8983061015605927,0.5616587544015677,1.0886663496494293
10000,0.069011147506535,0.17530520260334015,3.043777585029602,0.6240934133529663,0.8129752576351166,0.2346540316939354,-0.3817095160484314,0.0,can_cql_s1,can,cql,1,-0.17530520260334015,0.5336709153587138,0.9659681171178818
15000,0.06584157133474942,0.05726812779903412,-8.097159147262573,0.6271647810935974,0.8102631270885468,0.2340959943830967,-0.3882124423980713,0.0,can_cql_s1,can,cql,1,-0.05726812779903412,0.5076273266738387,0.9755909591913223
20000,0.06305852369405328,-0.17856736481189725,-11.327511310577393,0.622751384973526,0.7992389798164368,0.2263183705508709,-0.39899515360593796,0.0,can_cql_s1,can,cql,1,0.17856736481189725,0.5205651110328704,0.9161175936460495
25000,0.0582625749520957,-0.3083002381026745,-16.34172534942627,0.6228791624307632,0.8008520603179932,0.2312709391117096,-0.4006596505641937,0.0,can_cql_s1,can,cql,1,0.3083002381026745,0.5182309105309968,0.8554164320230484
30000,0.05382763434201474,-0.1294672429561615,-21.200231552124023,0.6214746832847595,0.8005413770675659,0.23091518878936768,-0.4032039105892181,0.0,can_cql_s1,can,cql,1,0.1294672429561615,0.5141729039543741,0.7929766058921814
35000,0.051709682494401873,-0.5897691994905472,-24.959275245666504,0.6171036660671234,0.786964014172554,0.2270507924258709,-0.3981594368815422,0.0,can_cql_s1,can,cql,1,0.5897691994905472,0.5046313718813497,0.7665993720293045
40000,0.05255616153590377,0.13187754899263385,-26.442401885986328,0.6225792169570923,0.8109865635633469,0.2309919223189354,-0.40355733036994934,0.0,can_cql_s1,can,cql,1,-0.13187754899263385,0.5092835650023309,0.7850433140993118
45000,0.050097734341397845,0.19247877970337876,-22.010944843292236,0.6241525411605835,0.8041021674871445,0.2317940965294838,-0.4076729342341423,0.0,can_cql_s1,can,cql,1,-0.19247877970337876,0.5047172179733477,0.756430134177208
50000,0.04914250755682585,0.312803439795971,-25.20056962966919,0.6222280710935593,0.8049846887588501,0.2320382334291935,-0.4075452014803886,0.0,can_cql_s1,can,cql,1,-0.312803439795971,0.5064874981955716,0.7382136881351471
55000,0.047931199474260174,0.4993287399411201,-24.554770469665527,0.6230670213699341,0.8070908486843109,0.2354213297367096,-0.4059537574648857,0.0,can_cql_s1,can,cql,1,-0.4993287399411201,0.49912617590467134,0.7277000397443771
60000,0.04721040222793814,-0.12919157743453985,-26.62924156188965,0.6202852725982666,0.804240369796753,0.2300502359867096,-0.40328999161720275,0.0,can_cql_s1,can,cql,1,0.12919157743453985,0.5085488756352444,0.7080548286437989
65000,0.0464470406994223,0.7809301316738129,-29.103512287139893,0.6280038803815842,0.8153491616249084,0.2378278598189354,-0.40951995551586146,0.0,can_cql_s1,can,cql,1,-0.7809301316738129,0.5132883619343211,0.6980803608894348
70000,0.0472386110108345,-0.001190885901451097,-26.033695697784424,0.6214373856782913,0.7831700593233109,0.2258300893008709,-0.4028498977422714,0.0,can_cql_s1,can,cql,1,0.001190885901451097,0.4905828641537597,0.7137474715709686
75000,0.04882220090366895,0.1132419407367706,-26.427973747253418,0.6217996180057526,0.7955759912729263,0.2306780256330967,-0.41082532703876495,0.0,can_cql_s1,can,cql,1,-0.1132419407367706,0.48912747949793084,0.7624334394931793
80000,0.0490170420147478,-0.2723197713494301,-24.828495979309082,0.6168011575937271,0.78492771089077,0.2238072082400322,-0.41652073711156845,0.0,can_cql_s1,can,cql,1,0.2723197713494301,0.5180440779843087,0.7219002991914749
85000,0.04982579401694233,0.29523440822958946,-23.791433811187744,0.6186416000127792,0.7933994382619858,0.2292480580508709,-0.41936425119638443,0.0,can_cql_s1,can,cql,1,-0.29523440822958946,0.5045843934729132,0.7564814686775208
90000,0.0498785592615604,-0.14038632512092591,-23.969855499267577,0.6176637172698974,0.7900854229927063,0.22550224363803864,-0.4131010055541992,0.0,can_cql_s1,can,cql,1,0.14038632512092591,0.47886220177217725,0.7914914727210999
95000,0.04793932135216888,-0.44906187802553177,-23.163978576660156,0.6166004091501236,0.7790963351726532,0.2189243920147419,-0.4140286222100258,0.0,can_cql_s1,can,cql,1,0.44906187802553177,0.4924188032766886,0.7385547608137131
100000,0.0464110748842358,0.6387051865458488,-25.814460277557373,0.6193981915712357,0.8037508875131607,0.228166863322258,-0.42329998314380646,0.0,can_cql_s1,can,cql,1,-0.6387051865458488,0.5001097212049395,0.7219637185335159
105000,0.04577381089329712,0.34992824494838715,-26.164865016937256,0.6225296854972839,0.8032815009355545,0.2316545881330967,-0.41471635550260544,0.0,can_cql_s1,can,cql,1,-0.34992824494838715,0.4866742906580051,0.7232551574707031
110000,0.044729422731325,-0.6424112841486931,-26.779451847076416,0.6145797967910767,0.7808472216129303,0.2208775244653225,-0.41070865839719767,0.0,can_cql_s1,can,cql,1,0.6424112841486931,0.4908645333956204,0.6904421001672745
115000,0.0425767843611538,0.3269098475575447,-27.95400619506836,0.6228487640619278,0.7995805889368057,0.2324567623436451,-0.41404800117015833,0.0,can_cql_s1,can,cql,1,-0.3269098475575447,0.5124830874409017,0.6366590708494186
120000,0.041449660398066,-0.2367624282836914,-25.907660675048827,0.6172999739646912,0.7873427391052246,0.22497210800647735,-0.41031715273857117,0.0,can_cql_s1,can,cql,1,0.2367624282836914,0.4910190380239327,0.6450395226478577
0,0.3610589662566781,-12.9359712600708,-21.607195556163788,0.5503245145082474,0.4351237788796425,0.13249860890209675,-0.2339679859578609,0.0,can_cql_s2,can,cql,2,12.9359712600708,0.6509467934437759,2.243932843208313
5000,0.0921294275671243,-1.867376908659935,3.9317389130592346,0.6156323403120041,0.7653604745864868,0.2190639041364193,-0.3618411421775818,0.0,can_cql_s2,can,cql,2,1.867376908659935,0.5603497383503744,1.1448470056056976
10000,0.07429010057821865,0.7754784151911736,-2.3196892738342285,0.6268935650587082,0.8279313147068024,0.2399553656578064,-0.3923260569572449,0.0,can_cql_s2,can,cql,2,-0.7754784151911736,0.5300867512746111,1.068171888589859
15000,0.06815751632675525,0.1172727942466736,-4.25626015663147,0.6251297891139984,0.8111175894737244,0.2349679209291935,-0.39347606897354126,0.0,can_cql_s2,can,cql,2,-0.1172727942466736,0.5196669467906597,0.9885318130254745
20000,0.060971803683787545,0.4189315363764763,-11.12805962562561,0.6277220547199249,0.8151569366455078,0.2353166975080967,-0.396436408162117,0.0,can_cql_s2,can,cql,2,-0.4189315363764763,0.530701732972269,0.875368058681488
25000,0.055207856185734226,0.8705473840236664,-17.989882230758667,0.6316427439451218,0.8229416459798813,0.2438616193830967,-0.3956923484802246,0.0,can_cql_s2,can,cql,2,-0.8705473840236664,0.5335762111829064,0.784112423658371
30000,0.049973736666142896,-0.22449269890785217,-23.217068481445313,0.6214060664176941,0.7998187780380249,0.22832032442092895,-0.3946888625621795,0.0,can_cql_s2,can,cql,2,0.22449269890785217,0.5206278164301311,0.7199267268180847
35000,0.046455622185021576,0.09147268533706668,-29.371746063232422,0.626672625541687,0.8098399341106415,0.2347935326397419,-0.38773083686828613,0.0,can_cql_s2,can,cql,2,-0.09147268533706668,0.5321609130358946,0.6565303206443787
40000,0.045661881472915375,0.1529238373041153,-28.30382013320923,0.6270294040441513,0.8029210418462753,0.2366769053041935,-0.39309636503458023,0.0,can_cql_s2,can,cql,2,-0.1529238373041153,0.5276499256824405,0.6483749598264694
45000,0.0456118448171764,-0.44104352593421936,-27.83939266204834,0.6213424503803253,0.795498862862587,0.229875847697258,-0.397652767598629,0.0,can_cql_s2,can,cql,2,0.44104352593421936,0.5186431608036712,0.6641058176755905
50000,0.04507311461493367,-0.03326389193534851,-27.997150897979736,0.6253274530172348,0.8015573620796204,0.2332589440047741,-0.3984615355730057,0.0,can_cql_s2,can,cql,2,0.03326389193534851,0.528981772809075,0.6433912068605423
55000,0.045602485584095076,0.3909229077398777,-28.637020587921143,0.6241184771060944,0.8057345449924469,0.2361188717186451,-0.4092435762286186,0.0,can_cql_s2,can,cql,2,-0.3909229077398777,0.5078511271883956,0.6886018663644791
60000,0.045084355250000915,-0.10714319944381714,-30.95425148010254,0.6213349342346192,0.800205647945404,0.22859933972358704,-0.40280460119247435,0.0,can_cql_s2,can,cql,2,0.10714319944381714,0.5141764957656082,0.6686053991317749
65000,0.0460050277411937,-0.2203192189335823,-30.284875869750977,0.6195778995752335,0.7936050146818161,0.2249581590294838,-0.4081375375390052,0.0,can_cql_s2,can,cql,2,0.2203192189335823,0.5213537622279012,0.6691448837518692
70000,0.046350178495049424,-0.0827927254140377,-30.2764573097229,0.6209341734647751,0.7981324046850204,0.2264578752219677,-0.40763814002275467,0.0,can_cql_s2,can,cql,2,0.0827927254140377,0.5020355207829983,0.707538053393364
75000,0.04672655845060938,0.33977077901363373,-30.758109092712406,0.6244412958621979,0.8089745342731476,0.2316894643008709,-0.4148183763027191,0.0,can_cql_s2,can,cql,2,-0.33977077901363373,0.5209336117330082,0.6924176812171936
80000,0.0453432837966829,-0.12294482067227364,-31.560837745666504,0.6204664707183838,0.7953837513923645,0.2262834943830967,-0.41077733039855957,0.0,can_cql_s2,can,cql,2,0.12294482067227364,0.5082367218443742,0.6848428845405579
85000,0.0449854389764368,-0.16683702915906906,-32.910624980926514,0.621359795331955,0.7911743372678757,0.2251674234867096,-0.41125409305095667,0.0,can_cql_s2,can,cql,2,0.16683702915906906,0.5011803457405802,0.68343585729599
90000,0.0443207016959786,-0.07971384525299073,-33.71233139038086,0.6208201289176941,0.7957966804504395,0.22882255613803865,-0.4015739977359772,0.0,can_cql_s2,can,cql,2,0.07971384525299073,0.5055758916449719,0.664125382900238
95000,0.043226051935926026,0.7591923028230667,-34.07625675201416,0.6249449253082275,0.8059913367033005,0.2356305941939354,-0.41216395795345306,0.0,can_cql_s2,can,cql,2,-0.7591923028230667,0.49099580989870456,0.6748136579990387
100000,0.04294449998997148,0.19015339016914368,-32.623746395111084,0.6204955726861954,0.7882896810770035,0.2271554209291935,-0.41251731663942337,0.0,can_cql_s2,can,cql,2,-0.19015339016914368,0.5034029892412275,0.6496179699897766
105000,0.043840404460206574,-0.35549977421760565,-32.91054916381836,0.6173861473798752,0.7794859558343887,0.2231794185936451,-0.40658718347549433,0.0,can_cql_s2,can,cql,2,0.35549977421760565,0.47632608878033894,0.6892910003662109
110000,0.0429275329690426,-0.47107042372226715,-32.8762321472168,0.6159578859806061,0.7823675870895386,0.2228655219078064,-0.40419777482748026,0.0,can_cql_s2,can,cql,2,0.47107042372226715,0.4967123794610298,0.6548496633768082
115000,0.042769787739962324,0.22014110535383224,-32.592636585235596,0.6211027950048447,0.8013129234313965,0.2285156399011612,-0.4153950810432434,0.0,can_cql_s2,can,cql,2,-0.22014110535383224,0.5069217387318972,0.6538178026676178
120000,0.04260795738548036,0.030335038900375366,-30.375109481811524,0.6189302921295166,0.7883806228637695,0.22572545409202577,-0.41841315031051635,0.0,can_cql_s2,can,cql,2,-0.030335038900375366,0.4867622048288183,0.6722300887107849
0,0.3767765073105693,-12.566461086273193,-26.09169226884842,0.5557277053594589,0.44491518288850784,0.13661412708461285,-0.22891192883253095,0.0,can_cql_s3,can,cql,3,12.566461086273193,0.6423119627780904,2.433877468109131
5000,0.0901758950203657,-1.984922617673874,0.20775771141052246,0.6159216314554214,0.7678200602531433,0.2240513525903225,-0.34627046436071396,0.0,can_cql_s3,can,cql,3,1.984922617673874,0.5799083122655252,1.065903127193451
10000,0.06884572170674798,0.30765144526958466,-9.251184821128845,0.6269441097974777,0.8137975931167603,0.2382115051150322,-0.38590142875909805,0.0,can_cql_s3,can,cql,3,-0.30765144526958466,0.5052188599511371,1.022379755973816
15000,0.06294980482198292,0.30260360985994345,-15.968081951141357,0.6265585869550705,0.8142728358507156,0.2406180389225483,-0.3740350678563118,0.0,can_cql_s3,can,cql,3,-0.30260360985994345,0.503431951172677,0.9249954521656036
20000,0.0591685074847191,0.04969579726457596,-18.939149856567383,0.6265257745981216,0.8188864439725876,0.2385951615869999,-0.37679292261600494,0.0,can_cql_s3,can,cql,3,-0.04969579726457596,0.532978408416148,0.8374762386083603
25000,0.057094281539320925,-0.44706144183874125,-20.8361759185791,0.6268483549356461,0.8037600368261337,0.232805535197258,-0.3743140697479248,0.0,can_cql_s3,can,cql,3,0.44706144183874125,0.5199672324340976,0.8148012906312943
30000,0.0548355473950505,-0.048891645669937145,-24.99050025939942,0.6271451473236084,0.8122865557670593,0.2357142984867096,-0.38777046799659726,0.0,can_cql_s3,can,cql,3,0.048891645669937145,0.5238227706078237,0.7944849729537964
35000,0.0536127479281276,-0.12318570166826247,-27.29238748550415,0.6255515366792679,0.803704708814621,0.2342703752219677,-0.39154331386089325,0.0,can_cql_s3,can,cql,3,0.12318570166826247,0.5146639419219511,0.7800413221120834
40000,0.0512925552204251,0.28782669827342033,-26.575339317321777,0.6234097182750702,0.8071370869874954,0.2332589365541935,-0.40326090157032013,0.0,can_cql_s3,can,cql,3,-0.28782669827342033,0.5088625916015003,0.7722953110933304
45000,0.052073353249579596,-0.5002350062131882,-28.090925216674805,0.621774822473526,0.7929017245769501,0.2304338812828064,-0.3969354927539825,0.0,can_cql_s3,can,cql,3,0.5002350062131882,0.4947243054727398,0.7937520444393158
50000,0.05306908860802645,-0.5263414643704891,-28.540913581848145,0.6179755181074142,0.7896857112646103,0.226213738322258,-0.3968069329857826,0.0,can_cql_s3,can,cql,3,0.5263414643704891,0.5150900195856704,0.7761447131633759
55000,0.05398492845706637,0.04219907149672511,-29.161645889282227,0.6226846873760223,0.8059523105621338,0.2323521301150322,-0.3996186926960945,0.0,can_cql_s3,can,cql,3,-0.04219907149672511,0.5032006788400547,0.8192832618951797
60000,0.05546105157583946,-0.1496143639087677,-27.702835464477538,0.621058440208435,0.7926912069320678,0.2307756781578064,-0.40946346521377563,0.0,can_cql_s3,can,cql,3,0.1496143639087677,0.49845130344879474,0.8483844041824341
65000,0.054467459348961675,-0.1483682431280613,-29.18059730529785,0.6226411163806915,0.7939369231462479,0.2271554283797741,-0.4103885665535927,0.0,can_cql_s3,can,cql,3,0.1483682431280613,0.49994456205089177,0.8376589566469193
70000,0.05368317170068618,0.2405620440840721,-27.797658920288086,0.6211202591657639,0.8027613610029221,0.2277483381330967,-0.40700776875019073,0.0,can_cql_s3,can,cql,3,-0.2405620440840721,0.4958602428510714,0.8297043144702911
75000,0.05179850473068653,0.14767006039619446,-29.737865924835205,0.6204417049884796,0.8009272664785385,0.2287597805261612,-0.4137019217014313,0.0,can_cql_s3,can,cql,3,-0.14767006039619446,0.49290074101459347,0.8095713555812836
80000,0.05186212514527137,-0.09756463766098027,-30.859090328216553,0.6216060817241669,0.7950335890054703,0.2308175340294838,-0.40384986251592636,0.0,can_cql_s3,can,cql,3,0.09756463766098027,0.5262648081540904,0.7510311007499695
85000,0.049959968123584976,-1.0467910058796406,-26.46198272705078,0.6169591099023819,0.7704170346260071,0.2217843309044838,-0.3975211456418037,0.0,can_cql_s3,can,cql,3,1.0467910058796406,0.49685871777112656,0.7495317757129669
90000,0.04701693203300234,-0.100181744992733,-29.647266006469728,0.6202347040176391,0.7890292525291442,0.22982701957225798,-0.4052781224250793,0.0,can_cql_s3,can,cql,3,0.100181744992733,0.4997923535216066,0.7104739665985107
95000,0.0461934302002191,-0.43817259371280665,-31.955188751220703,0.6171364635229111,0.7908323407173157,0.228411003947258,-0.40095497667789454,0.0,can_cql_s3,can,cql,3,0.43817259371280665,0.4937987316971791,0.70643050968647
100000,0.04600506979040798,-0.3103799484670162,-29.892966747283936,0.6220053285360336,0.7841886281967163,0.2272600568830967,-0.4039406403899192,0.0,can_cql_s3,can,cql,3,0.3103799484670162,0.5015529731944413,0.6937853991985321
105000,0.04628542331047353,0.12976185977458954,-29.667068481445312,0.6251319944858551,0.7974212020635605,0.231584832072258,-0.40730730444192886,0.0,can_cql_s3,can,cql,3,-0.12976185977458954,0.4986189374570274,0.7049610316753387
110000,0.04738601450808343,0.4451125711202622,-29.782867431640625,0.6235517114400864,0.8053401559591293,0.2277832143008709,-0.41796914488077164,0.0,can_cql_s3,can,cql,3,-0.4451125711202622,0.4780896036645659,0.7752197980880737
115000,0.0475739930290728,0.20531785488128662,-29.55433750152588,0.6208474487066269,0.7950051426887512,0.2312360554933548,-0.4135125800967216,0.0,can_cql_s3,can,cql,3,-0.20531785488128662,0.47633158507840545,0.7733320742845535
120000,0.0468919158354401,-0.2671229481697083,-26.268891906738283,0.6187026023864746,0.7832477569580079,0.22299107909202576,-0.41655332446098325,0.0,can_cql_s3,can,cql,3,0.2671229481697083,0.4986919658309604,0.7235150575637818
0,0.0299999993294477,8.260713815689087,-49.23482131958008,0.6690894067287445,0.9451550990343094,0.3154296986758709,-0.3771376870572567,0.0,can_fixalpha_003_s1,can,fixalpha_003,1,-8.260713815689087,,
5000,0.0299999993294477,21.240463733673096,-58.70866012573242,0.6899642497301102,1.1940753161907196,0.3596191629767418,-0.651070848107338,0.0,can_fixalpha_003_s1,can,fixalpha_003,1,-21.240463733673096,,
10000,0.0299999993294477,18.950230598449707,-56.487393379211426,0.6799968183040619,1.1440135538578033,0.3446219488978386,-0.6304755806922913,0.0,can_fixalpha_003_s1,can,fixalpha_003,1,-18.950230598449707,,
15000,0.0299999993294477,15.559886932373047,-53.48244285583496,0.6775625348091125,1.105383038520813,0.3336007371544838,-0.5744839906692505,0.0,can_fixalpha_003_s1,can,fixalpha_003,1,-15.559886932373047,,
20000,0.0299999993294477,16.320059061050415,-51.76966953277588,0.6836288124322891,1.1195735037326813,0.3432966098189354,-0.576366513967514,0.0,can_fixalpha_003_s1,can,fixalpha_003,1,-16.320059061050415,,
25000,0.0299999993294477,13.915090084075928,-48.138739585876465,0.6801392436027527,1.092691421508789,0.3377162516117096,-0.5222926363348961,0.0,can_fixalpha_003_s1,can,fixalpha_003,1,-13.915090084075928,,
30000,0.0299999993294477,12.595648384094238,-46.57688980102539,0.6735598564147949,1.0652050971984863,0.32904577255249023,-0.5122103869915009,0.0,can_fixalpha_003_s1,can,fixalpha_003,1,-12.595648384094238,,
35000,0.0299999993294477,13.14089059829712,-47.89517593383789,0.6780802458524704,1.0786301493644714,0.3329031988978386,-0.5148393213748932,0.0,can_fixalpha_003_s1,can,fixalpha_003,1,-13.14089059829712,,
40000,0.0299999993294477,13.928215980529787,-48.97796154022217,0.6835556030273438,1.093308925628662,0.3414829969406128,-0.5078084841370583,0.0,can_fixalpha_003_s1,can,fixalpha_003,1,-13.928215980529787,,
45000,0.0299999993294477,12.004677295684813,-51.21579551696777,0.6747628152370453,1.0607531666755676,0.3270089402794838,-0.49866656213998795,0.0,can_fixalpha_003_s1,can,fixalpha_003,1,-12.004677295684813,,
50000,0.0299999993294477,12.551157474517822,-47.863648414611816,0.6774712949991226,1.0695998072624207,0.331508107483387,-0.4887053966522217,0.0,can_fixalpha_003_s1,can,fixalpha_003,1,-12.551157474517822,,
55000,0.0299999993294477,11.771053075790405,-49.98243522644043,0.676404133439064,1.0523735582828522,0.3277413696050644,-0.4887376427650451,0.0,can_fixalpha_003_s1,can,fixalpha_003,1,-11.771053075790405,,
60000,0.0299999993294477,11.321520042419433,-49.59585723876953,0.6732144594192505,1.0450045585632324,0.3177734434604645,-0.49903149008750913,0.0,can_fixalpha_003_s1,can,fixalpha_003,1,-11.321520042419433,,
65000,0.0299999993294477,9.985896110534668,-48.97216796875,0.6665790975093842,1.01128588616848,0.3077567145228386,-0.49382631480693817,0.0,can_fixalpha_003_s1,can,fixalpha_003,1,-9.985896110534668,,
70000,0.0299999993294477,9.955617189407349,-48.283297538757324,0.666185274720192,1.0122148841619492,0.3070591688156128,-0.4859721288084984,0.0,can_fixalpha_003_s1,can,fixalpha_003,1,-9.955617189407349,,
75000,0.0299999993294477,10.38835859298706,-48.946533203125,0.6718172132968903,1.0229148268699646,0.314174123108387,-0.4961256831884384,0.0,can_fixalpha_003_s1,can,fixalpha_003,1,-10.38835859298706,,
80000,0.0299999993294477,9.17953872680664,-48.315372467041016,0.6651719659566879,0.994352251291275,0.3043387457728386,-0.4910563975572586,0.0,can_fixalpha_003_s1,can,fixalpha_003,1,-9.17953872680664,,
85000,0.0299999993294477,10.234184741973877,-49.715548515319824,0.6712314188480377,1.0146961361169815,0.3164411336183548,-0.4870481416583061,0.0,can_fixalpha_003_s1,can,fixalpha_003,1,-10.234184741973877,,
90000,0.0299999993294477,9.845893096923827,-49.75057754516602,0.6697441697120666,1.0072726130485534,0.31096541285514834,-0.49569571018218994,0.0,can_fixalpha_003_s1,can,fixalpha_003,1,-9.845893096923827,,
95000,0.0299999993294477,9.801599979400635,-46.628387451171875,0.6672296673059464,1.002874344587326,0.3117675855755806,-0.5022754818201065,0.0,can_fixalpha_003_s1,can,fixalpha_003,1,-9.801599979400635,,
100000,0.0299999993294477,10.446553230285645,-47.830413818359375,0.6697664558887482,1.0109491348266602,0.3139299750328064,-0.5053207576274872,0.0,can_fixalpha_003_s1,can,fixalpha_003,1,-10.446553230285645,,
105000,0.0299999993294477,8.937610149383545,-47.82855987548828,0.6672515720129013,0.9928631037473679,0.3059082180261612,-0.4933274984359741,0.0,can_fixalpha_003_s1,can,fixalpha_003,1,-8.937610149383545,,
110000,0.0299999993294477,10.46248745918274,-48.183706283569336,0.676591157913208,1.0192990005016327,0.3190569281578064,-0.5035767108201981,0.0,can_fixalpha_003_s1,can,fixalpha_003,1,-10.46248745918274,,
115000,0.0299999993294477,9.030163288116455,-48.077202796936035,0.6695632785558701,0.9920189082622528,0.3082101121544838,-0.48863739520311356,0.0,can_fixalpha_003_s1,can,fixalpha_003,1,-9.030163288116455,,
120000,0.0299999993294477,9.161820983886718,-46.18642349243164,0.6675593256950378,0.992171561717987,0.3080357193946838,-0.49634810090065,0.0,can_fixalpha_003_s1,can,fixalpha_003,1,-9.161820983886718,,
0,0.0299999993294477,7.761349141597747,-47.47935771942139,0.6576920300722122,0.9575043767690659,0.2849818728864193,-0.4797704741358757,0.0,can_fixalpha_003_s2,can,fixalpha_003,2,-7.761349141597747,,
5000,0.0299999993294477,18.0196475982666,-57.23996067047119,0.6800717115402222,1.132662296295166,0.3405064344406128,-0.6258428990840912,0.0,can_fixalpha_003_s2,can,fixalpha_003,2,-18.0196475982666,,
10000,0.0299999993294477,17.66449546813965,-48.71547985076904,0.681841641664505,1.1244619190692902,0.3396345004439354,-0.6353913843631744,0.0,can_fixalpha_003_s2,can,fixalpha_003,2,-17.66449546813965,,
15000,0.0299999993294477,17.878314971923828,-44.200958251953125,0.6869419515132904,1.1520703732967377,0.3495396375656128,-0.6014885604381561,0.0,can_fixalpha_003_s2,can,fixalpha_003,2,-17.878314971923828,,
20000,0.0299999993294477,18.351635456085205,-39.42356300354004,0.693624421954155,1.1754169464111328,0.3594098910689354,-0.5812720358371735,0.0,can_fixalpha_003_s2,can,fixalpha_003,2,-18.351635456085205,,
25000,0.0299999993294477,21.07636594772339,-32.941558837890625,0.7089882791042328,1.2278566658496857,0.3847656399011612,-0.5838544517755508,0.0,can_fixalpha_003_s2,can,fixalpha_003,2,-21.07636594772339,,
30000,0.0299999993294477,21.132350158691406,-21.31095314025879,0.7059120416641236,1.2261268138885497,0.37954801321029663,-0.5966055512428283,0.0,can_fixalpha_003_s2,can,fixalpha_003,2,-21.132350158691406,,
35000,0.0299999993294477,19.45907497406006,-22.518002033233643,0.6995621025562286,1.188081979751587,0.3687221109867096,-0.5976212471723557,0.0,can_fixalpha_003_s2,can,fixalpha_003,2,-19.45907497406006,,
40000,0.0299999993294477,17.692046403884888,-26.83904790878296,0.6955470889806747,1.1618222892284393,0.3598633036017418,-0.5721068829298019,0.0,can_fixalpha_003_s2,can,fixalpha_003,2,-17.692046403884888,,
45000,0.0299999993294477,17.282387256622314,-31.147544384002686,0.6980712562799454,1.1651411056518555,0.3641880750656128,-0.547966793179512,0.0,can_fixalpha_003_s2,can,fixalpha_003,2,-17.282387256622314,,
50000,0.0299999993294477,15.382649183273315,-29.51552724838257,0.6893009841442108,1.1167805194854736,0.3479004055261612,-0.5348700731992722,0.0,can_fixalpha_003_s2,can,fixalpha_003,2,-15.382649183273315,,
55000,0.0299999993294477,15.25887417793274,-26.349836349487305,0.6864745616912842,1.1218607425689697,0.348842091858387,-0.5372759848833084,0.0,can_fixalpha_003_s2,can,fixalpha_003,2,-15.25887417793274,,
60000,0.0299999993294477,14.998755073547363,-26.396228408813478,0.6850380897521973,1.1060518741607666,0.345005589723587,-0.5349349260330201,0.0,can_fixalpha_003_s2,can,fixalpha_003,2,-14.998755073547363,,
65000,0.0299999993294477,14.992395639419556,-32.36421537399292,0.6867564618587494,1.112777203321457,0.3490862250328064,-0.52878737449646,0.0,can_fixalpha_003_s2,can,fixalpha_003,2,-14.992395639419556,,
70000,0.0299999993294477,14.239237070083618,-32.186519622802734,0.6844215393066406,1.1007775366306305,0.3405064344406128,-0.5307468771934509,0.0,can_fixalpha_003_s2,can,fixalpha_003,2,-14.239237070083618,,
75000,0.0299999993294477,13.566773891448975,-34.413801193237305,0.6848009675741196,1.0945780873298645,0.3422851711511612,-0.517462894320488,0.0,can_fixalpha_003_s2,can,fixalpha_003,2,-13.566773891448975,,
80000,0.0299999993294477,12.364315748214722,-35.947598457336426,0.6776853650808334,1.063564121723175,0.330113023519516,-0.5105173587799072,0.0,can_fixalpha_003_s2,can,fixalpha_003,2,-12.364315748214722,,
85000,0.0299999993294477,11.602103233337402,-39.681960105895996,0.6795125752687454,1.0614174604415894,0.327601857483387,-0.4910024479031563,0.0,can_fixalpha_003_s2,can,fixalpha_003,2,-11.602103233337402,,
90000,0.0299999993294477,10.137882614135743,-39.56445083618164,0.6704559683799743,1.0226624488830567,0.31821988224983216,-0.49299601316452024,0.0,can_fixalpha_003_s2,can,fixalpha_003,2,-10.137882614135743,,
95000,0.0299999993294477,9.92848801612854,-42.799946784973145,0.671315148472786,1.0151020288467407,0.3117327094078064,-0.4891081675887108,0.0,can_fixalpha_003_s2,can,fixalpha_003,2,-9.92848801612854,,
100000,0.0299999993294477,9.589298486709595,-42.33750820159912,0.6632805466651917,0.9967790693044662,0.3040248453617096,-0.5088743641972542,0.0,can_fixalpha_003_s2,can,fixalpha_003,2,-9.589298486709595,,
105000,0.0299999993294477,8.8590989112854,-42.98305892944336,0.661958709359169,0.9814686328172684,0.3013741746544838,-0.4920400083065033,0.0,can_fixalpha_003_s2,can,fixalpha_003,2,-8.8590989112854,,
110000,0.0299999993294477,9.26276159286499,-43.72724437713623,0.6663011610507965,0.9902315735816956,0.2997349500656128,-0.5084851980209351,0.0,can_fixalpha_003_s2,can,fixalpha_003,2,-9.26276159286499,,
115000,0.0299999993294477,9.727396011352539,-44.81389331817627,0.6698507815599442,1.0080558061599731,0.3081403598189354,-0.5123291537165642,0.0,can_fixalpha_003_s2,can,fixalpha_003,2,-9.727396011352539,,
120000,0.0299999993294477,9.519725608825684,-43.18572082519531,0.6708158731460572,1.0025182962417603,0.3065011382102966,-0.5018001616001129,0.0,can_fixalpha_003_s2,can,fixalpha_003,2,-9.519725608825684,,
0,0.0299999993294477,12.012641966342926,-52.763611793518066,0.6923940032720566,1.0556067079305649,0.3447614535689354,-0.4390988275408745,0.0,can_fixalpha_003_s3,can,fixalpha_003,3,-12.012641966342926,,
5000,0.0299999993294477,21.716386795043945,-66.61500453948975,0.6988611668348312,1.211462914943695,0.3667341098189354,-0.6391974091529846,0.0,can_fixalpha_003_s3,can,fixalpha_003,3,-21.716386795043945,,
10000,0.0299999993294477,17.373605251312256,-55.3844633102417,0.6821262985467911,1.1347752213478088,0.3415876254439354,-0.5935571193695068,0.0,can_fixalpha_003_s3,can,fixalpha_003,3,-17.373605251312256,,
15000,0.0299999993294477,16.041908740997314,-55.78219509124756,0.6808216571807861,1.113209754228592,0.3362862914800644,-0.5847863852977753,0.0,can_fixalpha_003_s3,can,fixalpha_003,3,-16.041908740997314,,
20000,0.0299999993294477,15.452619552612305,-57.49924278259277,0.6841298788785934,1.1158358752727509,0.3455985188484192,-0.5396730303764343,0.0,can_fixalpha_003_s3,can,fixalpha_003,3,-15.452619552612305,,
25000,0.0299999993294477,14.520396947860718,-55.24742603302002,0.684431865811348,1.1134847402572632,0.3438546508550644,-0.503418542444706,0.0,can_fixalpha_003_s3,can,fixalpha_003,3,-14.520396947860718,,
30000,0.0299999993294477,13.06553897857666,-52.84817047119141,0.6772261142730713,1.0784441947937011,0.32745537757873533,-0.526708459854126,0.0,can_fixalpha_003_s3,can,fixalpha_003,3,-13.06553897857666,,
35000,0.0299999993294477,11.447009325027466,-53.93809795379639,0.673053190112114,1.0514006912708282,0.3211495578289032,-0.5003497451543808,0.0,can_fixalpha_003_s3,can,fixalpha_003,3,-11.447009325027466,,
40000,0.0299999993294477,11.619669198989868,-51.9203462600708,0.6723546534776688,1.0528508424758911,0.326311394572258,-0.487343467772007,0.0,can_fixalpha_003_s3,can,fixalpha_003,3,-11.619669198989868,,
45000,0.0299999993294477,11.08161735534668,-52.35518932342529,0.6727515012025833,1.039210855960846,0.3201032504439354,-0.5090079829096794,0.0,can_fixalpha_003_s3,can,fixalpha_003,3,-11.08161735534668,,
50000,0.0299999993294477,10.345086336135864,-50.705477714538574,0.6677422225475311,1.0237960815429688,0.3097447156906128,-0.5035458505153656,0.0,can_fixalpha_003_s3,can,fixalpha_003,3,-10.345086336135864,,
55000,0.0299999993294477,9.889014720916748,-55.229981422424316,0.668622151017189,1.023455649614334,0.311174675822258,-0.4781373143196106,0.0,can_fixalpha_003_s3,can,fixalpha_003,3,-9.889014720916748,,
60000,0.0299999993294477,10.392123413085937,-52.00531921386719,0.669902503490448,1.0201413869857787,0.31919644474983216,-0.48651825189590453,0.0,can_fixalpha_003_s3,can,fixalpha_003,3,-10.392123413085937,,
65000,0.0299999993294477,9.970654010772705,-51.1417818069458,0.6688565462827682,1.0119812339544296,0.3101283609867096,-0.49099821597337723,0.0,can_fixalpha_003_s3,can,fixalpha_003,3,-9.970654010772705,,
70000,0.0299999993294477,10.156304836273193,-51.75907230377197,0.6676969975233078,1.0119670927524567,0.3104073777794838,-0.4980923607945442,0.0,can_fixalpha_003_s3,can,fixalpha_003,3,-10.156304836273193,,
75000,0.0299999993294477,10.513846635818481,-50.81395149230957,0.6722652316093445,1.0270087718963623,0.3150111734867096,-0.497747540473938,0.0,can_fixalpha_003_s3,can,fixalpha_003,3,-10.513846635818481,,
80000,0.0299999993294477,10.053535223007202,-51.93949031829834,0.6660016030073166,1.0116089880466461,0.3092913031578064,-0.5053685009479523,0.0,can_fixalpha_003_s3,can,fixalpha_003,3,-10.053535223007202,,
85000,0.0299999993294477,11.680372476577759,-54.59637641906738,0.6826615184545517,1.0545133650302887,0.329485222697258,-0.5028136819601059,0.0,can_fixalpha_003_s3,can,fixalpha_003,3,-11.680372476577759,,
90000,0.0299999993294477,10.502292251586914,-51.176072692871095,0.6758822441101074,1.0286331653594971,0.3190011322498322,-0.4996428906917572,0.0,can_fixalpha_003_s3,can,fixalpha_003,3,-10.502292251586914,,
95000,0.0299999993294477,11.120148420333862,-51.97255325317383,0.6779553443193436,1.042565792798996,0.3214634656906128,-0.512608140707016,0.0,can_fixalpha_003_s3,can,fixalpha_003,3,-11.120148420333862,,
100000,0.0299999993294477,11.006620168685913,-49.052308082580566,0.6807456165552139,1.0375016331672668,0.3245675340294838,-0.5102433040738106,0.0,can_fixalpha_003_s3,can,fixalpha_003,3,-11.006620168685913,,
105000,0.0299999993294477,10.006890773773193,-50.40214538574219,0.6795462965965271,1.0305518805980682,0.319475457072258,-0.49650441110134125,0.0,can_fixalpha_003_s3,can,fixalpha_003,3,-10.006890773773193,,
110000,0.0299999993294477,10.38930892944336,-51.52529525756836,0.680778294801712,1.031431257724762,0.3210449293255806,-0.5004937276244164,0.0,can_fixalpha_003_s3,can,fixalpha_003,3,-10.38930892944336,,
115000,0.0299999993294477,9.913819074630737,-52.57563591003418,0.6799711734056473,1.0316896438598633,0.3206264153122902,-0.48419054597616196,0.0,can_fixalpha_003_s3,can,fixalpha_003,3,-9.913819074630737,,
120000,0.0299999993294477,9.789904975891114,-48.08389511108398,0.6772715210914612,1.0258036375045776,0.31886162161827086,-0.4972997009754181,0.0,can_fixalpha_003_s3,can,fixalpha_003,3,-9.789904975891114,,
0,0.1000000014901161,-9.66897463798523,-28.822701930999756,0.5714365988969803,0.5425865650177002,0.15604074485599995,-0.27450255304574966,0.0,can_fixalpha_01_s1,can,fixalpha_01,1,9.66897463798523,,
5000,0.1000000014901161,-2.015275627374649,-33.91566562652588,0.5976300984621048,0.7236726135015488,0.1987304762005806,-0.4237505868077278,0.0,can_fixalpha_01_s1,can,fixalpha_01,1,2.015275627374649,,
10000,0.1000000014901161,-3.590541183948517,-26.510111808776855,0.5942452102899551,0.7056367099285126,0.1973005123436451,-0.3682936429977417,0.0,can_fixalpha_01_s1,can,fixalpha_01,1,3.590541183948517,,
15000,0.1000000014901161,-3.9965009093284607,-15.695658206939697,0.5950563997030258,0.6933330744504929,0.1930803656578064,-0.36754370480775833,0.0,can_fixalpha_01_s1,can,fixalpha_01,1,3.9965009093284607,,
20000,0.1000000014901161,-5.658825397491455,-10.841196537017822,0.5868324786424637,0.6526049226522446,0.179582878947258,-0.34445470571517944,0.0,can_fixalpha_01_s1,can,fixalpha_01,1,5.658825397491455,,
25000,0.1000000014901161,-6.839513063430786,-4.379988223314285,0.5853575170040131,0.6286248713731766,0.1770019643008709,-0.3196959048509598,0.0,can_fixalpha_01_s1,can,fixalpha_01,1,6.839513063430786,,
30000,0.10000000149011609,-6.5557043075561525,-1.8262297987937928,0.5840443968772888,0.6322733163833618,0.17843192517757417,-0.32626237273216246,0.0,can_fixalpha_01_s1,can,fixalpha_01,1,6.5557043075561525,,
35000,0.1000000014901161,-6.363053321838379,-2.713006228208542,0.5866468101739883,0.6352290362119675,0.1806640736758709,-0.3291408121585846,0.0,can_fixalpha_01_s1,can,fixalpha_01,1,6.363053321838379,,
40000,0.1000000014901161,-7.115807414054871,-2.688751757144928,0.5814273357391357,0.6141703724861145,0.1720493957400322,-0.32114024460315704,0.0,can_fixalpha_01_s1,can,fixalpha_01,1,7.115807414054871,,
45000,0.1000000014901161,-7.534479975700378,-1.4816426038742065,0.5796122997999191,0.5969419777393341,0.1698870062828064,-0.31618862599134445,0.0,can_fixalpha_01_s1,can,fixalpha_01,1,7.534479975700378,,
50000,0.1000000014901161,-7.046255826950073,-1.8700989186763763,0.5782852917909622,0.6044818013906479,0.1725376732647419,-0.32360205799341196,0.0,can_fixalpha_01_s1,can,fixalpha_01,1,7.046255826950073,,
55000,0.1000000014901161,-7.141047477722168,-2.0505363047122955,0.5791948586702347,0.6055471003055573,0.1757115051150322,-0.3221672400832176,0.0,can_fixalpha_01_s1,can,fixalpha_01,1,7.141047477722168,,
60000,0.10000000149011609,-7.338852214813232,-2.5405987024307253,0.5801369905471802,0.6049960136413575,0.16863840222358703,-0.32306102514266966,0.0,can_fixalpha_01_s1,can,fixalpha_01,1,7.338852214813232,,
65000,0.1000000014901161,-8.019892454147339,-2.3512789011001587,0.5741800665855408,0.5810578912496567,0.165422722697258,-0.3128573074936866,0.0,can_fixalpha_01_s1,can,fixalpha_01,1,8.019892454147339,,
70000,0.1000000014901161,-7.452119469642639,-1.6374270915985107,0.5777649581432343,0.5922287702560425,0.1656668595969677,-0.3165787979960441,0.0,can_fixalpha_01_s1,can,fixalpha_01,1,7.452119469642639,,
75000,0.1000000014901161,-8.035918235778809,-2.1746726036071777,0.5745068043470383,0.5824811905622482,0.1654227189719677,-0.31554026901721954,0.0,can_fixalpha_01_s1,can,fixalpha_01,1,8.035918235778809,,
80000,0.1000000014901161,-7.813535571098328,-2.9894320368766785,0.5763548016548157,0.5856591761112213,0.1705845519900322,-0.3139728382229805,0.0,can_fixalpha_01_s1,can,fixalpha_01,1,7.813535571098328,,
85000,0.1000000014901161,-8.571326494216919,-3.271199882030487,0.5733558684587479,0.5613435804843903,0.1609235592186451,-0.3081043213605881,0.0,can_fixalpha_01_s1,can,fixalpha_01,1,8.571326494216919,,
90000,0.10000000149011609,-8.51800365447998,-3.3637814044952394,0.5709838628768921,0.5594355821609497,0.1604352742433548,-0.31202330589294436,0.0,can_fixalpha_01_s1,can,fixalpha_01,1,8.51800365447998,,
95000,0.1000000014901161,-8.718302369117737,-1.9490433037281036,0.5686028897762299,0.5501394718885422,0.157610222697258,-0.3118998110294342,0.0,can_fixalpha_01_s1,can,fixalpha_01,1,8.718302369117737,,
100000,0.1000000014901161,-8.438458919525146,-4.866780757904053,0.5703922510147095,0.5617621093988419,0.1582031324505806,-0.31142924726009363,0.0,can_fixalpha_01_s1,can,fixalpha_01,1,8.438458919525146,,
105000,0.1000000014901161,-8.585602283477783,-4.756713032722473,0.5724890828132629,0.5710666626691818,0.1616908572614193,-0.3112213686108589,0.0,can_fixalpha_01_s1,can,fixalpha_01,1,8.585602283477783,,
110000,0.1000000014901161,-8.589582681655884,-3.341172158718109,0.5705751925706863,0.5547734797000885,0.1592843271791935,-0.31202127039432526,0.0,can_fixalpha_01_s1,can,fixalpha_01,1,8.589582681655884,,
115000,0.1000000014901161,-8.373498916625977,-3.237183779478073,0.5722901523113251,0.5682753026485443,0.1602608859539032,-0.3181731253862381,0.0,can_fixalpha_01_s1,can,fixalpha_01,1,8.373498916625977,,
120000,0.10000000149011609,-8.279898738861084,-1.8331921339035033,0.5708649158477783,0.5646946787834167,0.1583426386117935,-0.3190034210681915,0.0,can_fixalpha_01_s1,can,fixalpha_01,1,8.279898738861084,,
0,0.1000000014901161,-11.021350383758545,-30.30927276611328,0.5618710368871689,0.4842376820743084,0.1451939232647419,-0.2600597105920315,0.0,can_fixalpha_01_s2,can,fixalpha_01,2,11.021350383758545,,
5000,0.1000000014901161,-2.757531762123108,-38.24495983123779,0.6003783643245697,0.7228136658668518,0.2018345519900322,-0.38457281142473215,0.0,can_fixalpha_01_s2,can,fixalpha_01,2,2.757531762123108,,
10000,0.1000000014901161,-2.9167865812778473,-30.8613338470459,0.5918129980564117,0.70240418612957,0.1946498416364193,-0.4095604121685028,0.0,can_fixalpha_01_s2,can,fixalpha_01,2,2.9167865812778473,,
15000,0.1000000014901161,-4.565616726875305,-19.27864646911621,0.5887659788131714,0.6732823997735977,0.1846749559044838,-0.375376783311367,0.0,can_fixalpha_01_s2,can,fixalpha_01,2,4.565616726875305,,
20000,0.1000000014901161,-4.396130681037903,-12.143149852752686,0.5930146425962448,0.6763162612915039,0.1882324293255806,-0.36966211348772043,0.0,can_fixalpha_01_s2,can,fixalpha_01,2,4.396130681037903,,
25000,0.1000000014901161,-4.090504884719849,-6.303487122058868,0.5981331318616867,0.689119502902031,0.1985212117433548,-0.35040540993213654,0.0,can_fixalpha_01_s2,can,fixalpha_01,2,4.090504884719849,,
30000,0.10000000149011609,-4.181219673156738,2.138715648651123,0.5962709307670593,0.6897702097892762,0.19517300128936768,-0.3555576682090759,0.0,can_fixalpha_01_s2,can,fixalpha_01,2,4.181219673156738,,
35000,0.1000000014901161,-4.194832921028137,2.82354636490345,0.594600111246109,0.6896772086620331,0.1969866119325161,-0.35342078655958176,0.0,can_fixalpha_01_s2,can,fixalpha_01,2,4.194832921028137,,
40000,0.1000000014901161,-2.9285115003585815,5.555559754371643,0.6042055785655975,0.7229049652814865,0.2089843824505806,-0.36791979521512985,0.0,can_fixalpha_01_s2,can,fixalpha_01,2,2.9285115003585815,,
45000,0.1000000014901161,-3.6676461696624756,12.381150245666504,0.5958757251501083,0.7000306695699692,0.1991838775575161,-0.3723026216030121,0.0,can_fixalpha_01_s2,can,fixalpha_01,2,3.6676461696624756,,
50000,0.1000000014901161,-3.9388985633850098,12.919150829315186,0.5979834645986557,0.6892728507518768,0.1989746205508709,-0.3588998392224311,0.0,can_fixalpha_01_s2,can,fixalpha_01,2,3.9388985633850098,,
55000,0.1000000014901161,-3.801596701145172,11.410772204399109,0.6001860499382019,0.6975259929895401,0.1959054246544838,-0.3666985630989074,0.0,can_fixalpha_01_s2,can,fixalpha_01,2,3.801596701145172,,
60000,0.10000000149011609,-4.300834894180298,4.3799458026885985,0.5994410037994384,0.6830371379852295,0.19648438394069673,-0.3483765184879303,0.0,can_fixalpha_01_s2,can,fixalpha_01,2,4.300834894180298,,
65000,0.1000000014901161,-5.39648699760437,2.118368148803711,0.5914319604635239,0.6565846800804138,0.1893833838403225,-0.3370503857731819,0.0,can_fixalpha_01_s2,can,fixalpha_01,2,5.39648699760437,,
70000,0.1000000014901161,-5.63103187084198,-1.3080067932605743,0.5907453149557114,0.6534294933080673,0.1828962154686451,-0.3382122069597244,0.0,can_fixalpha_01_s2,can,fixalpha_01,2,5.63103187084198,,
75000,0.1000000014901161,-6.374034404754639,-1.8200209885835648,0.584819883108139,0.6232999265193939,0.180315300822258,-0.3329078406095505,0.0,can_fixalpha_01_s2,can,fixalpha_01,2,6.374034404754639,,
80000,0.1000000014901161,-7.040495991706848,-2.5975990891456604,0.5800227522850037,0.6032852977514267,0.1721889041364193,-0.327585406601429,0.0,can_fixalpha_01_s2,can,fixalpha_01,2,7.040495991706848,,
85000,0.1000000014901161,-7.091949820518494,-2.593790113925934,0.5798263102769852,0.605127289891243,0.1699567586183548,-0.3267194554209709,0.0,can_fixalpha_01_s2,can,fixalpha_01,2,7.091949820518494,,
90000,0.10000000149011609,-7.391099548339843,-6.820293235778808,0.580341386795044,0.6026852250099182,0.16930804550647735,-0.3204983651638031,0.0,can_fixalpha_01_s2,can,fixalpha_01,2,7.391099548339843,,
95000,0.1000000014901161,-7.290305972099304,-6.012651443481445,0.5799079835414886,0.6004502922296524,0.1695382371544838,-0.32367382198572153,0.0,can_fixalpha_01_s2,can,fixalpha_01,2,7.290305972099304,,
100000,0.1000000014901161,-7.099445104598999,-2.5636138021945953,0.5751977264881134,0.6025538146495819,0.1680036336183548,-0.3339381292462349,0.0,can_fixalpha_01_s2,can,fixalpha_01,2,7.099445104598999,,
105000,0.1000000014901161,-6.646222352981567,-4.729621633887291,0.585166335105896,0.6167647838592529,0.1740374006330967,-0.32637177407741547,0.0,can_fixalpha_01_s2,can,fixalpha_01,2,6.646222352981567,,
110000,0.1000000014901161,-7.240634322166443,-3.503374934196472,0.5769495815038681,0.6037230640649796,0.1681780219078064,-0.3273443654179573,0.0,can_fixalpha_01_s2,can,fixalpha_01,2,7.240634322166443,,
115000,0.1000000014901161,-6.9991278648376465,-4.640068382024765,0.5830704867839813,0.60674749314785,0.1731654666364193,-0.32547041773796076,0.0,can_fixalpha_01_s2,can,fixalpha_01,2,6.9991278648376465,,
120000,0.10000000149011609,-7.052847862243652,-6.070797967910766,0.5823004245758057,0.6032991290092469,0.1715680867433548,-0.3302341341972351,0.0,can_fixalpha_01_s2,can,fixalpha_01,2,7.052847862243652,,
0,0.1000000014901161,-11.588024258613586,-35.00085163116455,0.568603977560997,0.46002617478370667,0.1558663547039032,-0.20478442311286923,0.0,can_fixalpha_01_s3,can,fixalpha_01,3,11.588024258613586,,
5000,0.1000000014901161,-1.3776302635669708,-46.185997009277344,0.6089140921831131,0.7548711448907852,0.2143206037580967,-0.3789821341633796,0.0,can_fixalpha_01_s3,can,fixalpha_01,3,1.3776302635669708,,
10000,0.1000000014901161,-1.7813504338264465,-33.504759788513184,0.608040377497673,0.7492516338825226,0.2117396853864193,-0.38481827080249786,0.0,can_fixalpha_01_s3,can,fixalpha_01,3,1.7813504338264465,,
15000,0.1000000014901161,-3.9813225269317627,-23.011998653411865,0.5960525721311569,0.7100294232368469,0.1960449330508709,-0.36283970624208445,0.0,can_fixalpha_01_s3,can,fixalpha_01,3,3.9813225269317627,,
20000,0.1000000014901161,-3.724373519420624,-19.020516872406006,0.5998781323432922,0.7149825841188431,0.2027762345969677,-0.3479402884840965,0.0,can_fixalpha_01_s3,can,fixalpha_01,3,3.724373519420624,,
25000,0.1000000014901161,-4.513596415519714,-15.36855936050415,0.5975885540246964,0.69275763630867,0.1989048607647419,-0.33988796919584274,0.0,can_fixalpha_01_s3,can,fixalpha_01,3,4.513596415519714,,
30000,0.10000000149011609,-4.941983032226562,-11.066416549682618,0.5989587426185607,0.6778871536254882,0.19494978487491607,-0.328895366191864,0.0,can_fixalpha_01_s3,can,fixalpha_01,3,4.941983032226562,,
35000,0.1000000014901161,-6.52942156791687,-14.28420615196228,0.587246760725975,0.635930985212326,0.1827218271791935,-0.3200201094150543,0.0,can_fixalpha_01_s3,can,fixalpha_01,3,6.52942156791687,,
40000,0.1000000014901161,-5.68765914440155,-18.063601970672607,0.5920090973377228,0.6571647524833679,0.1929059773683548,-0.3102819100022316,0.0,can_fixalpha_01_s3,can,fixalpha_01,3,5.68765914440155,,
45000,0.1000000014901161,-6.378378510475159,-15.14824104309082,0.5905707031488419,0.6456631720066071,0.1858956590294838,-0.31357976049184794,0.0,can_fixalpha_01_s3,can,fixalpha_01,3,6.378378510475159,,
50000,0.1000000014901161,-6.071728706359863,-13.756906747817993,0.5908980667591095,0.6492034792900085,0.1873953752219677,-0.31052403897047043,0.0,can_fixalpha_01_s3,can,fixalpha_01,3,6.071728706359863,,
55000,0.1000000014901161,-6.93171763420105,-13.220077991485596,0.5850006937980652,0.6290667653083801,0.1778390146791935,-0.3105517476797104,0.0,can_fixalpha_01_s3,can,fixalpha_01,3,6.93171763420105,,
60000,0.10000000149011609,-7.378067111968994,-13.143000602722168,0.5834168553352356,0.6036760330200195,0.17154018878936766,-0.3141268253326416,0.0,can_fixalpha_01_s3,can,fixalpha_01,3,7.378067111968994,,
65000,0.1000000014901161,-7.8960418701171875,-13.70902705192566,0.5781050473451614,0.5849908739328384,0.1667131744325161,-0.31080130487680435,0.0,can_fixalpha_01_s3,can,fixalpha_01,3,7.8960418701171875,,
70000,0.1000000014901161,-7.942788362503052,-11.869764566421509,0.5733970701694489,0.5841042548418045,0.1639927513897419,-0.3078768327832222,0.0,can_fixalpha_01_s3,can,fixalpha_01,3,7.942788362503052,,
75000,0.1000000014901161,-8.356104612350464,-11.300742864608765,0.5725888311862946,0.5770239979028702,0.1620745025575161,-0.30750714987516403,0.0,can_fixalpha_01_s3,can,fixalpha_01,3,8.356104612350464,,
80000,0.1000000014901161,-8.39189100265503,-12.54891562461853,0.5773317217826843,0.5715436637401581,0.163888119161129,-0.301038533449173,0.0,can_fixalpha_01_s3,can,fixalpha_01,3,8.39189100265503,,
85000,0.1000000014901161,-8.579972743988037,-15.986418247222902,0.5773494988679886,0.5736354738473892,0.1646554172039032,-0.2931556776165962,0.0,can_fixalpha_01_s3,can,fixalpha_01,3,8.579972743988037,,
90000,0.10000000149011609,-8.189561748504639,-12.491329956054688,0.575368332862854,0.5818859100341797,0.16604353487491608,-0.30680391788482664,0.0,can_fixalpha_01_s3,can,fixalpha_01,3,8.189561748504639,,
95000,0.1000000014901161,-8.488305687904358,-11.869564533233643,0.5737850666046143,0.5692424327135086,0.1624581553041935,-0.300564669072628,0.0,can_fixalpha_01_s3,can,fixalpha_01,3,8.488305687904358,,
100000,0.1000000014901161,-8.218730807304382,-8.776575684547424,0.5772833526134491,0.5731995105743408,0.1677594929933548,-0.3048457056283951,0.0,can_fixalpha_01_s3,can,fixalpha_01,3,8.218730807304382,,
105000,0.1000000014901161,-7.943977117538452,-10.005676746368408,0.5783254951238632,0.5860444754362106,0.1699218787252903,-0.31026705354452133,0.0,can_fixalpha_01_s3,can,fixalpha_01,3,7.943977117538452,,
110000,0.1000000014901161,-8.329735279083252,-10.937649726867676,0.5735626220703125,0.5755584239959717,0.1586914137005806,-0.3113345801830292,0.0,can_fixalpha_01_s3,can,fixalpha_01,3,8.329735279083252,,
115000,0.1000000014901161,-8.000918626785278,-13.972505807876587,0.5754556357860565,0.5820817351341248,0.1651785783469677,-0.30875311791896815,0.0,can_fixalpha_01_s3,can,fixalpha_01,3,8.000918626785278,,
120000,0.10000000149011609,-8.411680126190186,-9.974160766601562,0.5758399248123169,0.5684711694717407,0.1650390714406967,-0.3064409971237182,0.0,can_fixalpha_01_s3,can,fixalpha_01,3,8.411680126190186,,
0,0.3000000119209289,-16.33768582344055,35.63339900970459,0.5243261456489563,0.2681910842657089,0.102120541036129,-0.19854886829853055,0.0,can_fixalpha_03_s1,can,fixalpha_03,1,16.33768582344055,,
5000,0.3000000119209289,-12.644931554794312,79.31365394592285,0.5469934344291687,0.43906910717487335,0.13009207881987095,-0.2504943683743477,0.0,can_fixalpha_03_s1,can,fixalpha_03,1,12.644931554794312,,
10000,0.3000000119209289,-10.487383842468262,103.9622688293457,0.5585097372531891,0.5097110345959663,0.1434151828289032,-0.27581948041915894,0.0,can_fixalpha_03_s1,can,fixalpha_03,1,10.487383842468262,,
15000,0.3000000119209289,-10.659515619277956,119.84904098510742,0.5620399862527847,0.5080379694700241,0.1449149064719677,-0.27231077849864954,0.0,can_fixalpha_03_s1,can,fixalpha_03,1,10.659515619277956,,
20000,0.3000000119209289,-10.749038934707642,130.62083625793457,0.5573842078447342,0.49760083854198456,0.143380306661129,-0.275502048432827,0.0,can_fixalpha_03_s1,can,fixalpha_03,1,10.749038934707642,,
25000,0.3000000119209289,-10.469027280807495,135.43971252441406,0.5607898235321045,0.512852780520916,0.1500418595969677,-0.27704490721225733,0.0,can_fixalpha_03_s1,can,fixalpha_03,1,10.469027280807495,,
30000,0.3000000119209289,-10.525909233093262,139.99510803222657,0.5610180974006653,0.512387490272522,0.14885603189468383,-0.27541897296905515,0.0,can_fixalpha_03_s1,can,fixalpha_03,1,10.525909233093262,,
35000,0.3000000119209289,-10.978143692016602,143.73160552978516,0.5587230920791626,0.49271007627248764,0.1474958248436451,-0.26818107813596725,0.0,can_fixalpha_03_s1,can,fixalpha_03,1,10.978143692016602,,
40000,0.3000000119209289,-11.383798360824585,143.70319366455078,0.5561964809894562,0.4806163683533668,0.1425083726644516,-0.2640707343816757,0.0,can_fixalpha_03_s1,can,fixalpha_03,1,11.383798360824585,,
45000,0.3000000119209289,-11.656291246414185,141.65835189819336,0.5576483011245728,0.4699285253882408,0.1369977742433548,-0.26505042612552643,0.0,can_fixalpha_03_s1,can,fixalpha_03,1,11.656291246414185,,
50000,0.3000000119209289,-11.568238735198975,143.10576629638672,0.5526102632284164,0.4616580978035927,0.1365792490541935,-0.2634085342288017,0.0,can_fixalpha_03_s1,can,fixalpha_03,1,11.568238735198975,,
55000,0.3000000119209289,-11.812718152999878,138.34587478637695,0.5556830018758774,0.4503331705927848,0.1371372826397419,-0.260260384529829,0.0,can_fixalpha_03_s1,can,fixalpha_03,1,11.812718152999878,,
60000,0.3000000119209289,-12.557655715942383,136.93748168945314,0.5482487559318543,0.430297440290451,0.13211496025323868,-0.2533102750778198,0.0,can_fixalpha_03_s1,can,fixalpha_03,1,12.557655715942383,,
65000,0.3000000119209289,-12.804537296295166,132.74699783325195,0.5459921807050705,0.4196084067225456,0.1305803619325161,-0.25257065892219543,0.0,can_fixalpha_03_s1,can,fixalpha_03,1,12.804537296295166,,
70000,0.3000000119209289,-13.267106294631958,131.4360237121582,0.5415486991405487,0.39339667558670044,0.1227329857647419,-0.2443849556148052,0.0,can_fixalpha_03_s1,can,fixalpha_03,1,13.267106294631958,,
75000,0.3000000119209289,-13.259989976882935,129.76209831237793,0.5450488328933716,0.39401058852672577,0.1266043595969677,-0.24262683838605878,0.0,can_fixalpha_03_s1,can,fixalpha_03,1,13.259989976882935,,
80000,0.3000000119209289,-13.176340818405151,129.02384185791016,0.5445558577775955,0.40309654176235193,0.1273019053041935,-0.2455776035785675,0.0,can_fixalpha_03_s1,can,fixalpha_03,1,13.176340818405151,,
85000,0.3000000119209289,-13.577842235565186,131.41961479187012,0.5420159250497818,0.3904305920004844,0.1214774027466774,-0.24514603614807123,0.0,can_fixalpha_03_s1,can,fixalpha_03,1,13.577842235565186,,
90000,0.3000000119209289,-13.582714653015136,128.601025390625,0.5421430110931397,0.3876065075397491,0.12430246323347091,-0.24350982904434199,0.0,can_fixalpha_03_s1,can,fixalpha_03,1,13.582714653015136,,
95000,0.3000000119209289,-13.215060710906982,123.80408668518066,0.5440027117729187,0.39780084043741226,0.1249302513897419,-0.24907264113426206,0.0,can_fixalpha_03_s1,can,fixalpha_03,1,13.215060710906982,,
100000,0.3000000119209289,-13.252451419830322,130.04557418823242,0.5411713421344757,0.3892275765538215,0.12287249602377415,-0.24836679175496096,0.0,can_fixalpha_03_s1,can,fixalpha_03,1,13.252451419830322,,
105000,0.3000000119209289,-13.436816215515137,130.88879013061523,0.5440026074647903,0.3900306224822998,0.12454660050570965,-0.24360244721174237,0.0,can_fixalpha_03_s1,can,fixalpha_03,1,13.436816215515137,,
110000,0.3000000119209289,-13.603221893310549,128.3711051940918,0.5405054688453674,0.3855108395218849,0.11900112219154835,-0.24436276033520699,0.0,can_fixalpha_03_s1,can,fixalpha_03,1,13.603221893310549,,
115000,0.3000000119209289,-14.14018440246582,126.7177963256836,0.5401164591312408,0.36296920478343964,0.119698666036129,-0.23371673375368116,0.0,can_fixalpha_03_s1,can,fixalpha_03,1,14.14018440246582,,
120000,0.3000000119209289,-13.723019218444824,121.2267822265625,0.5401074767112732,0.37561149597167964,0.1227399617433548,-0.23964407742023464,0.0,can_fixalpha_03_s1,can,fixalpha_03,1,13.723019218444824,,
0,0.3000000119209289,-16.57517170906067,32.5110878944397,0.5277808308601379,0.27452968433499336,0.10714286379516125,-0.18760638311505315,0.0,can_fixalpha_03_s2,can,fixalpha_03,2,16.57517170906067,,
5000,0.3000000119209289,-13.664376735687256,73.07613563537598,0.5428329259157181,0.39181212335824966,0.12831334210932255,-0.22206161543726918,0.0,can_fixalpha_03_s2,can,fixalpha_03,2,13.664376735687256,,
10000,0.3000000119209289,-11.315499782562256,104.15644645690918,0.5564633458852768,0.4750986546278,0.1411132887005806,-0.26284373551607126,0.0,can_fixalpha_03_s2,can,fixalpha_03,2,11.315499782562256,,
15000,0.3000000119209289,-11.026752710342407,120.09878158569336,0.5577178746461868,0.47655583918094635,0.1465541385114193,-0.26775508373975754,0.0,can_fixalpha_03_s2,can,fixalpha_03,2,11.026752710342407,,
20000,0.3000000119209289,-10.663610935211182,129.40948867797852,0.5605164021253586,0.49810081720352173,0.1504952646791935,-0.26240113750100136,0.0,can_fixalpha_03_s2,can,fixalpha_03,2,10.663610935211182,,
25000,0.3000000119209289,-11.463266134262085,136.03606414794922,0.5540239065885544,0.4633863791823387,0.1379045844078064,-0.2691808119416237,0.0,can_fixalpha_03_s2,can,fixalpha_03,2,11.463266134262085,,
30000,0.3000000119209289,-11.591542625427246,130.63785095214843,0.5540194630622863,0.467994236946106,0.14056920111179352,-0.25653629899024966,0.0,can_fixalpha_03_s2,can,fixalpha_03,2,11.591542625427246,,
35000,0.3000000119209289,-12.00014066696167,128.2762336730957,0.5515467673540115,0.44960272312164307,0.1350446529686451,-0.25338302180171013,0.0,can_fixalpha_03_s2,can,fixalpha_03,2,12.00014066696167,,
40000,0.3000000119209289,-12.229329586029053,128.4517879486084,0.5518511086702347,0.44771780073642725,0.139474056661129,-0.2485137544572353,0.0,can_fixalpha_03_s2,can,fixalpha_03,2,12.229329586029053,,
45000,0.3000000119209289,-12.852229118347168,126.52571868896484,0.5504231154918671,0.42375413328409195,0.1339285783469677,-0.23713496327400208,0.0,can_fixalpha_03_s2,can,fixalpha_03,2,12.852229118347168,,
50000,0.3000000119209289,-13.172642469406128,120.36382865905762,0.5483719855546951,0.4109836220741272,0.1317661888897419,-0.23154968768358228,0.0,can_fixalpha_03_s2,can,fixalpha_03,2,13.172642469406128,,
55000,0.3000000119209289,-13.328680753707886,121.51046943664551,0.5471408665180206,0.39285923540592194,0.1284528486430645,-0.23363318294286725,0.0,can_fixalpha_03_s2,can,fixalpha_03,2,13.328680753707886,,
60000,0.3000000119209289,-14.019580459594726,119.91685028076172,0.5398247838020325,0.3712064564228058,0.12301898002624512,-0.2280145645141601,0.0,can_fixalpha_03_s2,can,fixalpha_03,2,14.019580459594726,,
65000,0.3000000119209289,-14.269082307815552,117.59860610961914,0.5372939556837082,0.3585461303591728,0.12262835539877415,-0.2223122492432594,0.0,can_fixalpha_03_s2,can,fixalpha_03,2,14.269082307815552,,
70000,0.3000000119209289,-14.521999835968018,118.96195983886719,0.5368424952030182,0.34289660304784775,0.11900112219154835,-0.2181788310408592,0.0,can_fixalpha_03_s2,can,fixalpha_03,2,14.521999835968018,,
75000,0.3000000119209289,-14.512135744094849,121.59043884277344,0.5382994115352631,0.3421664908528328,0.1181989461183548,-0.22578679025173184,0.0,can_fixalpha_03_s2,can,fixalpha_03,2,14.512135744094849,,
80000,0.3000000119209289,-14.522883653640747,120.04400634765625,0.5362007468938828,0.35311008244752884,0.1180245578289032,-0.22578677535057062,0.0,can_fixalpha_03_s2,can,fixalpha_03,2,14.522883653640747,,
85000,0.3000000119209289,-14.027027130126953,121.99765968322754,0.5414330661296844,0.37039186060428614,0.12064035050570965,-0.22786329314112663,0.0,can_fixalpha_03_s2,can,fixalpha_03,2,14.027027130126953,,
90000,0.3000000119209289,-13.794237518310547,128.38536224365234,0.5401948094367981,0.3773297131061554,0.12098214924335479,-0.24021217823028565,0.0,can_fixalpha_03_s2,can,fixalpha_03,2,13.794237518310547,,
95000,0.3000000119209289,-14.078537940979004,127.1289234161377,0.5361588299274445,0.36978025734424586,0.11697824113070965,-0.23587773740291593,0.0,can_fixalpha_03_s2,can,fixalpha_03,2,14.078537940979004,,
100000,0.3000000119209289,-13.455071687698364,123.50486373901367,0.5400249361991882,0.3819783851504326,0.12531389854848385,-0.24318472295999521,0.0,can_fixalpha_03_s2,can,fixalpha_03,2,13.455071687698364,,
105000,0.3000000119209289,-14.218938112258911,123.0033187866211,0.5364512652158737,0.3592878058552742,0.112618587911129,-0.23485565930604932,0.0,can_fixalpha_03_s2,can,fixalpha_03,2,14.218938112258911,,
110000,0.3000000119209289,-14.159993648529053,122.36740684509277,0.5356428623199463,0.35338577628135676,0.11600167863070965,-0.23671095818281174,0.0,can_fixalpha_03_s2,can,fixalpha_03,2,14.159993648529053,,
115000,0.3000000119209289,-14.647811889648438,121.92641067504883,0.5363722145557404,0.3338969573378563,0.1122698150575161,-0.22937930375337598,0.0,can_fixalpha_03_s2,can,fixalpha_03,2,14.647811889648438,,
120000,0.3000000119209289,-14.792582511901855,120.36747131347656,0.533603847026825,0.33280273079872125,0.112667416036129,-0.2303041577339172,0.0,can_fixalpha_03_s2,can,fixalpha_03,2,14.792582511901855,,
0,0.3000000119209289,-15.791542053222656,36.30160713195801,0.5345779955387115,0.2880481965839863,0.1122000589966774,-0.19154604524374003,0.0,can_fixalpha_03_s3,can,fixalpha_03,3,15.791542053222656,,
5000,0.3000000119209289,-12.070230484008789,77.57670783996582,0.5509698837995529,0.45670968294143677,0.1315918043255806,-0.25683147832751274,0.0,can_fixalpha_03_s3,can,fixalpha_03,3,12.070230484008789,,
10000,0.3000000119209289,-10.105103015899658,112.25658226013184,0.5689247697591782,0.5210633277893066,0.1538434810936451,-0.26664311438798904,0.0,can_fixalpha_03_s3,can,fixalpha_03,3,10.105103015899658,,
15000,0.3000000119209289,-10.806692838668823,124.12552261352539,0.5604916512966156,0.4971219599246979,0.1457170806825161,-0.26396338641643524,0.0,can_fixalpha_03_s3,can,fixalpha_03,3,10.806692838668823,,
20000,0.3000000119209289,-12.185974359512329,128.780122756958,0.5509157031774521,0.4456767067313194,0.1337193138897419,-0.2514797076582908,0.0,can_fixalpha_03_s3,can,fixalpha_03,3,12.185974359512329,,
25000,0.3000000119209289,-12.297533988952637,128.81310272216797,0.5461875349283218,0.44093118607997894,0.1318359412252903,-0.2631798759102821,0.0,can_fixalpha_03_s3,can,fixalpha_03,3,12.297533988952637,,
30000,0.3000000119209289,-12.386709785461424,127.24678192138671,0.5498191475868225,0.44423735737800596,0.1348493367433548,-0.2539316147565841,0.0,can_fixalpha_03_s3,can,fixalpha_03,3,12.386709785461424,,
35000,0.3000000119209289,-12.898048400878906,128.1361198425293,0.5466116815805435,0.4207877218723297,0.1322893500328064,-0.24495200812816614,0.0,can_fixalpha_03_s3,can,fixalpha_03,3,12.898048400878906,,
40000,0.3000000119209289,-12.856445789337156,129.0757350921631,0.548246219754219,0.42395047098398203,0.1281040795147419,-0.24305655434727663,0.0,can_fixalpha_03_s3,can,fixalpha_03,3,12.856445789337156,,
45000,0.3000000119209289,-12.971989631652832,132.0926284790039,0.5521798729896545,0.4150701314210891,0.1341378390789032,-0.24039504304528234,0.0,can_fixalpha_03_s3,can,fixalpha_03,3,12.971989631652832,,
50000,0.3000000119209289,-12.856713056564331,129.2997531890869,0.5487144887447357,0.4157329723238945,0.1276157982647419,-0.24226636439561838,0.0,can_fixalpha_03_s3,can,fixalpha_03,3,12.856713056564331,,
55000,0.3000000119209289,-13.567870140075684,133.20788955688477,0.5402624160051346,0.38940542191267014,0.123360775411129,-0.24137740209698672,0.0,can_fixalpha_03_s3,can,fixalpha_03,3,13.567870140075684,,
60000,0.3000000119209289,-13.773527717590332,132.35562133789062,0.5420244455337524,0.3844860792160034,0.12396763861179352,-0.23569878637790675,0.0,can_fixalpha_03_s3,can,fixalpha_03,3,13.773527717590332,,
65000,0.3000000119209289,-13.834331035614014,134.9146385192871,0.5399142652750015,0.3733337223529815,0.1237095482647419,-0.23815390095114708,0.0,can_fixalpha_03_s3,can,fixalpha_03,3,13.834331035614014,,
70000,0.3000000119209289,-13.362248182296753,136.1206817626953,0.5396683216094971,0.38459522277116776,0.1202567033469677,-0.24435730278491974,0.0,can_fixalpha_03_s3,can,fixalpha_03,3,13.362248182296753,,
75000,0.3000000119209289,-13.788573741912842,136.58538055419922,0.5374863296747208,0.3674921318888664,0.11931501515209675,-0.2454003281891346,0.0,can_fixalpha_03_s3,can,fixalpha_03,3,13.788573741912842,,
80000,0.3000000119209289,-14.026753664016724,132.95753479003906,0.5381561070680618,0.3604207932949066,0.1188616119325161,-0.2377823963761329,0.0,can_fixalpha_03_s3,can,fixalpha_03,3,14.026753664016724,,
85000,0.3000000119209289,-13.754217147827148,134.30678176879883,0.541073203086853,0.37326744943857193,0.1191755086183548,-0.2417034544050693,0.0,can_fixalpha_03_s3,can,fixalpha_03,3,13.754217147827148,,
90000,0.3000000119209289,-13.898860359191895,134.35057983398437,0.5378321886062623,0.3717396795749664,0.11796875596046448,-0.2461648434400558,0.0,can_fixalpha_03_s3,can,fixalpha_03,3,13.898860359191895,,
95000,0.3000000119209289,-14.057304859161377,131.119873046875,0.5352347642183304,0.3614800721406936,0.115059994161129,-0.23759103566408152,0.0,can_fixalpha_03_s3,can,fixalpha_03,3,14.057304859161377,,
100000,0.3000000119209289,-13.956138610839844,131.98640060424805,0.5362891107797623,0.36779825389385223,0.116036556661129,-0.2520633339881897,0.0,can_fixalpha_03_s3,can,fixalpha_03,3,13.956138610839844,,
105000,0.3000000119209289,-13.854922533035278,134.7241096496582,0.5368129760026932,0.3726043775677681,0.11767578683793545,-0.2500606253743171,0.0,can_fixalpha_03_s3,can,fixalpha_03,3,13.854922533035278,,
110000,0.3000000119209289,-13.894439697265625,133.47100448608398,0.536427915096283,0.3681444749236107,0.11523438058793545,-0.24778768420219416,0.0,can_fixalpha_03_s3,can,fixalpha_03,3,13.894439697265625,,
115000,0.3000000119209289,-13.823534727096558,134.43455123901367,0.5354924201965332,0.3666648045182228,0.1190011203289032,-0.24688669666647906,0.0,can_fixalpha_03_s3,can,fixalpha_03,3,13.823534727096558,,
120000,0.3000000119209289,-14.695366096496581,127.85493621826171,0.5341830372810363,0.3350838959217071,0.11152344197034836,-0.23552559912204743,0.0,can_fixalpha_03_s3,can,fixalpha_03,3,14.695366096496581,,
0,0.3000000119209289,-16.790945529937744,34.99672269821167,0.525972843170166,0.2384099047631025,0.10459682159125805,-0.17446828633546824,0.0,can_fixalpha_03_s4,can,fixalpha_03,4,16.790945529937744,0.8407607561551632,1.1403291076421738
5000,0.3000000119209289,-12.122432708740234,77.45632362365723,0.5532946139574051,0.45085509121418,0.13727679289877415,-0.24555841833353043,0.0,can_fixalpha_03_s4,can,fixalpha_03,4,12.122432708740234,0.5449671170327777,2.448099911212921
10000,0.3000000119209289,-10.900306224822998,102.82734680175781,0.561698317527771,0.5005787536501884,0.1495884545147419,-0.2586375810205936,0.0,can_fixalpha_03_s4,can,fixalpha_03,4,10.900306224822998,0.5356173223839938,2.71694415807724
15000,0.3000000119209289,-9.625597476959229,119.08820343017578,0.5646069794893265,0.5342879444360733,0.1527274064719677,-0.2841489389538765,0.0,can_fixalpha_03_s4,can,fixalpha_03,4,9.625597476959229,0.584422678535854,2.652325451374054
20000,0.3000000119209289,-10.011677026748657,130.78834533691406,0.5657634288072586,0.5247511863708496,0.150948666036129,-0.2755585312843323,0.0,can_fixalpha_03_s4,can,fixalpha_03,4,10.011677026748657,0.5670137813972768,2.68977952003479
25000,0.3000000119209289,-9.219186067581177,152.55147552490234,0.5723251849412918,0.5537294447422028,0.1578892320394516,-0.2798720970749855,0.0,can_fixalpha_03_s4,can,fixalpha_03,4,9.219186067581177,0.613841968222489,2.5912495851516724
30000,0.3000000119209289,-9.23646297454834,161.02367553710937,0.5713624000549317,0.5558765888214111,0.16118862330913544,-0.2817912459373474,0.0,can_fixalpha_03_s4,can,fixalpha_03,4,9.23646297454834,0.6109245067699051,2.629201889038086
35000,0.3000000119209289,-9.87300968170166,165.51049423217773,0.5653498619794846,0.5378454178571701,0.1510184220969677,-0.28300517052412033,0.0,can_fixalpha_03_s4,can,fixalpha_03,4,9.87300968170166,0.5963181295542069,2.6493359208106995
40000,0.3000000119209289,-10.122098684310913,159.77898025512695,0.5645710676908493,0.5176763534545898,0.1500418595969677,-0.2803369238972664,0.0,can_fixalpha_03_s4,can,fixalpha_03,4,10.122098684310913,0.6025026219897991,2.527713656425476
45000,0.3000000119209289,-10.693968296051025,160.8517303466797,0.5579870939254761,0.5036506727337837,0.1449149027466774,-0.2749357521533966,0.0,can_fixalpha_03_s4,can,fixalpha_03,4,10.693968296051025,0.5893758964074662,2.5452425479888916
50000,0.3000000119209289,-10.741309642791748,155.09627532958984,0.5615164488554001,0.503922313451767,0.1470075398683548,-0.26494208723306656,0.0,can_fixalpha_03_s4,can,fixalpha_03,4,10.741309642791748,0.5970240684605301,2.47337806224823
55000,0.3000000119209289,-11.20098066329956,149.02592086791992,0.5552513897418976,0.4858614131808281,0.1373116672039032,-0.26891281455755234,0.0,can_fixalpha_03_s4,can,fixalpha_03,4,11.20098066329956,0.623415860183949,2.3490633964538574
60000,0.3000000119209289,-12.626653289794922,141.3370330810547,0.5481891512870789,0.4391056656837463,0.12907366901636125,-0.2540853768587112,0.0,can_fixalpha_03_s4,can,fixalpha_03,4,12.626653289794922,0.6269024982275795,2.1421303272247316
65000,0.3000000119209289,-12.416545867919922,135.0110321044922,0.553110808134079,0.4333511143922805,0.1342424750328064,-0.24925476685166353,0.0,can_fixalpha_03_s4,can,fixalpha_03,4,12.416545867919922,0.6475299596949237,2.0350013375282288
70000,0.3000000119209289,-12.948254108428955,129.72019958496094,0.5473540723323822,0.42038365453481674,0.1327427551150322,-0.24720574170351028,0.0,can_fixalpha_03_s4,can,fixalpha_03,4,12.948254108428955,0.6297446995693613,2.0682897567749023
75000,0.3000000119209289,-12.846687078475952,130.5490951538086,0.5470228046178818,0.41675882786512375,0.1286969967186451,-0.2444251328706741,0.0,can_fixalpha_03_s4,can,fixalpha_03,4,12.846687078475952,0.635255629248529,2.0162766873836517
80000,0.3000000119209289,-12.936684131622314,135.11130905151367,0.5443211495876312,0.4138723611831665,0.1257673017680645,-0.24970151484012598,0.0,can_fixalpha_03_s4,can,fixalpha_03,4,12.936684131622314,0.6340908978998656,2.028810203075409
85000,0.3000000119209289,-13.055782079696655,138.30928802490234,0.54471555352211,0.40945625305175776,0.12681362219154835,-0.2467929013073444,0.0,can_fixalpha_03_s4,can,fixalpha_03,4,13.055782079696655,0.6271282738544204,2.0443384647369385
90000,0.3000000119209289,-12.926679992675782,135.72061157226562,0.5465125918388367,0.4117700636386871,0.12533482611179353,-0.2493048399686813,0.0,can_fixalpha_03_s4,can,fixalpha_03,4,12.926679992675782,0.6417141344100671,2.0107494831085204
95000,0.3000000119209289,-12.928007125854492,132.3944854736328,0.5452245026826859,0.41158536821603775,0.1279994510114193,-0.24906314909458158,0.0,can_fixalpha_03_s4,can,fixalpha_03,4,12.928007125854492,0.6290923606415053,2.0473729372024536
100000,0.3000000119209289,-13.273314476013184,132.9118881225586,0.5408232808113098,0.3974021002650261,0.12357004173099995,-0.2459946051239967,0.0,can_fixalpha_03_s4,can,fixalpha_03,4,13.273314476013184,0.6224710405276732,2.0095967948436737
105000,0.3000000119209289,-13.51889443397522,133.3526382446289,0.5423605442047119,0.3885663226246834,0.1211983896791935,-0.24441000819206232,0.0,can_fixalpha_03_s4,can,fixalpha_03,4,13.51889443397522,0.6294790741457753,1.9619067907333374
110000,0.3000000119209289,-12.755069971084595,131.47658920288086,0.5449575632810593,0.41403514891862864,0.1242675855755806,-0.25695275142788887,0.0,can_fixalpha_03_s4,can,fixalpha_03,4,12.755069971084595,0.6364352751795533,2.0484822392463684
115000,0.3000000119209289,-13.553635358810425,133.0828399658203,0.5396279096603394,0.37943314015865326,0.12088449485599995,-0.24553568288683889,0.0,can_fixalpha_03_s4,can,fixalpha_03,4,13.553635358810425,0.6395210433725449,1.9013835489749906
120000,0.3000000119209289,-13.721567916870118,128.50666198730468,0.541025447845459,0.3800471305847168,0.12123326510190964,-0.23975646495819092,0.0,can_fixalpha_03_s4,can,fixalpha_03,4,13.721567916870118,0.624875214802152,1.950923204421997
0,0.3000000119209289,-16.283335208892822,34.42514896392822,0.5284170806407928,0.2631109785288572,0.10630580969154835,-0.19400361552834508,0.0,can_fixalpha_03_s5,can,fixalpha_03,5,16.283335208892822,0.7903390976237454,1.3150322437286377
5000,0.3000000119209289,-12.97998309135437,74.91612243652344,0.544390857219696,0.4167629703879356,0.1235700398683548,-0.25275105237960815,0.0,can_fixalpha_03_s5,can,fixalpha_03,5,12.97998309135437,0.5011884769298429,2.5586812496185303
10000,0.3000000119209289,-11.228998184204102,104.29227066040039,0.558249294757843,0.49069783836603165,0.1474958211183548,-0.25323915109038353,0.0,can_fixalpha_03_s5,can,fixalpha_03,5,11.228998184204102,0.522445271199119,2.746076762676239
15000,0.3000000119209289,-10.544010400772095,120.85887527465822,0.5639296323060989,0.5039437264204025,0.1527274064719677,-0.26234912872314453,0.0,can_fixalpha_03_s5,can,fixalpha_03,5,10.544010400772095,0.5755622074362512,2.5301681756973267
20000,0.3000000119209289,-11.248363494873047,129.71324157714844,0.5550291389226913,0.47975195199251175,0.1402064822614193,-0.25934587791562075,0.0,can_fixalpha_03_s5,can,fixalpha_03,5,11.248363494873047,0.5896327728727199,2.38990581035614
25000,0.3000000119209289,-10.572662353515625,138.33892059326172,0.5598722994327545,0.499267540872097,0.1497977189719677,-0.26532670855522156,0.0,can_fixalpha_03_s5,can,fixalpha_03,5,10.572662353515625,0.6128448945994884,2.3602981567382812
30000,0.3000000119209289,-11.075790214538575,147.7566162109375,0.559119176864624,0.4808402001857758,0.1437221050262451,-0.26178271174430845,0.0,can_fixalpha_03_s5,can,fixalpha_03,5,11.075790214538575,0.6241237775699482,2.2806039333343504
35000,0.3000000119209289,-11.316636562347412,149.34765243530273,0.5566605180501938,0.47411738336086273,0.1438685916364193,-0.2661980837583542,0.0,can_fixalpha_03_s5,can,fixalpha_03,5,11.316636562347412,0.6315904318267102,2.2467203736305237
40000,0.3000000119209289,-11.802310943603516,152.40456008911133,0.5528990477323532,0.45294442027807236,0.1363351047039032,-0.2645062059164047,0.0,can_fixalpha_03_s5,can,fixalpha_03,5,11.802310943603516,0.6403405447078726,2.152975618839264
45000,0.3000000119209289,-12.002325534820557,148.0952491760254,0.5525391846895218,0.4517542272806167,0.1362304799258709,-0.258669052273035,0.0,can_fixalpha_03_s5,can,fixalpha_03,5,12.002325534820557,0.622186362272118,2.2159416675567627
50000,0.3000000119209289,-12.163468599319458,161.4253273010254,0.5505484491586685,0.4425763264298439,0.13438197784125805,-0.26129455119371414,0.0,can_fixalpha_03_s5,can,fixalpha_03,5,12.163468599319458,0.6177230668591883,2.202578604221344
55000,0.3000000119209289,-11.646222591400146,156.99192810058594,0.5520098656415939,0.4542871564626694,0.1409040279686451,-0.2606577128171921,0.0,can_fixalpha_03_s5,can,fixalpha_03,5,11.646222591400146,0.6197479491410418,2.2424890398979187
60000,0.3000000119209289,-12.253589248657226,150.65023498535157,0.5505192160606385,0.437397712469101,0.13808594048023223,-0.2503175318241119,0.0,can_fixalpha_03_s5,can,fixalpha_03,5,12.253589248657226,0.6291879808225606,2.1396708488464355
65000,0.3000000119209289,-12.259103059768677,149.84605026245117,0.552812248468399,0.42867180705070496,0.1345912478864193,-0.24703762307763094,0.0,can_fixalpha_03_s5,can,fixalpha_03,5,12.259103059768677,0.6182449398905452,2.1255699396133423
70000,0.3000000119209289,-12.771036386489868,150.57172012329102,0.546376496553421,0.4211822971701622,0.1337193138897419,-0.24695431813597676,0.0,can_fixalpha_03_s5,can,fixalpha_03,5,12.771036386489868,0.6167058666492942,2.124952495098114
75000,0.3000000119209289,-12.570480585098267,148.3503532409668,0.549197718501091,0.42495477199554443,0.1329868957400322,-0.2523413971066475,0.0,can_fixalpha_03_s5,can,fixalpha_03,5,12.570480585098267,0.6207729084626215,2.1321940422058105
80000,0.3000000119209289,-12.915457248687744,145.5544319152832,0.5436319708824158,0.4103084951639175,0.12444196827709675,-0.25346122309565544,0.0,can_fixalpha_03_s5,can,fixalpha_03,5,12.915457248687744,0.6065020217674797,2.1304072737693787
85000,0.3000000119209289,-12.547911167144775,139.77978897094727,0.5469403713941574,0.4257151037454605,0.12754604406654835,-0.2544659674167633,0.0,can_fixalpha_03_s5,can,fixalpha_03,5,12.547911167144775,0.616561198955136,2.1752219200134277
90000,0.3000000119209289,-12.74031925201416,133.98892517089843,0.5481950879096985,0.41907548904418945,0.13046875596046448,-0.2497327983379364,0.0,can_fixalpha_03_s5,can,fixalpha_03,5,12.74031925201416,0.6294976259538299,2.085984945297241
95000,0.3000000119209289,-12.963847637176514,132.12904357910156,0.5458468198776245,0.4104969277977943,0.12939453683793545,-0.23983805626630778,0.0,can_fixalpha_03_s5,can,fixalpha_03,5,12.963847637176514,0.6212197436038587,2.053303599357605
100000,0.3000000119209289,-13.048902034759521,131.23130798339844,0.5479779690504074,0.4018292129039764,0.1312081515789032,-0.24238033220171923,0.0,can_fixalpha_03_s5,can,fixalpha_03,5,13.048902034759521,0.6303732242548251,2.0045082569122314
105000,0.3000000119209289,-13.615912199020386,131.463134765625,0.5431990772485733,0.3751714900135994,0.1281040795147419,-0.2367870509624481,0.0,can_fixalpha_03_s5,can,fixalpha_03,5,13.615912199020386,0.6143069658905549,1.9709693491458893
110000,0.3000000119209289,-13.358257055282593,131.2515640258789,0.5450325012207031,0.384321928024292,0.12482561729848385,-0.242088858038187,0.0,can_fixalpha_03_s5,can,fixalpha_03,5,13.358257055282593,0.6415186664181162,1.9217475354671478
115000,0.3000000119209289,-13.577039241790771,135.41766357421875,0.5409723073244095,0.3808136209845543,0.1235351637005806,-0.24015803635120386,0.0,can_fixalpha_03_s5,can,fixalpha_03,5,13.577039241790771,0.6258312471394553,1.9482511281967163
120000,0.3000000119209289,-13.74561595916748,136.5796875,0.5394036173820496,0.3723330020904541,0.12137277275323868,-0.24282288253307344,0.0,can_fixalpha_03_s5,can,fixalpha_03,5,13.74561595916748,0.619547824646708,1.9541407585144044
0,1.0,-17.364634037017822,252.24566459655762,0.5210414826869965,0.18632645718753335,0.1007952056825161,-0.1712834909558296,0.0,can_fixalpha_1_s1,can,fixalpha_1,1,17.364634037017822,,
5000,1.0,-14.669522285461426,515.2935943603516,0.5367046743631363,0.3326965793967247,0.12071010656654835,-0.21267849206924436,0.0,can_fixalpha_1_s1,can,fixalpha_1,1,14.669522285461426,,
10000,1.0,-11.692779064178467,664.7897644042969,0.5517950654029846,0.44286545366048813,0.1356375627219677,-0.25645424053072924,0.0,can_fixalpha_1_s1,can,fixalpha_1,1,11.692779064178467,,
15000,1.0,-11.471436977386475,779.1619720458984,0.551480621099472,0.45614973455667496,0.1361956000328064,-0.2728393897414207,0.0,can_fixalpha_1_s1,can,fixalpha_1,1,11.471436977386475,,
20000,1.0,-9.781268835067749,821.2015991210938,0.5616787970066071,0.5167131945490837,0.1505650170147419,-0.2890635207295418,0.0,can_fixalpha_1_s1,can,fixalpha_1,1,9.781268835067749,,
25000,1.0,-9.1903555393219,824.0541381835938,0.5616012811660767,0.5344091430306435,0.1508091576397419,-0.3146999925374985,0.0,can_fixalpha_1_s1,can,fixalpha_1,1,9.1903555393219,,
30000,1.0,-9.425768280029297,815.366748046875,0.5634675264358521,0.5310034036636353,0.14991630017757415,-0.3075781226158142,0.0,can_fixalpha_1_s1,can,fixalpha_1,1,9.425768280029297,,
35000,1.0,-9.648894548416138,801.9451599121094,0.5615110099315643,0.5283405482769012,0.1466587670147419,-0.3159446343779564,0.0,can_fixalpha_1_s1,can,fixalpha_1,1,9.648894548416138,,
40000,1.0,-9.477681875228882,802.9154357910156,0.5632239431142807,0.5263674855232239,0.1508440375328064,-0.3059489727020263,0.0,can_fixalpha_1_s1,can,fixalpha_1,1,9.477681875228882,,
45000,1.0,-9.822696685791016,790.6954956054688,0.562851220369339,0.5179660320281982,0.1457170844078064,-0.3041909858584404,0.0,can_fixalpha_1_s1,can,fixalpha_1,1,9.822696685791016,,
50000,1.0,-10.310147047042847,802.8901062011719,0.5554654002189636,0.5008129179477692,0.1395786926150322,-0.2986629605293274,0.0,can_fixalpha_1_s1,can,fixalpha_1,1,10.310147047042847,,
55000,1.0,-10.609017372131348,802.8515625,0.5564258992671967,0.4876977875828743,0.1386021226644516,-0.3019922748208046,0.0,can_fixalpha_1_s1,can,fixalpha_1,1,10.609017372131348,,
60000,1.0,-10.80770492553711,780.9231201171875,0.5515729546546936,0.4888006806373596,0.13373326361179352,-0.3040653765201568,0.0,can_fixalpha_1_s1,can,fixalpha_1,1,10.80770492553711,,
65000,1.0,-11.296844482421875,764.6541442871094,0.5525633543729782,0.47118281573057175,0.1335449293255806,-0.28148646652698517,0.0,can_fixalpha_1_s1,can,fixalpha_1,1,11.296844482421875,,
70000,1.0,-11.940350532531738,763.3706970214844,0.5489530861377716,0.44780588150024414,0.1299176998436451,-0.2663867622613907,0.0,can_fixalpha_1_s1,can,fixalpha_1,1,11.940350532531738,,
75000,1.0,-12.245149612426758,768.3675689697266,0.5479023605585098,0.4391374960541725,0.12779018469154835,-0.272033266723156,0.0,can_fixalpha_1_s1,can,fixalpha_1,1,12.245149612426758,,
80000,1.0,-12.481339931488037,763.5588226318359,0.5436905175447464,0.43279282003641123,0.12496512942016125,-0.2739333435893059,0.0,can_fixalpha_1_s1,can,fixalpha_1,1,12.481339931488037,,
85000,1.0,-11.83382797241211,745.9084930419922,0.5481035560369492,0.45111975073814387,0.1315569281578064,-0.2782307416200637,0.0,can_fixalpha_1_s1,can,fixalpha_1,1,11.83382797241211,,
90000,1.0,-12.192126846313476,738.6011474609375,0.550353467464447,0.4442018449306488,0.12862723618745803,-0.26689725518226626,0.0,can_fixalpha_1_s1,can,fixalpha_1,1,12.192126846313476,,
95000,1.0,-12.251142263412476,724.2132110595703,0.5463146567344666,0.43181221187114716,0.12988282181322575,-0.268285758793354,0.0,can_fixalpha_1_s1,can,fixalpha_1,1,12.251142263412476,,
100000,1.0,-12.828555345535278,719.8458404541016,0.5393393337726593,0.41453512758016586,0.1212681420147419,-0.26384666562080383,0.0,can_fixalpha_1_s1,can,fixalpha_1,1,12.828555345535278,,
105000,1.0,-13.185029029846191,717.8213348388672,0.5445917844772339,0.4035438150167465,0.1230120025575161,-0.2522072196006775,0.0,can_fixalpha_1_s1,can,fixalpha_1,1,13.185029029846191,,
110000,1.0,-13.009153366088867,708.9951171875,0.5468712002038956,0.40362147241830826,0.1259068138897419,-0.24865154922008512,0.0,can_fixalpha_1_s1,can,fixalpha_1,1,13.009153366088867,,
115000,1.0,-13.606930494308472,713.7907409667969,0.541091114282608,0.3905288130044937,0.1224539689719677,-0.24507952481508252,0.0,can_fixalpha_1_s1,can,fixalpha_1,1,13.606930494308472,,
120000,1.0,-13.574840545654297,696.9739868164063,0.53827805519104,0.38477579951286317,0.12187500298023224,-0.24875923097133637,0.0,can_fixalpha_1_s1,can,fixalpha_1,1,13.574840545654297,,
0,1.0,-17.249736309051514,248.46764755249023,0.5246834009885788,0.19890651106834406,0.10456194542348385,-0.17103327810764307,0.0,can_fixalpha_1_s2,can,fixalpha_1,2,17.249736309051514,,
5000,1.0,-14.404481172561646,489.24922943115234,0.5416809767484665,0.3604189306497574,0.12496512942016125,-0.20329236611723897,0.0,can_fixalpha_1_s2,can,fixalpha_1,2,14.404481172561646,,
10000,1.0,-12.445185422897339,619.0466003417969,0.5494304746389389,0.4401744827628135,0.1320103295147419,-0.24637435376644135,0.0,can_fixalpha_1_s2,can,fixalpha_1,2,12.445185422897339,,
15000,1.0,-10.572256326675415,672.667236328125,0.5641253739595413,0.5031622797250748,0.147774837911129,-0.26517387852072716,0.0,can_fixalpha_1_s2,can,fixalpha_1,2,10.572256326675415,,
20000,1.0,-10.01115345954895,738.2414398193359,0.5656338185071945,0.5194681584835052,0.1530761756002903,-0.2727324515581131,0.0,can_fixalpha_1_s2,can,fixalpha_1,2,10.01115345954895,,
25000,1.0,-9.958848237991333,785.9718780517578,0.5650194585323334,0.5226209834218025,0.1514369510114193,-0.28106678277254105,0.0,can_fixalpha_1_s2,can,fixalpha_1,2,9.958848237991333,,
30000,1.0,-10.177788925170898,812.7455078125,0.559380292892456,0.5134673774242401,0.14361049830913544,-0.2892608344554901,0.0,can_fixalpha_1_s2,can,fixalpha_1,2,10.177788925170898,,
35000,1.0,-10.83560061454773,820.1724243164062,0.55474454164505,0.48503606766462326,0.138497494161129,-0.2894749045372009,0.0,can_fixalpha_1_s2,can,fixalpha_1,2,10.83560061454773,,
40000,1.0,-10.61403489112854,808.4210662841797,0.5549633651971817,0.489903561770916,0.142403744161129,-0.29436174780130386,0.0,can_fixalpha_1_s2,can,fixalpha_1,2,10.61403489112854,,
45000,1.0,-10.39579725265503,807.7048645019531,0.5618721395730972,0.5084764659404755,0.1498674713075161,-0.27648766338825226,0.0,can_fixalpha_1_s2,can,fixalpha_1,2,10.39579725265503,,
50000,1.0,-11.018311023712158,809.701904296875,0.5522464215755463,0.4749038368463516,0.1394391842186451,-0.28744326531887054,0.0,can_fixalpha_1_s2,can,fixalpha_1,2,11.018311023712158,,
55000,1.0,-10.795473337173462,790.0861053466797,0.5571233630180359,0.4893440455198288,0.1415666937828064,-0.2873157933354378,0.0,can_fixalpha_1_s2,can,fixalpha_1,2,10.795473337173462,,
60000,1.0,-10.987148475646972,777.8282104492188,0.5544669985771179,0.47330031991004945,0.13808594644069672,-0.28362823128700254,0.0,can_fixalpha_1_s2,can,fixalpha_1,2,10.987148475646972,,
65000,1.0,-11.652306079864502,766.1477966308594,0.5472553074359894,0.4497391805052757,0.133126400411129,-0.28122828155755997,0.0,can_fixalpha_1_s2,can,fixalpha_1,2,11.652306079864502,,
70000,1.0,-11.842384815216064,750.7601470947266,0.5504787266254425,0.44115026295185084,0.1290457621216774,-0.27738606184720993,0.0,can_fixalpha_1_s2,can,fixalpha_1,2,11.842384815216064,,
75000,1.0,-12.455415487289429,719.8582000732422,0.5442531704902649,0.42875611782073975,0.1292201541364193,-0.26860325038433075,0.0,can_fixalpha_1_s2,can,fixalpha_1,2,12.455415487289429,,
80000,1.0,-12.98326063156128,720.2020568847656,0.5406427532434464,0.40581461787223816,0.12137277238070965,-0.2625671625137329,0.0,can_fixalpha_1_s2,can,fixalpha_1,2,12.98326063156128,,
85000,1.0,-12.757829189300537,712.0060272216797,0.5443328022956848,0.41504427045583725,0.1269182525575161,-0.25801505148410797,0.0,can_fixalpha_1_s2,can,fixalpha_1,2,12.757829189300537,,
90000,1.0,-12.681520652770995,718.00927734375,0.545368230342865,0.4145155370235443,0.12569755166769028,-0.2632879436016083,0.0,can_fixalpha_1_s2,can,fixalpha_1,2,12.681520652770995,,
95000,1.0,-12.545538902282715,723.5138549804688,0.5440138280391693,0.4254852905869484,0.1259068138897419,-0.26528395712375635,0.0,can_fixalpha_1_s2,can,fixalpha_1,2,12.545538902282715,,
100000,1.0,-13.069844484329224,722.8817901611328,0.5396245867013931,0.40744440257549286,0.12098912335932255,-0.26252080500125885,0.0,can_fixalpha_1_s2,can,fixalpha_1,2,13.069844484329224,,
105000,1.0,-12.439245700836182,702.1518402099609,0.5459973961114883,0.4242826774716377,0.1233956553041935,-0.26829786598682404,0.0,can_fixalpha_1_s2,can,fixalpha_1,2,12.439245700836182,,
110000,1.0,-12.750361442565918,708.4285430908203,0.5402846485376358,0.40922705829143524,0.1215820349752903,-0.26833243668079376,0.0,can_fixalpha_1_s2,can,fixalpha_1,2,12.750361442565918,,
115000,1.0,-12.66584062576294,703.0680847167969,0.5450802892446518,0.4146652817726135,0.1246861107647419,-0.2651359587907791,0.0,can_fixalpha_1_s2,can,fixalpha_1,2,12.66584062576294,,
120000,1.0,-12.276177787780762,692.0066528320312,0.5467237949371337,0.4341927349567413,0.13094308525323867,-0.2660782039165497,0.0,can_fixalpha_1_s2,can,fixalpha_1,2,12.276177787780762,,
0,1.0,-17.789451122283936,257.8370704650879,0.5231811255216599,0.16736392863094804,0.1015625037252903,-0.15791754052042958,0.0,can_fixalpha_1_s3,can,fixalpha_1,3,17.789451122283936,,
5000,1.0,-14.367686033248901,508.73695373535156,0.5356973856687546,0.3397771120071411,0.1155133992433548,-0.22960650920867917,0.0,can_fixalpha_1_s3,can,fixalpha_1,3,14.367686033248901,,
10000,1.0,-12.064100980758667,647.0949096679688,0.5527115017175674,0.4398486241698265,0.1362653523683548,-0.253368504345417,0.0,can_fixalpha_1_s3,can,fixalpha_1,3,12.064100980758667,,
15000,1.0,-9.737484455108643,725.5906524658203,0.5684358924627304,0.5153736770153046,0.1575055904686451,-0.2671395093202591,0.0,can_fixalpha_1_s3,can,fixalpha_1,3,9.737484455108643,,
20000,1.0,-8.654227018356323,804.4631042480469,0.5737134218215942,0.5495302230119705,0.1669224388897419,-0.28114479035139084,0.0,can_fixalpha_1_s3,can,fixalpha_1,3,8.654227018356323,,
25000,1.0,-9.816478252410889,875.6715393066406,0.5623272210359573,0.5203160792589188,0.1534947007894516,-0.28617919236421585,0.0,can_fixalpha_1_s3,can,fixalpha_1,3,9.816478252410889,,
30000,1.0,-9.520458221435547,903.8432373046875,0.5640654921531677,0.5241809666156769,0.15541295409202577,-0.2934698283672333,0.0,can_fixalpha_1_s3,can,fixalpha_1,3,9.520458221435547,,
35000,1.0,-10.114710330963135,915.4524230957031,0.56211157143116,0.5020988062024117,0.1465890109539032,-0.2927057519555092,0.0,can_fixalpha_1_s3,can,fixalpha_1,3,10.114710330963135,,
40000,1.0,-10.112854719161987,878.2107238769531,0.5597016960382462,0.5036388412117958,0.1474260687828064,-0.2878580838441849,0.0,can_fixalpha_1_s3,can,fixalpha_1,3,10.112854719161987,,
45000,1.0,-11.244791746139526,869.04248046875,0.5595052093267441,0.4798353463411331,0.1471819281578064,-0.26778410375118256,0.0,can_fixalpha_1_s3,can,fixalpha_1,3,11.244791746139526,,
50000,1.0,-11.08559775352478,845.7097473144531,0.5557477176189423,0.4747268781065941,0.1407645158469677,-0.27016617357730865,0.0,can_fixalpha_1_s3,can,fixalpha_1,3,11.08559775352478,,
55000,1.0,-12.046591758728027,842.2105255126953,0.5489292144775391,0.44117264449596405,0.1343819797039032,-0.26380960643291473,0.0,can_fixalpha_1_s3,can,fixalpha_1,3,12.046591758728027,,
60000,1.0,-12.109962844848633,834.0510131835938,0.5487060427665711,0.4419666945934296,0.1329241156578064,-0.26742511391639706,0.0,can_fixalpha_1_s3,can,fixalpha_1,3,12.109962844848633,,
65000,1.0,-12.166978359222412,843.9937744140625,0.5481135100126266,0.4336441159248352,0.1342773474752903,-0.2597376070916652,0.0,can_fixalpha_1_s3,can,fixalpha_1,3,12.166978359222412,,
70000,1.0,-12.179344177246094,851.8799285888672,0.54861980676651,0.42949913442134857,0.1290108896791935,-0.25186277180910105,0.0,can_fixalpha_1_s3,can,fixalpha_1,3,12.179344177246094,,
75000,1.0,-11.637424230575562,832.5972747802734,0.5522495657205582,0.45126739144325256,0.1399972178041935,-0.2608951181173324,0.0,can_fixalpha_1_s3,can,fixalpha_1,3,11.637424230575562,,
80000,1.0,-12.290313005447388,824.9445495605469,0.5490148663520813,0.43402400612831116,0.1320800818502903,-0.2595769613981247,0.0,can_fixalpha_1_s3,can,fixalpha_1,3,12.290313005447388,,
85000,1.0,-12.355572938919067,804.0428619384766,0.548211857676506,0.4286288693547249,0.1316615603864193,-0.2609322220087051,0.0,can_fixalpha_1_s3,can,fixalpha_1,3,12.355572938919067,,
90000,1.0,-12.714506149291992,793.08994140625,0.5450213789939881,0.4233607590198517,0.12940848767757415,-0.25531354844570153,0.0,can_fixalpha_1_s3,can,fixalpha_1,3,12.714506149291992,,
95000,1.0,-12.371996879577637,773.1683349609375,0.5465591996908188,0.43250031769275665,0.1300572045147419,-0.25828588008880615,0.0,can_fixalpha_1_s3,can,fixalpha_1,3,12.371996879577637,,
100000,1.0,-12.51438856124878,753.0482177734375,0.5495338439941406,0.4291236326098442,0.1324288547039032,-0.2546396255493164,0.0,can_fixalpha_1_s3,can,fixalpha_1,3,12.51438856124878,,
105000,1.0,-12.796546697616577,759.0662384033203,0.5474100559949875,0.40945764631032944,0.1278599388897419,-0.25694260001182556,0.0,can_fixalpha_1_s3,can,fixalpha_1,3,12.796546697616577,,
110000,1.0,-12.75950574874878,767.0114135742188,0.5446283519268036,0.41126445680856705,0.1264299750328064,-0.2528776936233043,0.0,can_fixalpha_1_s3,can,fixalpha_1,3,12.75950574874878,,
115000,1.0,-13.453552722930908,762.5620269775391,0.5397118479013443,0.391263872385025,0.12071010284125805,-0.25138314440846443,0.0,can_fixalpha_1_s3,can,fixalpha_1,3,13.453552722930908,,
120000,1.0,-13.296281623840333,752.4323486328125,0.5422278642654419,0.3888844728469848,0.122433041036129,-0.25337837338447566,0.0,can_fixalpha_1_s3,can,fixalpha_1,3,13.296281623840333,,
0,0.0099999997764825,36.53375577926636,-52.00187397003174,0.7601863145828247,1.472101479768753,0.4831543266773224,-0.6830413937568665,0.0,can_fixalpha_s1,can,fixalpha,1,-36.53375577926636,,
5000,0.0099999997764825,51.54941463470459,-57.211015701293945,0.7791289985179901,1.7030068933963776,0.5208914950489998,-0.9450912326574326,0.0,can_fixalpha_s1,can,fixalpha,1,-51.54941463470459,,
10000,0.0099999997764825,47.32694435119629,-52.71645641326904,0.7660270631313324,1.647301971912384,0.501813642680645,-0.8533008992671967,0.0,can_fixalpha_s1,can,fixalpha,1,-47.32694435119629,,
15000,0.0099999997764825,43.62531757354736,-52.34310054779053,0.7592400312423706,1.5945832133293152,0.4916294887661934,-0.8176981657743454,0.0,can_fixalpha_s1,can,fixalpha,1,-43.62531757354736,,
20000,0.0099999997764825,39.99610614776611,-52.02616310119629,0.7502291649580002,1.5280759632587433,0.4718192145228386,-0.7822135090827942,0.0,can_fixalpha_s1,can,fixalpha,1,-39.99610614776611,,
25000,0.0099999997764825,39.653642654418945,-49.62479496002197,0.7526565492153168,1.5403368175029755,0.4750976786017418,-0.7549019157886505,0.0,can_fixalpha_s1,can,fixalpha,1,-39.653642654418945,,
30000,0.0099999997764825,36.34370574951172,-49.831259155273436,0.7470917224884033,1.4818974733352661,0.46484377384185793,-0.7416250467300415,0.0,can_fixalpha_s1,can,fixalpha,1,-36.34370574951172,,
35000,0.0099999997764825,38.018646240234375,-48.673919677734375,0.7491530925035477,1.5096811354160309,0.4730050414800644,-0.7498444020748138,0.0,can_fixalpha_s1,can,fixalpha,1,-38.018646240234375,,
40000,0.0099999997764825,36.00486087799072,-50.34014129638672,0.7462713569402695,1.4827945828437805,0.4638323336839676,-0.7158721834421158,0.0,can_fixalpha_s1,can,fixalpha,1,-36.00486087799072,,
45000,0.0099999997764825,36.575687408447266,-52.26065731048584,0.7506796568632126,1.5045176148414612,0.472760908305645,-0.6988174617290497,0.0,can_fixalpha_s1,can,fixalpha,1,-36.575687408447266,,
50000,0.0099999997764825,35.69307518005371,-51.58071327209473,0.7475605607032776,1.4862606525421143,0.4658203423023224,-0.7133017927408218,0.0,can_fixalpha_s1,can,fixalpha,1,-35.69307518005371,,
55000,0.0099999997764825,36.52489471435547,-49.84647083282471,0.7494677752256393,1.4867717921733856,0.471784345805645,-0.731549546122551,0.0,can_fixalpha_s1,can,fixalpha,1,-36.52489471435547,,
60000,0.0099999997764825,34.502690124511716,-49.31199722290039,0.7476505637168884,1.4625460624694824,0.4617745757102966,-0.7151756286621094,0.0,can_fixalpha_s1,can,fixalpha,1,-34.502690124511716,,
65000,0.0099999997764825,34.61872100830078,-51.70922660827637,0.7455441653728485,1.4583559334278107,0.4631347879767418,-0.7152749449014664,0.0,can_fixalpha_s1,can,fixalpha,1,-34.61872100830078,,
70000,0.0099999997764825,35.09578323364258,-52.5701265335083,0.7476023584604263,1.4655158519744873,0.4636230617761612,-0.7153737396001816,0.0,can_fixalpha_s1,can,fixalpha,1,-35.09578323364258,,
75000,0.0099999997764825,34.83131408691406,-54.01315307617188,0.7466722726821899,1.459264636039734,0.4667969048023224,-0.7283573746681213,0.0,can_fixalpha_s1,can,fixalpha,1,-34.83131408691406,,
0,0.0099999997764825,47.33019542694092,-51.174067974090576,0.7940357774496078,1.71657595038414,0.5546177849173546,-0.6814210563898087,0.0,can_fixalpha_s2,can,fixalpha,2,-47.33019542694092,,
5000,0.0099999997764825,57.967580795288086,-62.456722259521484,0.7808957695960999,1.7965000867843628,0.5408761352300644,-0.9696052670478821,0.0,can_fixalpha_s2,can,fixalpha,2,-57.967580795288086,,
10000,0.0099999997764825,50.3923454284668,-52.81329822540283,0.773698017001152,1.6966693699359894,0.5206822380423546,-0.8767043948173523,0.0,can_fixalpha_s2,can,fixalpha,2,-50.3923454284668,,
15000,0.0099999997764825,44.46401500701904,-50.22049522399902,0.7560265213251114,1.5839587152004242,0.4842355102300644,-0.8636189550161362,0.0,can_fixalpha_s2,can,fixalpha,2,-44.46401500701904,,
20000,0.0099999997764825,41.4612922668457,-51.423147201538086,0.7473566830158234,1.5321158170700073,0.4693080633878708,-0.839093953371048,0.0,can_fixalpha_s2,can,fixalpha,2,-41.4612922668457,,
25000,0.0099999997764825,41.29717445373535,-50.40163612365723,0.7543756812810898,1.5560241639614105,0.4796317219734192,-0.79243004322052,0.0,can_fixalpha_s2,can,fixalpha,2,-41.29717445373535,,
30000,0.0099999997764825,37.09166641235352,-48.66905517578125,0.746527624130249,1.4736977100372315,0.4617466747760773,-0.7796989560127259,0.0,can_fixalpha_s2,can,fixalpha,2,-37.09166641235352,,
35000,0.0099999997764825,36.37195014953613,-50.733168601989746,0.7426882237195969,1.4594507813453674,0.4566127508878708,-0.7846984267234802,0.0,can_fixalpha_s2,can,fixalpha,2,-36.37195014953613,,
40000,0.0099999997764825,37.617910385131836,-51.19947624206543,0.7501367479562759,1.5039020776748657,0.4686105102300644,-0.7534910142421722,0.0,can_fixalpha_s2,can,fixalpha,2,-37.617910385131836,,
45000,0.0099999997764825,38.93117141723633,-51.2845802307129,0.755566194653511,1.5332625210285187,0.480329267680645,-0.7416366189718246,0.0,can_fixalpha_s2,can,fixalpha,2,-38.93117141723633,,
50000,0.0099999997764825,39.22078895568848,-48.37502193450928,0.7568015307188034,1.5367014110088348,0.4825962856411934,-0.7419903874397278,0.0,can_fixalpha_s2,can,fixalpha,2,-39.22078895568848,,
55000,0.0099999997764825,39.75298023223877,-44.2138147354126,0.756106048822403,1.543026328086853,0.4803641363978386,-0.7658213675022125,0.0,can_fixalpha_s2,can,fixalpha,2,-39.75298023223877,,
60000,0.0099999997764825,40.8293212890625,-39.12180099487305,0.7580492496490479,1.555604338645935,0.4847098410129547,-0.7801428079605103,0.0,can_fixalpha_s2,can,fixalpha,2,-40.8293212890625,,
65000,0.0099999997764825,39.93785381317139,-36.312228202819824,0.7550390809774399,1.537831336259842,0.4808175414800644,-0.7763771414756775,0.0,can_fixalpha_s2,can,fixalpha,2,-39.93785381317139,,
70000,0.0099999997764825,41.18410301208496,-39.390695571899414,0.7606959939002991,1.573381632566452,0.4927106872200966,-0.7597080618143082,0.0,can_fixalpha_s2,can,fixalpha,2,-41.18410301208496,,
75000,0.0099999997764825,38.777689933776855,-41.95807075500488,0.7543498873710632,1.51333948969841,0.4748186618089676,-0.7852701097726822,0.0,can_fixalpha_s2,can,fixalpha,2,-38.777689933776855,,
80000,0.0099999997764825,38.844401359558105,-44.07276248931885,0.7549044787883759,1.518570452928543,0.4772949367761612,-0.7701186090707779,0.0,can_fixalpha_s2,can,fixalpha,2,-38.844401359558105,,
85000,0.0099999997764825,39.695159912109375,-47.35003662109375,0.7565376907587051,1.5298835635185242,0.482212632894516,-0.7728857845067978,0.0,can_fixalpha_s2,can,fixalpha,2,-39.695159912109375,,
90000,0.0099999997764825,39.21985931396485,-49.752314758300784,0.7534667253494263,1.5109990119934082,0.4770368456840515,-0.7996795892715454,0.0,can_fixalpha_s2,can,fixalpha,2,-39.21985931396485,,
95000,0.0099999997764825,39.776204109191895,-50.256465911865234,0.7561278343200684,1.5397256314754486,0.483189195394516,-0.776948943734169,0.0,can_fixalpha_s2,can,fixalpha,2,-39.776204109191895,,
100000,0.0099999997764825,41.077223777770996,-48.4758186340332,0.76054747402668,1.5598027110099792,0.4857352301478386,-0.7930703610181808,0.0,can_fixalpha_s2,can,fixalpha,2,-41.077223777770996,,
105000,0.0099999997764825,39.00660514831543,-45.73811912536621,0.7512485682964325,1.5058956146240234,0.4696917086839676,-0.7965977042913437,0.0,can_fixalpha_s2,can,fixalpha,2,-39.00660514831543,,
110000,0.0099999997764825,39.335089683532715,-43.4341344833374,0.7537423074245453,1.5259182155132294,0.4789341688156128,-0.7705914229154587,0.0,can_fixalpha_s2,can,fixalpha,2,-39.335089683532715,,
115000,0.0099999997764825,37.22859859466553,-48.24443340301514,0.7503150850534439,1.4901714324951172,0.4703194946050644,-0.7668754011392593,0.0,can_fixalpha_s2,can,fixalpha,2,-37.22859859466553,,
120000,0.0099999997764825,36.28758087158203,-49.25117568969726,0.7474173784255982,1.4673500299453734,0.46342078447341917,-0.7712478518486023,0.0,can_fixalpha_s2,can,fixalpha,2,-36.28758087158203,,
0,0.0099999997764825,51.347394943237305,-51.51120710372925,0.8135820180177689,1.7159853279590607,0.5827985852956772,-0.7698791325092316,0.0,can_fixalpha_s3,can,fixalpha,3,-51.347394943237305,,
5000,0.0099999997764825,54.06301021575928,-65.30012512207031,0.781456932425499,1.7549781203269958,0.5339006930589676,-0.9084042310714722,0.0,can_fixalpha_s3,can,fixalpha,3,-54.06301021575928,,
10000,0.0099999997764825,50.93685817718506,-55.22694683074951,0.771413654088974,1.706942468881607,0.5156250223517418,-0.8836320787668228,0.0,can_fixalpha_s3,can,fixalpha,3,-50.93685817718506,,
15000,0.0099999997764825,47.413994789123535,-47.607237815856934,0.767647385597229,1.6549109816551208,0.5067662075161934,-0.8392351120710373,0.0,can_fixalpha_s3,can,fixalpha,3,-47.413994789123535,,
20000,0.0099999997764825,44.628679275512695,-46.92192077636719,0.7603202015161514,1.609157234430313,0.4923270419239998,-0.8185707628726959,0.0,can_fixalpha_s3,can,fixalpha,3,-44.628679275512695,,
25000,0.0099999997764825,48.401862144470215,-38.171560287475586,0.7727578431367874,1.690761536359787,0.5160784348845482,-0.8105823397636414,0.0,can_fixalpha_s3,can,fixalpha,3,-48.401862144470215,,
30000,0.0099999997764825,43.44722900390625,-32.91054000854492,0.7660927653312684,1.6146621704101562,0.5016462206840515,-0.7759125709533692,0.0,can_fixalpha_s3,can,fixalpha,3,-43.44722900390625,,
35000,0.0099999997764825,41.434743881225586,-35.215702056884766,0.7623937577009201,1.5822922885417938,0.4943499192595482,-0.761987030506134,0.0,can_fixalpha_s3,can,fixalpha,3,-41.434743881225586,,
40000,0.0099999997764825,44.733853340148926,-35.801984786987305,0.7705843150615692,1.6418344378471375,0.5086495727300644,-0.7486299276351929,0.0,can_fixalpha_s3,can,fixalpha,3,-44.733853340148926,,
45000,0.0099999997764825,43.65395259857178,-34.05155038833618,0.7709375023841858,1.6292363703250885,0.510916605591774,-0.7659363746643066,0.0,can_fixalpha_s3,can,fixalpha,3,-43.65395259857178,,
50000,0.0099999997764825,39.694214820861816,-38.18985176086426,0.7554146498441696,1.5392670333385468,0.480503648519516,-0.752673014998436,0.0,can_fixalpha_s3,can,fixalpha,3,-39.694214820861816,,
55000,0.0099999997764825,41.04537296295166,-39.904354095458984,0.7644723504781723,1.5854224860668182,0.4974539875984192,-0.7354038804769516,0.0,can_fixalpha_s3,can,fixalpha,3,-41.04537296295166,,
60000,0.0099999997764825,40.89132232666016,-34.81158676147461,0.7639909267425538,1.5742358207702636,0.4982143044471741,-0.7493502616882324,0.0,can_fixalpha_s3,can,fixalpha,3,-40.89132232666016,,
65000,0.0099999997764825,37.837181091308594,-38.85056495666504,0.7540440261363983,1.5230948626995087,0.4804687723517418,-0.7322743684053421,0.0,can_fixalpha_s3,can,fixalpha,3,-37.837181091308594,,
70000,0.0099999997764825,39.31547546386719,-38.58624458312988,0.7599835246801376,1.543160229921341,0.4861886352300644,-0.7361212372779846,0.0,can_fixalpha_s3,can,fixalpha,3,-39.31547546386719,,
75000,0.0099999997764825,40.19717979431152,-41.39863109588623,0.7644612491130829,1.568145215511322,0.4985351786017418,-0.7326714843511581,0.0,can_fixalpha_s3,can,fixalpha,3,-40.19717979431152,,
80000,0.0099999997764825,36.55972671508789,-43.4276762008667,0.7534556537866592,1.501448005437851,0.4753767028450966,-0.7230016589164734,0.0,can_fixalpha_s3,can,fixalpha,3,-36.55972671508789,,
85000,0.0099999997764825,35.946391105651855,-44.98946952819824,0.7535113394260406,1.49240443110466,0.4752371907234192,-0.7114279419183731,0.0,can_fixalpha_s3,can,fixalpha,3,-35.946391105651855,,
90000,0.0099999997764825,35.290184783935544,-46.46756286621094,0.7521136403083801,1.4791647672653199,0.470200914144516,-0.7102259635925293,0.0,can_fixalpha_s3,can,fixalpha,3,-35.290184783935544,,
95000,0.0099999997764825,35.479567527770996,-46.78674602508545,0.7516724318265915,1.4769187271595001,0.4671107903122902,-0.7266829311847687,0.0,can_fixalpha_s3,can,fixalpha,3,-35.479567527770996,,
100000,0.0099999997764825,36.23458385467529,-47.10590839385986,0.7519776821136475,1.4931861460208893,0.4701799973845482,-0.7245880365371704,0.0,can_fixalpha_s3,can,fixalpha,3,-36.23458385467529,,
105000,0.0099999997764825,36.88988399505615,-48.189374923706055,0.7562485188245773,1.5041452050209045,0.4811663180589676,-0.7338648736476898,0.0,can_fixalpha_s3,can,fixalpha,3,-36.88988399505615,,
110000,0.0099999997764825,36.335394859313965,-49.622306823730476,0.7559587359428406,1.4967806339263916,0.4813755825161934,-0.7123769819736481,0.0,can_fixalpha_s3,can,fixalpha,3,-36.335394859313965,,
115000,0.0099999997764825,37.30319690704346,-53.20358467102051,0.7589468210935593,1.5116670727729797,0.4840611293911934,-0.720873549580574,0.0,can_fixalpha_s3,can,fixalpha,3,-37.30319690704346,,
120000,0.0099999997764825,36.90971298217774,-51.4270881652832,0.7554993271827698,1.5029601812362672,0.480747789144516,-0.741631829738617,0.0,can_fixalpha_s3,can,fixalpha,3,-36.90971298217774,,
0,0.3771670307964086,-14.985428094863892,-53.565266609191895,0.5417359322309494,0.2871917737647891,0.12245396710932255,-0.1873191520571708,0.0,can_hardq_s1,can,hardq,1,14.985428094863892,1.07319060236828,1.2944144755601883
5000,0.10058501968160267,-2.0508646592497826,-60.09772872924805,0.6000238955020905,0.7233617752790451,0.203752800822258,-0.4032398536801338,0.0,can_hardq_s1,can,hardq,1,2.0508646592497826,0.40803506538635764,1.7131746411323547
10000,0.07187294093891974,1.6959625035524368,-56.31010723114014,0.6211045533418655,0.8245862573385239,0.2329799272119999,-0.42360982298851013,0.0,can_hardq_s1,can,hardq,1,-1.6959625035524368,0.4081860895142677,1.3709667325019836
15000,0.06363327326253054,0.631991658359766,-50.78297519683838,0.6246283501386642,0.811262309551239,0.2373046949505806,-0.38754384219646454,0.0,can_hardq_s1,can,hardq,1,-0.631991658359766,0.42293950841891453,1.1173746883869171
20000,0.05714166187681252,-0.5857661664485931,-50.0644416809082,0.6127782911062241,0.776035338640213,0.2182268537580967,-0.4118407741189003,0.0,can_hardq_s1,can,hardq,1,0.5857661664485931,0.4575234350769648,0.9234631955623627
25000,0.05652377344667905,0.7035201620310545,-46.40792179107666,0.628410279750824,0.8140720874071121,0.2382463812828064,-0.3928845599293709,0.0,can_hardq_s1,can,hardq,1,-0.7035201620310545,0.4852223001518423,0.8692834973335266
30000,0.05594251930713649,0.01694806814193727,-45.374246978759764,0.6206434488296508,0.7987753629684449,0.23278460800647735,-0.3938491761684418,0.0,can_hardq_s1,can,hardq,1,-0.01694806814193727,0.4812142908071871,0.8601574540138245
35000,0.05483217965811488,0.1110174395143986,-43.53976058959961,0.6217633336782455,0.8003071248531342,0.2375139594078064,-0.3840111345052719,0.0,can_hardq_s1,can,hardq,1,-0.1110174395143986,0.48817698740023036,0.8230679929256439
40000,0.052187737543135854,0.11694063246250153,-44.86074733734131,0.620270773768425,0.8088865280151367,0.2381068766117096,-0.3927013501524925,0.0,can_hardq_s1,can,hardq,1,-0.11694063246250153,0.5085719719457185,0.7662783563137054
45000,0.050653910310938924,0.5779796987771988,-47.24028301239014,0.6264812350273132,0.8097503930330276,0.237444207072258,-0.38471655547618866,0.0,can_hardq_s1,can,hardq,1,-0.5779796987771988,0.4846971891494793,0.7713093608617783
50000,0.0519675974734127,-0.025770924985408783,-48.02613830566406,0.6265457272529602,0.8082556575536728,0.2383858934044838,-0.3781480938196182,0.0,can_hardq_s1,can,hardq,1,0.025770924985408783,0.4991340187617663,0.7686322927474976
55000,0.05424400032497938,1.283930204808712,-44.62833118438721,0.6288113445043564,0.8350101411342621,0.2443847768008709,-0.38930247724056244,0.0,can_hardq_s1,can,hardq,1,-1.283930204808712,0.49453728083688053,0.8314716666936874
60000,0.05744962085038419,0.3146756425499916,-41.12503509521484,0.6262553811073304,0.8124851822853089,0.23610492348670958,-0.38136530518531797,0.0,can_hardq_s1,can,hardq,1,-0.3146756425499916,0.5083292979795674,0.8413279175758361
65000,0.060032222326844874,0.09604158997535706,-37.27236557006836,0.6229816526174545,0.8076590001583099,0.2377581000328064,-0.38618385791778564,0.0,can_hardq_s1,can,hardq,1,-0.09604158997535706,0.49243974898986526,0.9087740629911423
70000,0.06160529544577,-0.11334870755672458,-35.15928649902344,0.6232971847057343,0.7997712343931198,0.2339564859867096,-0.3871334940195083,0.0,can_hardq_s1,can,hardq,1,0.11334870755672458,0.5038636208135563,0.9119794070720673
75000,0.0613601507619023,-1.3474785089492798,-35.494930267333984,0.6171876788139343,0.7777346968650818,0.2307477742433548,-0.3673712909221649,0.0,can_hardq_s1,can,hardq,1,1.3474785089492798,0.4858125860135821,0.9083508849143982
0,0.37565127294510603,-16.279664278030396,-57.320716857910156,0.5286844223737717,0.23348682187497613,0.10641043819487095,-0.18766861781477928,0.0,can_hardq_s2,can,hardq,2,16.279664278030396,0.8918537773297591,1.2537701427936554
5000,0.10368832498788833,-1.6134378910064697,-76.85307121276855,0.6128441393375397,0.750548854470253,0.2228655219078064,-0.359445534646511,0.0,can_hardq_s2,can,hardq,2,1.6134378910064697,0.3666109701871841,1.9574659764766693
10000,0.07579704215750095,0.8178545534610748,-62.64147472381592,0.6193827092647552,0.8027033507823944,0.2330147959291935,-0.4080570489168167,0.0,can_hardq_s2,can,hardq,2,-0.8178545534610748,0.40143248903992,1.411257654428482
15000,0.06657393649220462,0.8993066549301147,-55.32650566101074,0.618507981300354,0.8088912069797516,0.2310267947614193,-0.41945990175008774,0.0,can_hardq_s2,can,hardq,2,-0.8993066549301147,0.42023879484338567,1.2016016840934753
20000,0.06066265231929713,-0.049040544778108555,-54.18678665161133,0.6137923896312714,0.7908923476934433,0.2244349978864193,-0.404369980096817,0.0,can_hardq_s2,can,hardq,2,0.049040544778108555,0.42845056739371346,1.0505342781543732
25000,0.057017657905816976,0.7313186936080456,-51.24824523925781,0.6193638741970062,0.7962576001882553,0.2326660268008709,-0.41160792857408524,0.0,can_hardq_s2,can,hardq,2,-0.7313186936080456,0.4588255692560236,0.9210924804210663
30000,0.05609681662172076,0.28712198138237,-48.73123474121094,0.6187744021415711,0.7814532995224,0.22871094644069673,-0.4110697090625763,0.0,can_hardq_s2,can,hardq,2,-0.28712198138237,0.47083351815377095,0.8817214727401733
35000,0.055030402541160525,0.3511512652039528,-50.6649751663208,0.6201525181531906,0.7956913709640503,0.2326311469078064,-0.41411858797073364,0.0,can_hardq_s2,can,hardq,2,-0.3511512652039528,0.4863718442823862,0.8645283430814743
40000,0.0547129480168223,0.012258268892765045,-49.10955619812012,0.6226434409618378,0.7868866324424744,0.2350376769900322,-0.3800651431083679,0.0,can_hardq_s2,can,hardq,2,-0.012258268892765045,0.5054884871979435,0.7893864512443542
45000,0.0527769868727773,-1.1411270946264267,-47.88841915130615,0.6121778935194016,0.7627763450145721,0.2212960496544838,-0.3872060030698776,0.0,can_hardq_s2,can,hardq,2,1.1411270946264267,0.49574636872351596,0.7734439224004745
50000,0.0541375431232154,0.2164563611149788,-48.872857093811035,0.6229218095541,0.7894999831914902,0.2320033609867096,-0.39720394462347025,0.0,can_hardq_s2,can,hardq,2,-0.2164563611149788,0.5172351155794757,0.7787771672010422
55000,0.05735366684384637,-0.05351616442203522,-44.88619136810303,0.6210986226797104,0.7896960079669952,0.2297363393008709,-0.38512415438890457,0.0,can_hardq_s2,can,hardq,2,0.05351616442203522,0.4965119280400986,0.8547870963811874
60000,0.054832802340388266,0.26719487905502326,-44.13543701171875,0.6256291747093201,0.7995017528533935,0.2374163031578064,-0.38545233607292173,0.0,can_hardq_s2,can,hardq,2,-0.26719487905502326,0.4993414158792122,0.8141673922538757
65000,0.0510812350083142,0.34724128246307373,-48.21939277648926,0.6264658719301224,0.7944048941135406,0.2403738908469677,-0.3902703300118446,0.0,can_hardq_s2,can,hardq,2,-0.34724128246307373,0.49908379413820375,0.7601469457149506
70000,0.0509206620045006,-0.04739714041352272,-49.65151119232178,0.6264388561248779,0.7953584045171738,0.237444207072258,-0.3880774974822998,0.0,can_hardq_s2,can,hardq,2,0.04739714041352272,0.4969566377409613,0.7672174572944641
75000,0.0497556606307625,-0.6042925715446472,-47.86232376098633,0.6289820671081543,0.762542188167572,0.2385602742433548,-0.3654036819934845,0.0,can_hardq_s2,can,hardq,2,0.6042925715446472,0.5061465370674278,0.6921476721763611
0,0.3784375723451376,-14.459924936294556,-61.464356422424316,0.5459002703428268,0.3141906028613448,0.12698800675570965,-0.1946484632790088,0.0,can_hardq_s3,can,hardq,3,14.459924936294556,0.9543531505333535,1.3504749536514282
5000,0.11570999016985292,-2.0746175721287727,-74.73718643188477,0.6102122515439987,0.7431965917348862,0.2141462154686451,-0.3656455799937248,0.0,can_hardq_s3,can,hardq,3,2.0746175721287727,0.38814871405986084,2.0739957988262177
10000,0.0847822281531989,0.3906984180212021,-57.740450859069824,0.6127085238695145,0.7935433238744736,0.2212960459291935,-0.4423667266964912,0.0,can_hardq_s3,can,hardq,3,-0.3906984180212021,0.44266840123231416,1.4707479178905487
15000,0.0654035256709903,0.8557425364851952,-55.09335708618164,0.6180510222911835,0.8113114237785339,0.2298060916364193,-0.4299408495426178,0.0,can_hardq_s3,can,hardq,3,-0.8557425364851952,0.4183153256049197,1.2075996398925781
20000,0.06031667063944035,0.3370366245508194,-55.32704257965088,0.6195206344127655,0.8003022372722626,0.2294224426150322,-0.4102175235748291,0.0,can_hardq_s3,can,hardq,3,-0.3370366245508194,0.4463362679349823,1.010872557759285
25000,0.056261289026588154,0.5566148161888123,-52.68290328979492,0.6168354749679565,0.7955171912908554,0.2260393537580967,-0.4250131919980049,0.0,can_hardq_s3,can,hardq,3,-0.5566148161888123,0.4733405591022199,0.9009426832199097
30000,0.055483698025345765,0.4608100414276123,-53.03852996826172,0.6191327929496765,0.8000755310058594,0.22996652722358704,-0.41625866293907166,0.0,can_hardq_s3,can,hardq,3,-0.4608100414276123,0.4597188632912615,0.9129378795623779
35000,0.05523988958448165,0.9367333091795444,-52.177504539489746,0.624772772192955,0.8112512230873108,0.2381766326725483,-0.40867383033037186,0.0,can_hardq_s3,can,hardq,3,-0.9367333091795444,0.4619552710759204,0.9049720168113708
40000,0.0541898644994944,-0.30460916459560394,-50.12845325469971,0.61903977394104,0.7871256470680237,0.2273298092186451,-0.39756824821233744,0.0,can_hardq_s3,can,hardq,3,0.30460916459560394,0.4786254213505727,0.8368834853172302
45000,0.052532010758295576,-0.739425465464592,-50.18009853363037,0.6161098927259445,0.7827489376068115,0.2258300893008709,-0.3886192142963409,0.0,can_hardq_s3,can,hardq,3,0.739425465464592,0.4792092570954212,0.8034254759550095
50000,0.04707993641495703,-0.441508699208498,-50.001275062561035,0.6195274591445923,0.7882756590843201,0.2300502397119999,-0.38098858296871185,0.0,can_hardq_s3,can,hardq,3,0.441508699208498,0.480056450765754,0.7146112620830536
55000,0.04656880348920817,0.62657081335783,-53.43321990966797,0.6255742460489273,0.8167860358953476,0.2349330447614193,-0.39917585998773575,0.0,can_hardq_s3,can,hardq,3,-0.62657081335783,0.49295547231519365,0.7190053015947342
60000,0.046121341995894835,0.6589496091008187,-53.524051666259766,0.6262496948242188,0.8123370051383972,0.2412109524011612,-0.3932085335254669,0.0,can_hardq_s3,can,hardq,3,-0.6589496091008187,0.486311453918755,0.7128530979156494
65000,0.046628908254206125,0.12409120798110962,-53.29721450805664,0.6243776381015778,0.8002117574214935,0.2375488393008709,-0.3881019726395607,0.0,can_hardq_s3,can,hardq,3,-0.12409120798110962,0.49682983904561984,0.7018998861312866
70000,0.044692480238154475,0.10901766270399094,-50.03214931488037,0.6218687295913696,0.7954568713903427,0.2322126217186451,-0.3959823623299598,0.0,can_hardq_s3,can,hardq,3,-0.10901766270399094,0.4965692497217315,0.6714989393949509
75000,0.0447033360600471,0.4448926150798797,-49.40296936035156,0.6232419013977051,0.80014967918396,0.2338169813156128,-0.3934291005134582,0.0,can_hardq_s3,can,hardq,3,-0.4448926150798797,0.4809326132578569,0.6969259977340698
0,0.3769571658223867,-14.516820430755615,51.887495040893555,0.5431269109249115,0.36001987755298615,0.1236397959291935,-0.1981071196496486,0.779112,can_iql_linear_s1,can,iql_linear,1,14.516820430755615,,
5000,0.0883257533423602,-4.056760706007481,44.12285804748535,0.6046736240386963,0.7099019140005112,0.2043457143008709,-0.33113774657249445,0.7455120000000001,can_iql_linear_s1,can,iql_linear,1,4.056760706007481,,
10000,0.04937076852656895,-0.017544679343700395,-12.767401218414307,0.6281967163085938,0.821747899055481,0.2413155771791935,-0.3652578294277191,0.7119120000000001,can_iql_linear_s1,can,iql_linear,1,0.017544679343700395,,
15000,0.051704006409272474,-0.1505579650402069,-39.147772789001465,0.6268843710422516,0.8173142522573471,0.2395717166364193,-0.36539941281080246,0.678312,can_iql_linear_s1,can,iql_linear,1,0.1505579650402069,,
20000,0.05083663221448655,-0.09459292888641359,-35.37117290496826,0.6222599744796753,0.814182847738266,0.2360491193830967,-0.37684683501720423,0.644712,can_iql_linear_s1,can,iql_linear,1,0.09459292888641359,,
25000,0.049409199506044346,-0.29895735532045364,-34.97083759307861,0.6252884119749069,0.8098956942558289,0.2348632924258709,-0.37393304705619806,0.6111120000000001,can_iql_linear_s1,can,iql_linear,1,0.29895735532045364,,
30000,0.047438357323408065,0.3811548322439194,-34.931026458740234,0.6293591976165771,0.8231560826301575,0.24405693113803864,-0.36264768242835993,0.5733119999999999,can_iql_linear_s1,can,iql_linear,1,-0.3811548322439194,,
35000,0.0529872578568756,0.005334265530109419,-30.278319358825684,0.6294651180505753,0.8190547823905945,0.2414202094078064,-0.370614655315876,0.535512,can_iql_linear_s1,can,iql_linear,1,-0.005334265530109419,,
40000,0.05135788521729402,-0.29195570200681686,-24.411244869232178,0.6245859265327454,0.8064953684806824,0.2363630123436451,-0.3719624727964401,0.501912,can_iql_linear_s1,can,iql_linear,1,0.29195570200681686,,
45000,0.04873485136777157,0.11055891774594778,-27.133409023284912,0.6249320209026337,0.8146147429943085,0.2374093271791935,-0.3799322098493576,0.468312,can_iql_linear_s1,can,iql_linear,1,-0.11055891774594778,,
50000,0.04814256876707072,0.2919507212936878,-25.70589780807495,0.6283960342407227,0.8147408217191696,0.242082878947258,-0.3828325644135475,0.434712,can_iql_linear_s1,can,iql_linear,1,-0.2919507212936878,,
55000,0.04630437763407823,-0.5271356366574764,-26.236233711242676,0.6215576827526093,0.7970357984304428,0.2328404113650322,-0.37564007192850113,0.40111199999999997,can_iql_linear_s1,can,iql_linear,1,0.5271356366574764,,
60000,0.0433805482834577,0.2820395588874817,-26.443505096435548,0.628976845741272,0.8223714709281922,0.24375001192092896,-0.37817221879959106,0.36331199999999997,can_iql_linear_s1,can,iql_linear,1,-0.2820395588874817,,
65000,0.040346862142905546,0.2711087092757225,-29.893340587615967,0.6226582825183868,0.8142291307449341,0.2403390184044838,-0.3823452517390251,0.32551199999999997,can_iql_linear_s1,can,iql_linear,1,-0.2711087092757225,,
70000,0.03910838221199805,0.13794546574354172,-29.389245986938477,0.6247041970491409,0.8040156662464142,0.2377232238650322,-0.38497561961412424,0.29191199999999995,can_iql_linear_s1,can,iql_linear,1,-0.13794546574354172,,
75000,0.0382129314821213,0.10936816409230238,-32.04775047302246,0.6222255080938339,0.8011095076799393,0.2329450435936451,-0.39072486013174057,0.258312,can_iql_linear_s1,can,iql_linear,1,-0.10936816409230238,,
80000,0.03806276102550325,0.2894025444984436,-28.99858045578003,0.6248876750469208,0.8090164810419083,0.2386997863650322,-0.3860537260770798,0.22471199999999994,can_iql_linear_s1,can,iql_linear,1,-0.2894025444984436,,
85000,0.03654369227588172,-0.13350778818130493,-28.885894298553467,0.6203321218490601,0.7982632219791412,0.2321428656578064,-0.3892349675297737,0.19111199999999995,can_iql_linear_s1,can,iql_linear,1,0.13350778818130493,,
90000,0.0366194355115294,0.014216837286949146,-26.48355598449707,0.6224601745605469,0.7964496493339539,0.23448662161827089,-0.3916865050792694,0.15331199999999995,can_iql_linear_s1,can,iql_linear,1,-0.014216837286949146,,
95000,0.03693972197361285,-0.8479800149798393,-22.471118450164795,0.6180142313241959,0.774836465716362,0.2257603332400322,-0.3907395154237747,0.11551199999999995,can_iql_linear_s1,can,iql_linear,1,0.8479800149798393,,
100000,0.0364150456618517,0.1073852963745594,-24.381617069244385,0.6227176487445831,0.8017514646053314,0.2344098873436451,-0.3962911143898964,0.0999999999999999,can_iql_linear_s1,can,iql_linear,1,-0.1073852963745594,,
105000,0.03545234133489428,0.09701699018478394,-22.09669828414917,0.6238812804222107,0.7966368347406387,0.2334333248436451,-0.3967010974884033,0.0999999999999999,can_iql_linear_s1,can,iql_linear,1,-0.09701699018478394,,
110000,0.034756471356376974,0.026103055104613304,-22.495044231414795,0.6239170730113983,0.7995990514755249,0.234758660197258,-0.3931958451867103,0.0999999999999999,can_iql_linear_s1,can,iql_linear,1,-0.026103055104613304,,
115000,0.0325059126131236,0.0759086236357689,-23.683953285217285,0.6253580749034882,0.7975260764360428,0.2351074330508709,-0.3935123607516289,0.0999999999999999,can_iql_linear_s1,can,iql_linear,1,-0.0759086236357689,,
120000,0.03243121210485692,0.03936806321144104,-26.374586486816405,0.6238598465919495,0.797746479511261,0.2324218839406967,-0.39415944218635557,0.0999999999999999,can_iql_linear_s1,can,iql_linear,1,-0.03936806321144104,,
125000,0.0318178641609847,-0.1771503537893295,-26.18925380706787,0.6224270612001419,0.7935067117214203,0.2362583801150322,-0.39569752663373947,0.0999999999999999,can_iql_linear_s1,can,iql_linear,1,0.1771503537893295,,
130000,0.032128725945949524,0.5466017425060272,-27.640278339385986,0.6269632875919342,0.805166482925415,0.2387346625328064,-0.4026108533143997,0.0999999999999999,can_iql_linear_s1,can,iql_linear,1,-0.5466017425060272,,
135000,0.032289408007636605,-0.5049867853522301,-24.322919845581055,0.6199923455715179,0.7847780734300613,0.2300153560936451,-0.39241173118352884,0.0999999999999999,can_iql_linear_s1,can,iql_linear,1,0.5049867853522301,,
140000,0.03298017894849178,0.05495833978056902,-26.10888385772705,0.6217866390943527,0.7960428148508072,0.235491082072258,-0.40033145993947983,0.0999999999999999,can_iql_linear_s1,can,iql_linear,1,-0.05495833978056902,,
145000,0.032455112785100895,-0.34599002450704575,-23.920348644256592,0.6224236786365509,0.786664217710495,0.2320382371544838,-0.4019388407468796,0.0999999999999999,can_iql_linear_s1,can,iql_linear,1,0.34599002450704575,,
150000,0.03212311953306194,-0.9919539511203765,-22.34183120727539,0.6161779403686524,0.7645991563796997,0.2223772406578064,-0.39686905145645135,0.0999999999999999,can_iql_linear_s1,can,iql_linear,1,0.9919539511203765,,
155000,0.03303679032251235,0.03053952753543851,-23.144532203674316,0.6228692978620529,0.8003784567117691,0.2282017357647419,-0.4135434776544571,0.0999999999999999,can_iql_linear_s1,can,iql_linear,1,-0.03053952753543851,,
160000,0.03190168254077432,-0.5940328612923622,-21.174948692321777,0.6189267635345459,0.7856369912624359,0.2272949330508709,-0.4021989703178406,0.0999999999999999,can_iql_linear_s1,can,iql_linear,1,0.5940328612923622,,
165000,0.0305080623598769,-0.02292468771338463,-22.471962451934814,0.6229023188352585,0.787770539522171,0.2305733934044838,-0.4010106548666954,0.0999999999999999,can_iql_linear_s1,can,iql_linear,1,0.02292468771338463,,
170000,0.030231186468154127,-0.5285936444997787,-23.05336332321167,0.6199499666690826,0.7826840132474899,0.2300153560936451,-0.4075336679816246,0.0999999999999999,can_iql_linear_s1,can,iql_linear,1,0.5285936444997787,,
175000,0.0305579829961061,-1.1722952127456665,-21.12424659729004,0.6165117025375366,0.767049252986908,0.2216797024011612,-0.3964401185512543,0.0999999999999999,can_iql_linear_s1,can,iql_linear,1,1.1722952127456665,,
0,0.3763039354234934,-15.122206926345825,50.98554229736328,0.5391133278608322,0.34378640353679657,0.11415318585932255,-0.19771067053079602,0.9016336547812588,can_iql_prefill_s1,can,iql_prefill,1,15.122206926345825,,
5000,0.07498696837574237,-5.128543481230736,25.416330829262733,0.5954817831516266,0.6780906468629837,0.1972656361758709,-0.31704995036125183,0.8861334000221388,can_iql_prefill_s1,can,iql_prefill,1,5.128543481230736,,
10000,0.0424296614248305,-0.041030731052160256,-29.8334321975708,0.626888632774353,0.820234477519989,0.236711785197258,-0.3685481622815132,0.8711570889447849,can_iql_prefill_s1,can,iql_prefill,1,0.041030731052160256,,
15000,0.0484756868332624,0.06311328709125517,-53.528353691101074,0.630803644657135,0.8145537078380585,0.2455357275903225,-0.35778331756591797,0.8566785967910797,can_iql_prefill_s1,can,iql_prefill,1,-0.06311328709125517,,
20000,0.05074208923615507,0.2577652335166931,-56.470051765441895,0.6276159584522247,0.8207873851060867,0.2432338297367096,-0.3709673583507538,0.8426735072787792,can_iql_prefill_s1,can,iql_prefill,1,-0.2577652335166931,,
25000,0.045816833106800875,-0.30489794723689556,-52.648770332336426,0.6269558221101761,0.8157858550548553,0.2419433705508709,-0.36595239490270615,0.8291189751842606,can_iql_prefill_s1,can,iql_prefill,1,0.30489794723689556,,
30000,0.04308928493410344,0.11949267387390136,-49.79315872192383,0.6308408498764038,0.8144107580184936,0.24280134737491607,-0.3695088982582092,0.8143916212247237,can_iql_prefill_s1,can,iql_prefill,1,-0.11949267387390136,,
35000,0.04322861828841265,-0.1904806569218636,-48.14188194274902,0.6316708773374557,0.8142745196819305,0.2444545328617096,-0.3638233616948128,0.8001599416781973,can_iql_prefill_s1,can,iql_prefill,1,0.1904806569218636,,
40000,0.042240813560783824,-0.6734695732593536,-43.921037673950195,0.6276847422122955,0.7984866201877594,0.2395717203617096,-0.35655248165130615,0.7879286821904739,can_iql_prefill_s1,can,iql_prefill,1,0.6734695732593536,,
45000,0.04058743058703835,-0.3177902139723301,-41.56117248535156,0.6325431019067764,0.8131300061941147,0.2457798644900322,-0.35276414453983307,0.7760657338259286,can_iql_prefill_s1,can,iql_prefill,1,0.3177902139723301,,
50000,0.0398940226528793,0.20259171724319458,-42.02664566040039,0.6345364153385162,0.8266433924436569,0.2507324367761612,-0.353450708091259,0.7645547070300119,can_iql_prefill_s1,can,iql_prefill,1,-0.20259171724319458,,
55000,0.0388645359780639,0.6243036966770887,-39.376070976257324,0.6371911466121674,0.8345921337604523,0.2510463260114193,-0.36743926256895065,0.7533801704805436,can_iql_prefill_s1,can,iql_prefill,1,-0.6243036966770887,,
60000,0.03813900515437122,0.06196832358837132,-39.796766662597655,0.6357878804206848,0.8196051001548768,0.2474609524011612,-0.36129726767539977,0.7412001374139843,can_iql_prefill_s1,can,iql_prefill,1,-0.06196832358837132,,
65000,0.0372472580056637,0.6592599228024483,-40.05096244812012,0.6363714933395386,0.8243627548217773,0.2513253465294838,-0.3704433962702751,0.7293937644995804,can_iql_prefill_s1,can,iql_prefill,1,-0.6592599228024483,,
70000,0.038400127319619,-0.09004003927111626,-38.392943382263184,0.6305691450834274,0.813288152217865,0.2424316555261612,-0.3584942519664764,0.7192165753454234,can_iql_prefill_s1,can,iql_prefill,1,0.09004003927111626,,
75000,0.038323953282088,0.09572787582874298,-38.878597259521484,0.6343125998973846,0.8141268491744995,0.243791863322258,-0.3679248392581939,0.7093194856483516,can_iql_prefill_s1,can,iql_prefill,1,-0.09572787582874298,,
80000,0.0378372284583747,-0.0697034727782011,-38.587124824523926,0.6313715130090714,0.806783601641655,0.2420480027794838,-0.3678981363773346,0.6996910887467526,can_iql_prefill_s1,can,iql_prefill,1,0.0697034727782011,,
85000,0.038334502885118076,0.2165466919541359,-36.8493537902832,0.6345457136631012,0.8185693025588989,0.2506626807153225,-0.3650331497192382,0.6903205890532564,can_iql_prefill_s1,can,iql_prefill,1,-0.2165466919541359,,
90000,0.037660987265407994,-0.049422070384025574,-34.49678726196289,0.6327123761177063,0.8132717967033386,0.24494978785514832,-0.36618717908859255,0.6800798835063337,can_iql_prefill_s1,can,iql_prefill,1,0.049422070384025574,,
95000,0.037567759258672576,-0.229855976998806,-31.645207405090332,0.6332399845123291,0.8047916293144226,0.2446986697614193,-0.36139062792062754,0.6701278003611019,can_iql_prefill_s1,can,iql_prefill,1,0.229855976998806,,
100000,0.0381080457475036,0.003308769315481173,-32.51375722885132,0.6321186721324921,0.8041239827871323,0.246721550822258,-0.3603768199682235,0.6615275587780353,can_iql_prefill_s1,can,iql_prefill,1,-0.003308769315481173,,
105000,0.037642896128818326,-0.1750049404799938,-30.517103672027588,0.6344437152147293,0.8055663257837296,0.2451869510114193,-0.3660180047154426,0.6531452692418841,can_iql_prefill_s1,can,iql_prefill,1,0.1750049404799938,,
110000,0.0378392646089196,0.049511417746543884,-29.010621070861816,0.6346844285726547,0.8147973865270615,0.2496512420475483,-0.3614427521824837,0.6449727501321119,can_iql_prefill_s1,can,iql_prefill,1,-0.049511417746543884,,
115000,0.037002711882814746,0.12808586657047275,-30.733654499053955,0.6353107243776321,0.8137425184249878,0.2476981095969677,-0.36752521246671677,0.637002224274678,can_iql_prefill_s1,can,iql_prefill,1,-0.12808586657047275,,
120000,0.03699759516865012,-0.3694190442562103,-28.06161766052246,0.632128381729126,0.7995629787445069,0.2437500149011612,-0.365884006023407,0.6282720061682567,can_iql_prefill_s1,can,iql_prefill,1,0.3694190442562103,,
125000,0.0358369076158851,0.06338372081518175,-28.285756587982178,0.6353067606687546,0.8182439804077148,0.2448381818830967,-0.37882168591022486,0.6197693385250503,can_iql_prefill_s1,can,iql_prefill,1,-0.06338372081518175,,
130000,0.03585359305143353,0.6106746941804886,-29.444244384765625,0.6367563605308533,0.8266703635454178,0.2527204379439354,-0.37688857316970825,0.6124060164713749,can_iql_prefill_s1,can,iql_prefill,1,-0.6106746941804886,,
135000,0.03537426213733848,-0.3186701871454716,-30.175397396087646,0.6331641972064972,0.8070425540208817,0.2428850568830967,-0.3658071979880333,0.6052156055065047,can_iql_prefill_s1,can,iql_prefill,1,0.3186701871454716,,
140000,0.03481574854813512,-0.17085798084735876,-27.930979251861572,0.6313449889421463,0.8034127950668335,0.2396763488650322,-0.37223915755748743,0.5981920856065945,can_iql_prefill_s1,can,iql_prefill,1,0.17085798084735876,,
145000,0.034851732570677946,0.6102258376777172,-30.194596767425537,0.6382173150777817,0.8206464946269989,0.2481863982975483,-0.3750789538025856,0.5913297129999757,can_iql_prefill_s1,can,iql_prefill,1,-0.6102258376777172,,
150000,0.03497808571904894,-0.10079484581947329,-27.38093795776367,0.6312803268432617,0.8004205226898193,0.24321987628936767,-0.3692347645759582,0.5837988578217326,can_iql_prefill_s1,can,iql_prefill,1,0.10079484581947329,,
155000,0.034090661862865024,0.0433236435055733,-28.987499713897705,0.6324028372764587,0.803376704454422,0.2452218271791935,-0.3714907467365265,0.5764505652679681,can_iql_prefill_s1,can,iql_prefill,1,-0.0433236435055733,,
160000,0.033752627158537454,-0.1198292300105095,-29.513842582702637,0.6337302178144455,0.804284930229187,0.2440011240541935,-0.3690824806690216,0.5700753051705489,can_iql_prefill_s1,can,iql_prefill,1,0.1198292300105095,,
165000,0.0332641709130257,0.08805350214242935,-28.7277193069458,0.6324480772018433,0.8048114627599716,0.2415597178041935,-0.37305935472249985,0.5638395183753055,can_iql_prefill_s1,can,iql_prefill,1,-0.08805350214242935,,
170000,0.03260109480470413,0.30020216107368464,-28.109729766845703,0.6311000734567642,0.8077513873577118,0.2469308152794838,-0.3738403394818306,0.5577386774214738,can_iql_prefill_s1,can,iql_prefill,1,-0.30020216107368464,,
175000,0.0315845131874084,0.0321813225746154,-29.614990234375,0.6284775137901306,0.8167887926101685,0.2410714328289032,-0.376286119222641,0.5539872465429534,can_iql_prefill_s1,can,iql_prefill,1,-0.0321813225746154,,
0,0.37657497562468045,-14.792240619659424,43.55758619308472,0.5423668175935745,0.35444271564483637,0.122384212911129,-0.19889535382390017,0.9016336547812588,can_iql_prefill_s2,can,iql_prefill,2,14.792240619659424,,
5000,0.07514166352339083,-5.744684100151062,9.665283992886543,0.5945747047662735,0.6646909266710281,0.1937779113650322,-0.30483393371105194,0.8861334000221388,can_iql_prefill_s2,can,iql_prefill,2,5.744684100151062,,
10000,0.0397962357848882,-0.3510972633957863,-47.296913146972656,0.622516468167305,0.8081325143575668,0.2366071529686451,-0.3727428913116455,0.8711570889447849,can_iql_prefill_s2,can,iql_prefill,2,0.3510972633957863,,
15000,0.05184392365626987,0.24544532597064972,-60.250733375549316,0.6294520050287247,0.822997659444809,0.2432687021791935,-0.3713334947824478,0.8566785967910797,can_iql_prefill_s2,can,iql_prefill,2,-0.24544532597064972,,
20000,0.0512135529890656,0.4500164296478033,-62.56795787811279,0.6319303810596466,0.8240557014942169,0.2466866709291935,-0.3726777732372284,0.8426735072787792,can_iql_prefill_s2,can,iql_prefill,2,-0.4500164296478033,,
25000,0.05111204623244697,0.03576242178678509,-61.01642990112305,0.6304565221071243,0.8177525848150253,0.2470354437828064,-0.3544508367776871,0.8291189751842606,can_iql_prefill_s2,can,iql_prefill,2,-0.03576242178678509,,
30000,0.04792134478688238,-0.3728971481323242,-58.1717025756836,0.6266487598419189,0.8140679121017456,0.23816965520381927,-0.36733531951904297,0.8143916212247237,can_iql_prefill_s2,can,iql_prefill,2,0.3728971481323242,,
35000,0.045867495005950304,0.1607762575149536,-55.97300910949707,0.6284605860710144,0.8203222751617432,0.2430245652794838,-0.37036426365375513,0.8001599416781973,can_iql_prefill_s2,can,iql_prefill,2,-0.1607762575149536,,
40000,0.0465812176931649,0.3481507897377014,-49.43344497680664,0.6339347660541534,0.8241549581289291,0.2448033057153225,-0.3742759898304939,0.7879286821904739,can_iql_prefill_s2,can,iql_prefill,2,-0.3481507897377014,,
45000,0.0451411927118897,-0.4326886311173439,-50.05333614349365,0.6288507878780365,0.8116918951272964,0.2407575435936451,-0.3638300150632858,0.7760657338259286,can_iql_prefill_s2,can,iql_prefill,2,0.4326886311173439,,
50000,0.04623643876984713,0.5358363911509514,-48.92810821533203,0.6335487365722656,0.830563873052597,0.2433733381330967,-0.3791369944810867,0.7645547070300119,can_iql_prefill_s2,can,iql_prefill,2,-0.5358363911509514,,
55000,0.0460211004130542,0.44054877758026123,-45.47843933105469,0.6342170983552933,0.8296740800142288,0.2503139078617096,-0.370240144431591,0.7533801704805436,can_iql_prefill_s2,can,iql_prefill,2,-0.44054877758026123,,
60000,0.0448576375469565,-0.5287744492292404,-41.306269836425784,0.6273461103439331,0.8077286005020141,0.2392857253551483,-0.3669229090213776,0.7412001374139843,can_iql_prefill_s2,can,iql_prefill,2,0.5287744492292404,,
65000,0.042886388720944475,-0.20673530548810953,-39.51097011566162,0.629974827170372,0.8098162263631821,0.2402692623436451,-0.36694719642400736,0.7293937644995804,can_iql_prefill_s2,can,iql_prefill,2,0.20673530548810953,,
70000,0.04249848802573975,0.0323419235646725,-41.22970771789551,0.6307753473520279,0.8145771920681,0.2416992336511612,-0.3683459088206291,0.7192165753454234,can_iql_prefill_s2,can,iql_prefill,2,-0.0323419235646725,,
75000,0.04500036784447725,0.19704588502645493,-37.346435546875,0.6337756663560867,0.8211171180009842,0.2445242889225483,-0.3741001710295677,0.7093194856483516,can_iql_prefill_s2,can,iql_prefill,2,-0.19704588502645493,,
80000,0.04541713111102575,0.4208959862589836,-34.321210861206055,0.6355283856391907,0.830947756767273,0.2473842240869999,-0.37286458909511566,0.6996910887467526,can_iql_prefill_s2,can,iql_prefill,2,-0.4208959862589836,,
85000,0.04104681750759477,-0.3137960955500602,-37.96852684020996,0.6306077390909195,0.8134668469429016,0.2396763488650322,-0.36602963507175446,0.6903205890532564,can_iql_prefill_s2,can,iql_prefill,2,0.3137960955500602,,
90000,0.03939461208879942,-0.3931705951690674,-34.66659317016602,0.627241575717926,0.8093147993087768,0.24160157442092894,-0.36578202247619623,0.6800798835063337,can_iql_prefill_s2,can,iql_prefill,2,0.3931705951690674,,
95000,0.03890437153168018,-0.560236282646656,-35.77124786376953,0.6245794594287872,0.800770178437233,0.2366420291364193,-0.3743980824947357,0.6701278003611019,can_iql_prefill_s2,can,iql_prefill,2,0.560236282646656,,
100000,0.038256032112985776,0.27328941226005554,-35.9408597946167,0.630412295460701,0.8222116231918335,0.2440011277794838,-0.38068610429763794,0.6615275587780353,can_iql_prefill_s2,can,iql_prefill,2,-0.27328941226005554,,
105000,0.03747276393696662,-0.8668185099959373,-34.20090293884277,0.625389352440834,0.7906931936740875,0.231654591858387,-0.36673691123723984,0.6531452692418841,can_iql_prefill_s2,can,iql_prefill,2,0.8668185099959373,,
110000,0.03682151054963465,0.10579691827297216,-35.933621406555176,0.6302432417869568,0.8153458088636398,0.242013119161129,-0.3754042908549308,0.6449727501321119,can_iql_prefill_s2,can,iql_prefill,2,-0.10579691827297216,,
115000,0.03597152330912645,-0.254788551479578,-35.73586368560791,0.6278555542230606,0.8011579364538193,0.2374442107975483,-0.374120257794857,0.637002224274678,can_iql_prefill_s2,can,iql_prefill,2,0.254788551479578,,
120000,0.036039852462708896,0.044656744599342324,-35.994878387451166,0.6316100001335144,0.8096906065940856,0.24280135333538055,-0.373770797252655,0.6282720061682567,can_iql_prefill_s2,can,iql_prefill,2,-0.044656744599342324,,
125000,0.03609554190188642,-0.8217584639787674,-34.07477283477783,0.6241599023342133,0.7982920557260513,0.2339913621544838,-0.36670855432748795,0.6197693385250503,can_iql_prefill_s2,can,iql_prefill,2,0.8217584639787674,,
130000,0.036392308259382826,0.6290596947073936,-33.56407928466797,0.6353695690631866,0.8226279020309448,0.2478376217186451,-0.377296581864357,0.6124060164713749,can_iql_prefill_s2,can,iql_prefill,2,-0.6290596947073936,,
135000,0.036505721928551726,0.3607601746916771,-33.144779205322266,0.6309695392847061,0.8203191161155701,0.2433384582400322,-0.3806784003973007,0.6052156055065047,can_iql_prefill_s2,can,iql_prefill,2,-0.3607601746916771,,
140000,0.0368786688894033,0.12800996005535126,-35.638251304626465,0.6300778687000275,0.8154882490634918,0.2405831553041935,-0.38261332362890244,0.5981920856065945,can_iql_prefill_s2,can,iql_prefill,2,-0.12800996005535126,,
145000,0.036727254651486824,0.05194471776485442,-32.39551544189453,0.6287445425987244,0.8049971908330917,0.2445940338075161,-0.37245337665081024,0.5913297129999757,can_iql_prefill_s2,can,iql_prefill,2,-0.05194471776485442,,
150000,0.03540529750287526,0.2339662253856659,-31.259951782226562,0.6299709796905517,0.8092345476150513,0.24458706378936768,-0.37509741783142087,0.5837988578217326,can_iql_prefill_s2,can,iql_prefill,2,-0.2339662253856659,,
155000,0.03519712598063045,-0.01737109571695327,-31.929507732391357,0.626968577504158,0.80818772315979,0.237200066447258,-0.3822235539555549,0.5764505652679681,can_iql_prefill_s2,can,iql_prefill,2,0.01737109571695327,,
160000,0.035537079069763375,0.026029091328382548,-31.01811408996582,0.6292661875486374,0.8037234991788864,0.2431640736758709,-0.37295529246330256,0.5700753051705489,can_iql_prefill_s2,can,iql_prefill,2,-0.026029091328382548,,
165000,0.0358420062344521,-0.5769976526498795,-32.68238115310669,0.6247500628232956,0.7888545989990234,0.2370954342186451,-0.3732467442750931,0.5638395183753055,can_iql_prefill_s2,can,iql_prefill,2,0.5769976526498795,,
170000,0.03570469995029265,0.06849950924515724,-31.670137405395508,0.6293204426765442,0.806894451379776,0.2414899654686451,-0.3795072883367538,0.5577386774214738,can_iql_prefill_s2,can,iql_prefill,2,-0.06849950924515724,,
175000,0.0354216987267136,-0.8703740835189819,-30.096458435058597,0.6238572001457214,0.7894758582115173,0.2275390774011612,-0.3714791238307953,0.5539872465429534,can_iql_prefill_s2,can,iql_prefill,2,0.8703740835189819,,
0,0.37808921840041876,-14.573045730590819,44.08068132400513,0.5473451614379883,0.3606698215007782,0.12667411379516125,-0.18835720792412755,0.9016336547812588,can_iql_prefill_s3,can,iql_prefill,3,14.573045730590819,,
5000,0.07942430325783785,-5.106638386845589,16.083813428878784,0.5966645330190659,0.6766918748617172,0.1977539137005806,-0.3090080916881561,0.8861334000221388,can_iql_prefill_s3,can,iql_prefill,3,5.106638386845589,,
10000,0.0560285352636128,-0.29808427765965456,-28.56740641593933,0.6250869780778885,0.8098815083503723,0.2347237840294838,-0.37438154965639114,0.8711570889447849,can_iql_prefill_s3,can,iql_prefill,3,0.29808427765965456,,
15000,0.056333448784425824,0.29087838530540466,-48.07403755187988,0.6282591223716736,0.8160143941640854,0.2440708801150322,-0.3649810627102852,0.8566785967910797,can_iql_prefill_s3,can,iql_prefill,3,-0.29087838530540466,,
20000,0.050618384126573775,-0.01843162626028063,-53.26291275024414,0.62921242415905,0.8128249049186707,0.2434779666364193,-0.3591230809688568,0.8426735072787792,can_iql_prefill_s3,can,iql_prefill,3,0.01843162626028063,,
25000,0.04824132802896198,-0.28384988009929657,-55.207762718200684,0.6272313743829727,0.806688129901886,0.2365722805261612,-0.36685248464345926,0.8291189751842606,can_iql_prefill_s3,can,iql_prefill,3,0.28384988009929657,,
30000,0.0451625711843371,-0.4692523181438446,-55.33808364868164,0.6251516461372375,0.8000267148017883,0.23613282442092895,-0.3681932032108307,0.8143916212247237,can_iql_prefill_s3,can,iql_prefill,3,0.4692523181438446,,
35000,0.0434530396945774,-0.203867819160223,-54.549156188964844,0.6282211244106293,0.8137016147375107,0.2441755123436451,-0.3620573431253433,0.8001599416781973,can_iql_prefill_s3,can,iql_prefill,3,0.203867819160223,,
40000,0.04274996914900835,0.19273820333182806,-49.21279239654541,0.6283102780580521,0.8253858387470245,0.2429548092186451,-0.36420758068561554,0.7879286821904739,can_iql_prefill_s3,can,iql_prefill,3,-0.19273820333182806,,
45000,0.041405547410249675,-0.5021387711167336,-47.27614498138428,0.6324515491724014,0.813303679227829,0.243303582072258,-0.3556005284190178,0.7760657338259286,can_iql_prefill_s3,can,iql_prefill,3,0.5021387711167336,,
50000,0.04054179126396772,0.12605269998311996,-46.69288349151611,0.6300765126943588,0.8179660886526108,0.2466866783797741,-0.3630588129162788,0.7645547070300119,can_iql_prefill_s3,can,iql_prefill,3,-0.12605269998311996,,
55000,0.03993923272937533,-0.04993661865592,-45.50471878051758,0.630132868885994,0.811952531337738,0.2449428141117096,-0.3609261810779571,0.7533801704805436,can_iql_prefill_s3,can,iql_prefill,3,0.04993661865592,,
60000,0.03944526202976698,0.0696383774280548,-42.80182723999023,0.6334068894386291,0.8194965720176697,0.24854911863803864,-0.3637853801250458,0.7412001374139843,can_iql_prefill_s3,can,iql_prefill,3,-0.0696383774280548,,
65000,0.03997716782614585,0.34403711557388306,-42.92157173156738,0.6338423192501068,0.8250219374895096,0.2464425377547741,-0.3709276616573334,0.7293937644995804,can_iql_prefill_s3,can,iql_prefill,3,-0.34403711557388306,,
70000,0.04081148873083287,0.08537442609667772,-41.836615562438965,0.6313866227865219,0.8155753165483475,0.2434430904686451,-0.36377739906311035,0.7192165753454234,can_iql_prefill_s3,can,iql_prefill,3,-0.08537442609667772,,
75000,0.04015538487583395,-0.09412246942520142,-41.15178680419922,0.6314391791820526,0.8141952306032181,0.2422223910689354,-0.3678643926978111,0.7093194856483516,can_iql_prefill_s3,can,iql_prefill,3,0.09412246942520142,,
80000,0.03992077070288355,0.03682213276624677,-39.24132061004639,0.633487269282341,0.8183781206607819,0.244036003947258,-0.36909806728363037,0.6996910887467526,can_iql_prefill_s3,can,iql_prefill,3,-0.03682213276624677,,
85000,0.0390943060163408,0.08893449604511261,-38.265357971191406,0.6318348199129105,0.8163115084171295,0.245256707072258,-0.36898767948150635,0.6903205890532564,can_iql_prefill_s3,can,iql_prefill,3,-0.08893449604511261,,
90000,0.03924337934702632,-0.11212859749794006,-36.73050537109375,0.6306438565254211,0.8126623034477234,0.24112724363803864,-0.3693540275096893,0.6800798835063337,can_iql_prefill_s3,can,iql_prefill,3,0.11212859749794006,,
95000,0.038532775407656976,0.4645722359418869,-36.914791107177734,0.6338882744312286,0.8229815810918808,0.2480817623436451,-0.371208943426609,0.6701278003611019,can_iql_prefill_s3,can,iql_prefill,3,-0.4645722359418869,,
100000,0.038805278390645924,-0.23217913135886192,-38.403021812438965,0.633120596408844,0.8052184730768204,0.2410365641117096,-0.37082689255476,0.6615275587780353,can_iql_prefill_s3,can,iql_prefill,3,0.23217913135886192,,
105000,0.0388659637421369,0.12758962810039523,-35.51968193054199,0.6340692937374115,0.8273715674877167,0.2466517947614193,-0.37280700355768204,0.6531452692418841,can_iql_prefill_s3,can,iql_prefill,3,-0.12758962810039523,,
110000,0.03971285345032807,-0.17002687603235245,-35.21603870391846,0.6290781050920486,0.8133600354194641,0.2384207658469677,-0.37214385718107224,0.6449727501321119,can_iql_prefill_s3,can,iql_prefill,3,0.17002687603235245,,
115000,0.039388465881347624,-0.07348506897687913,-34.29130840301514,0.6328730434179306,0.8161805272102356,0.2414202131330967,-0.3705696687102317,0.637002224274678,can_iql_prefill_s3,can,iql_prefill,3,0.07348506897687913,,
120000,0.03918854594230646,0.6773908078670502,-34.528794860839845,0.6358603119850159,0.8297708749771118,0.25061385333538055,-0.3799211800098419,0.6282720061682567,can_iql_prefill_s3,can,iql_prefill,3,-0.6773908078670502,,
125000,0.039023597119376,0.07189503312110901,-34.644680976867676,0.6331340372562408,0.8117454051971436,0.2477678656578064,-0.367377445101738,0.6197693385250503,can_iql_prefill_s3,can,iql_prefill,3,-0.07189503312110901,,
130000,0.038370408536866275,0.3530379831790924,-30.537564754486084,0.6334749013185501,0.8210959732532501,0.2489536888897419,-0.37773570418357844,0.6124060164713749,can_iql_prefill_s3,can,iql_prefill,3,-0.3530379831790924,,
135000,0.03878538436256345,0.05010788887739183,-32.521488666534424,0.6318153142929077,0.8202206194400787,0.2389439269900322,-0.3760988116264343,0.6052156055065047,can_iql_prefill_s3,can,iql_prefill,3,-0.05010788887739183,,
140000,0.038376365089789,-0.3870910406112671,-31.85212802886963,0.6301087290048599,0.8036546558141708,0.2387695461511612,-0.3684007376432418,0.5981920856065945,can_iql_prefill_s3,can,iql_prefill,3,0.3870910406112671,,
145000,0.03795992168597875,0.4358336664736271,-33.814494132995605,0.6356418877840042,0.8241387009620667,0.2497907541692257,-0.3712294027209282,0.5913297129999757,can_iql_prefill_s3,can,iql_prefill,3,-0.4358336664736271,,
150000,0.037299496978521265,-0.8646925210952758,-30.32466697692871,0.6243622064590454,0.7945342779159545,0.23540737628936767,-0.36789794564247125,0.5837988578217326,can_iql_prefill_s3,can,iql_prefill,3,0.8646925210952758,,
155000,0.03633602256886655,0.07347561791539192,-29.845006942749023,0.6338077485561371,0.8094937354326248,0.2406529113650322,-0.3783753663301468,0.5764505652679681,can_iql_prefill_s3,can,iql_prefill,3,-0.07347561791539192,,
160000,0.03518605846911665,0.4216451197862625,-31.127992153167725,0.6346894800662994,0.8203125596046448,0.2483956627547741,-0.3767853453755379,0.5700753051705489,can_iql_prefill_s3,can,iql_prefill,3,-0.4216451197862625,,
165000,0.03516954663209612,-0.0830913558602333,-31.164095878601074,0.6316705942153931,0.8065394759178162,0.2410365603864193,-0.37483546882867813,0.5638395183753055,can_iql_prefill_s3,can,iql_prefill,3,0.0830913558602333,,
170000,0.034297548606991725,0.5981056839227676,-28.930023670196533,0.6374564319849014,0.8160979300737381,0.2476981095969677,-0.38401704281568527,0.5577386774214738,can_iql_prefill_s3,can,iql_prefill,3,-0.5981056839227676,,
175000,0.034363648481667,-0.4895575046539306,-28.114477157592773,0.6260011792182922,0.7926962375640869,0.2353515774011612,-0.3718836605548858,0.5539872465429534,can_iql_prefill_s3,can,iql_prefill,3,0.4895575046539306,,
0,0.38036066610366104,,,,,,,,can_iql_s1,can,iql,1,,,
5000,0.10105956047773355,,,,,,,,can_iql_s1,can,iql,1,,,
10000,0.08743807571008799,,,,,,,,can_iql_s1,can,iql,1,,,
15000,0.08262252714484924,,,,,,,,can_iql_s1,can,iql,1,,,
20000,0.0678050877526402,,,,,,,,can_iql_s1,can,iql,1,,,
25000,0.05908494787290687,,,,,,,,can_iql_s1,can,iql,1,,,
30000,0.054644715227186634,,,,,,,,can_iql_s1,can,iql,1,,,
35000,0.0494809842202812,,,,,,,,can_iql_s1,can,iql,1,,,
40000,0.045745302038267224,,,,,,,,can_iql_s1,can,iql,1,,,
45000,0.04348577298223967,,,,,,,,can_iql_s1,can,iql,1,,,
50000,0.041591928852722004,,,,,,,,can_iql_s1,can,iql,1,,,
55000,0.04090369231998918,,,,,,,,can_iql_s1,can,iql,1,,,
60000,0.04155960731208318,,,,,,,,can_iql_s1,can,iql,1,,,
65000,0.041136352531611874,,,,,,,,can_iql_s1,can,iql,1,,,
70000,0.03963575926609332,,,,,,,,can_iql_s1,can,iql,1,,,
75000,0.039199817366898024,,,,,,,,can_iql_s1,can,iql,1,,,
80000,0.0391628861892968,,,,,,,,can_iql_s1,can,iql,1,,,
85000,0.0383308287709951,,,,,,,,can_iql_s1,can,iql,1,,,
90000,0.038312656320631445,,,,,,,,can_iql_s1,can,iql,1,,,
95000,0.03868244825862345,,,,,,,,can_iql_s1,can,iql,1,,,
100000,0.038886748813092675,,,,,,,,can_iql_s1,can,iql,1,,,
105000,0.038967572338879077,,,,,,,,can_iql_s1,can,iql,1,,,
110000,0.03813916379585858,,,,,,,,can_iql_s1,can,iql,1,,,
115000,0.038880240870639654,,,,,,,,can_iql_s1,can,iql,1,,,
120000,0.03876303590834136,,,,,,,,can_iql_s1,can,iql,1,,,
125000,0.03935103986412282,,,,,,,,can_iql_s1,can,iql,1,,,
130000,0.0388637606054544,,,,,,,,can_iql_s1,can,iql,1,,,
135000,0.03892886596731837,,,,,,,,can_iql_s1,can,iql,1,,,
140000,0.03825211520306762,,,,,,,,can_iql_s1,can,iql,1,,,
145000,0.03712026886641975,,,,,,,,can_iql_s1,can,iql,1,,,
150000,0.03698546937666827,,,,,,,,can_iql_s1,can,iql,1,,,
155000,0.03751775342971082,,,,,,,,can_iql_s1,can,iql,1,,,
160000,0.0370349653065204,,,,,,,,can_iql_s1,can,iql,1,,,
165000,0.03710964354686435,,,,,,,,can_iql_s1,can,iql,1,,,
170000,0.037074616178870146,,,,,,,,can_iql_s1,can,iql,1,,,
175000,0.0368051968514919,,,,,,,,can_iql_s1,can,iql,1,,,
180000,0.03666427768766875,,,,,,,,can_iql_s1,can,iql,1,,,
185000,0.03731800302863116,,,,,,,,can_iql_s1,can,iql,1,,,
190000,0.03709045127034182,,,,,,,,can_iql_s1,can,iql,1,,,
195000,0.036486540269106575,,,,,,,,can_iql_s1,can,iql,1,,,
200000,0.03612391287460918,,,,,,,,can_iql_s1,can,iql,1,,,
205000,0.03618654329329725,,,,,,,,can_iql_s1,can,iql,1,,,
210000,0.0356982034631073,,,,,,,,can_iql_s1,can,iql,1,,,
215000,0.03639850791543716,,,,,,,,can_iql_s1,can,iql,1,,,
220000,0.03484876230359073,,,,,,,,can_iql_s1,can,iql,1,,,
225000,0.0344066687393933,,,,,,,,can_iql_s1,can,iql,1,,,
230000,0.03440596475265915,,,,,,,,can_iql_s1,can,iql,1,,,
235000,0.03353811367414888,,,,,,,,can_iql_s1,can,iql,1,,,
240000,0.033278182800859174,,,,,,,,can_iql_s1,can,iql,1,,,
245000,0.03286752101033922,,,,,,,,can_iql_s1,can,iql,1,,,
250000,0.03193657207302745,,,,,,,,can_iql_s1,can,iql,1,,,
255000,0.03202954721637065,,,,,,,,can_iql_s1,can,iql,1,,,
260000,0.03188114040531215,,,,,,,,can_iql_s1,can,iql,1,,,
265000,0.03160087058786298,,,,,,,,can_iql_s1,can,iql,1,,,
270000,0.031086820573545924,,,,,,,,can_iql_s1,can,iql,1,,,
275000,0.0307793756015598,,,,,,,,can_iql_s1,can,iql,1,,,
0,0.3789395861327648,,,,,,,,can_iql_s2,can,iql,2,,,
5000,0.10087346658110613,,,,,,,,can_iql_s2,can,iql,2,,,
10000,0.09261392988264555,,,,,,,,can_iql_s2,can,iql,2,,,
15000,0.09106770437210793,,,,,,,,can_iql_s2,can,iql,2,,,
20000,0.0821052272804081,,,,,,,,can_iql_s2,can,iql,2,,,
25000,0.0724430822767317,,,,,,,,can_iql_s2,can,iql,2,,,
30000,0.0635470429062843,,,,,,,,can_iql_s2,can,iql,2,,,
35000,0.059155168058350624,,,,,,,,can_iql_s2,can,iql,2,,,
40000,0.05819132127799087,,,,,,,,can_iql_s2,can,iql,2,,,
45000,0.05526276458986097,,,,,,,,can_iql_s2,can,iql,2,,,
50000,0.05167344226501877,,,,,,,,can_iql_s2,can,iql,2,,,
55000,0.0487834866158664,,,,,,,,can_iql_s2,can,iql,2,,,
60000,0.04609088931232686,,,,,,,,can_iql_s2,can,iql,2,,,
65000,0.04661543481051918,,,,,,,,can_iql_s2,can,iql,2,,,
70000,0.044712553545832576,,,,,,,,can_iql_s2,can,iql,2,,,
75000,0.044429064504802204,,,,,,,,can_iql_s2,can,iql,2,,,
80000,0.0438948476687073,,,,,,,,can_iql_s2,can,iql,2,,,
85000,0.0447498865425586,,,,,,,,can_iql_s2,can,iql,2,,,
90000,0.044723251694813324,,,,,,,,can_iql_s2,can,iql,2,,,
95000,0.043399160914123026,,,,,,,,can_iql_s2,can,iql,2,,,
100000,0.043601340055465676,,,,,,,,can_iql_s2,can,iql,2,,,
105000,0.04340581398457284,,,,,,,,can_iql_s2,can,iql,2,,,
110000,0.0434437503572553,,,,,,,,can_iql_s2,can,iql,2,,,
115000,0.042669626791030126,,,,,,,,can_iql_s2,can,iql,2,,,
120000,0.043179839476942976,,,,,,,,can_iql_s2,can,iql,2,,,
125000,0.042792324163019625,,,,,,,,can_iql_s2,can,iql,2,,,
130000,0.04218954141251738,,,,,,,,can_iql_s2,can,iql,2,,,
135000,0.04174155890941614,,,,,,,,can_iql_s2,can,iql,2,,,
140000,0.04084049109369513,,,,,,,,can_iql_s2,can,iql,2,,,
145000,0.04075884688645598,,,,,,,,can_iql_s2,can,iql,2,,,
150000,0.0402753500267863,,,,,,,,can_iql_s2,can,iql,2,,,
155000,0.039148476254194924,,,,,,,,can_iql_s2,can,iql,2,,,
160000,0.03989095650613303,,,,,,,,can_iql_s2,can,iql,2,,,
165000,0.04000602819025512,,,,,,,,can_iql_s2,can,iql,2,,,
170000,0.0401967925485223,,,,,,,,can_iql_s2,can,iql,2,,,
175000,0.0398336683865636,,,,,,,,can_iql_s2,can,iql,2,,,
180000,0.0404604712501168,,,,,,,,can_iql_s2,can,iql,2,,,
185000,0.0393666952848434,,,,,,,,can_iql_s2,can,iql,2,,,
190000,0.039068800769746254,,,,,,,,can_iql_s2,can,iql,2,,,
195000,0.039281214959919396,,,,,,,,can_iql_s2,can,iql,2,,,
200000,0.03932166378945105,,,,,,,,can_iql_s2,can,iql,2,,,
205000,0.03940959731116887,,,,,,,,can_iql_s2,can,iql,2,,,
210000,0.038831366598606074,,,,,,,,can_iql_s2,can,iql,2,,,
215000,0.038082725740969124,,,,,,,,can_iql_s2,can,iql,2,,,
220000,0.037529328651726174,,,,,,,,can_iql_s2,can,iql,2,,,
225000,0.03813500363379712,,,,,,,,can_iql_s2,can,iql,2,,,
230000,0.037996115954592805,,,,,,,,can_iql_s2,can,iql,2,,,
235000,0.03748679263517255,,,,,,,,can_iql_s2,can,iql,2,,,
240000,0.03749607540667055,,,,,,,,can_iql_s2,can,iql,2,,,
245000,0.03703899341635403,,,,,,,,can_iql_s2,can,iql,2,,,
250000,0.037029471294954375,,,,,,,,can_iql_s2,can,iql,2,,,
255000,0.037259735241532276,,,,,,,,can_iql_s2,can,iql,2,,,
260000,0.03715205797925585,,,,,,,,can_iql_s2,can,iql,2,,,
265000,0.03697854410856957,,,,,,,,can_iql_s2,can,iql,2,,,
270000,0.03722865981981152,,,,,,,,can_iql_s2,can,iql,2,,,
275000,0.0368199607357382,,,,,,,,can_iql_s2,can,iql,2,,,
0,0.3815842036157846,,,,,,,,can_iql_s3,can,iql,3,,,
5000,0.10602649943903084,,,,,,,,can_iql_s3,can,iql,3,,,
10000,0.0904163477942347,,,,,,,,can_iql_s3,can,iql,3,,,
15000,0.07990285614505407,,,,,,,,can_iql_s3,can,iql,3,,,
20000,0.07376431860029695,,,,,,,,can_iql_s3,can,iql,3,,,
25000,0.06892563467845317,,,,,,,,can_iql_s3,can,iql,3,,,
30000,0.0697726254165172,,,,,,,,can_iql_s3,can,iql,3,,,
35000,0.06305806851014492,,,,,,,,can_iql_s3,can,iql,3,,,
40000,0.0585512628778815,,,,,,,,can_iql_s3,can,iql,3,,,
45000,0.05340401148423547,,,,,,,,can_iql_s3,can,iql,3,,,
50000,0.04921270338818427,,,,,,,,can_iql_s3,can,iql,3,,,
55000,0.047133872192352946,,,,,,,,can_iql_s3,can,iql,3,,,
60000,0.04566613316535944,,,,,,,,can_iql_s3,can,iql,3,,,
65000,0.0457164110615849,,,,,,,,can_iql_s3,can,iql,3,,,
70000,0.044743553549051227,,,,,,,,can_iql_s3,can,iql,3,,,
75000,0.04426300607621664,,,,,,,,can_iql_s3,can,iql,3,,,
80000,0.04331162939779457,,,,,,,,can_iql_s3,can,iql,3,,,
85000,0.04257847629487513,,,,,,,,can_iql_s3,can,iql,3,,,
90000,0.04316042619757347,,,,,,,,can_iql_s3,can,iql,3,,,
95000,0.04289062507450578,,,,,,,,can_iql_s3,can,iql,3,,,
100000,0.0438378114253282,,,,,,,,can_iql_s3,can,iql,3,,,
105000,0.04348216615617268,,,,,,,,can_iql_s3,can,iql,3,,,
110000,0.04348745853640135,,,,,,,,can_iql_s3,can,iql,3,,,
115000,0.043468410288915,,,,,,,,can_iql_s3,can,iql,3,,,
120000,0.04370431480929253,,,,,,,,can_iql_s3,can,iql,3,,,
125000,0.042079869192093576,,,,,,,,can_iql_s3,can,iql,3,,,
130000,0.04106433833949265,,,,,,,,can_iql_s3,can,iql,3,,,
135000,0.04078194558620446,,,,,,,,can_iql_s3,can,iql,3,,,
140000,0.04127941317856305,,,,,,,,can_iql_s3,can,iql,3,,,
145000,0.041376839624717804,,,,,,,,can_iql_s3,can,iql,3,,,
150000,0.0410674759186804,,,,,,,,can_iql_s3,can,iql,3,,,
155000,0.040216254116967276,,,,,,,,can_iql_s3,can,iql,3,,,
160000,0.03995890868827692,,,,,,,,can_iql_s3,can,iql,3,,,
165000,0.040218437351286364,,,,,,,,can_iql_s3,can,iql,3,,,
170000,0.0403277083765715,,,,,,,,can_iql_s3,can,iql,3,,,
175000,0.04011585335247213,,,,,,,,can_iql_s3,can,iql,3,,,
180000,0.040755037264898375,,,,,,,,can_iql_s3,can,iql,3,,,
185000,0.03993321917951105,,,,,,,,can_iql_s3,can,iql,3,,,
190000,0.04025816083885725,,,,,,,,can_iql_s3,can,iql,3,,,
195000,0.03953233134001488,,,,,,,,can_iql_s3,can,iql,3,,,
200000,0.038474946469068474,,,,,,,,can_iql_s3,can,iql,3,,,
205000,0.037817022763192626,,,,,,,,can_iql_s3,can,iql,3,,,
210000,0.037882898375391924,,,,,,,,can_iql_s3,can,iql,3,,,
215000,0.03712055138312275,,,,,,,,can_iql_s3,can,iql,3,,,
220000,0.037187533220276174,,,,,,,,can_iql_s3,can,iql,3,,,
225000,0.036846712306141796,,,,,,,,can_iql_s3,can,iql,3,,,
230000,0.037136589083820525,,,,,,,,can_iql_s3,can,iql,3,,,
235000,0.03652390455827115,,,,,,,,can_iql_s3,can,iql,3,,,
240000,0.036473864316940274,,,,,,,,can_iql_s3,can,iql,3,,,
245000,0.03583477786742147,,,,,,,,can_iql_s3,can,iql,3,,,
250000,0.035653361538425,,,,,,,,can_iql_s3,can,iql,3,,,
255000,0.036247021779417944,,,,,,,,can_iql_s3,can,iql,3,,,
260000,0.03571739364415402,,,,,,,,can_iql_s3,can,iql,3,,,
265000,0.03590385573916133,,,,,,,,can_iql_s3,can,iql,3,,,
270000,0.0355784527957439,,,,,,,,can_iql_s3,can,iql,3,,,
275000,0.0346805276349186,,,,,,,,can_iql_s3,can,iql,3,,,
0,0.3798003194853663,-14.19887661933899,40.13862884044647,0.5426705479621887,0.36314188688993454,0.1244070902466774,-0.21206154301762575,0.0,can_iql_s4,can,iql,4,14.19887661933899,,
5000,0.09661774719133968,-2.7384799644351006,48.91590881347656,0.6051367074251175,0.7299057245254517,0.206194207072258,-0.36938828974962234,0.0,can_iql_s4,can,iql,4,2.7384799644351006,,
10000,0.07633350212126966,0.9121287427842617,25.688803672790527,0.6228964179754257,0.818743959069252,0.2382463812828064,-0.41572777926921844,0.0,can_iql_s4,can,iql,4,-0.9121287427842617,,
15000,0.07655952181667082,-0.23510686308145523,10.85970675945282,0.6183462291955948,0.7971446067094803,0.2245396301150322,-0.3970989137887954,0.0,can_iql_s4,can,iql,4,0.23510686308145523,,
20000,0.07086167819797988,0.2051529288291931,2.8414778411388397,0.6175611317157745,0.7913515567779541,0.2272251769900322,-0.41471767425537104,0.0,can_iql_s4,can,iql,4,-0.2051529288291931,,
25000,0.0671664450317621,-0.04636140912771221,-5.434132277965546,0.6167663782835007,0.7875770330429077,0.2255510687828064,-0.40125532448291773,0.0,can_iql_s4,can,iql,4,0.04636140912771221,,
30000,0.0627721188217401,0.2127719610929489,-10.10944652557373,0.6192631244659423,0.7990357995033264,0.2285435378551483,-0.40649635791778566,0.0,can_iql_s4,can,iql,4,-0.2127719610929489,,
35000,0.05692271981388325,-0.4643316939473152,-21.977449417114258,0.614591047167778,0.7893658578395844,0.2205636277794838,-0.4074079766869545,0.0,can_iql_s4,can,iql,4,0.4643316939473152,,
40000,0.05250049843452865,-0.05642773956060405,-25.057628631591797,0.6159590184688568,0.7967037856578827,0.226702019572258,-0.4082609862089157,0.0,can_iql_s4,can,iql,4,0.05642773956060405,,
45000,0.04965086183510715,0.07353601604700094,-26.626843452453613,0.6167882978916168,0.8015108406543732,0.2264927551150322,-0.41570819169282913,0.0,can_iql_s4,can,iql,4,-0.07353601604700094,,
50000,0.04959953743964428,0.25197879970073706,-28.77750301361084,0.6211748272180557,0.8078976422548294,0.2278878465294838,-0.4056079164147377,0.0,can_iql_s4,can,iql,4,-0.25197879970073706,,
55000,0.04610300459899005,0.0813715048134327,-26.772438049316406,0.6204531937837601,0.7980261594057083,0.2300502359867096,-0.39902040362358093,0.0,can_iql_s4,can,iql,4,-0.0813715048134327,,
60000,0.0439726415649056,0.11418794095516205,-31.21901512145996,0.6184355616569519,0.7932526111602783,0.22832032144069672,-0.4120323181152344,0.0,can_iql_s4,can,iql,4,-0.11418794095516205,,
65000,0.04328307998366647,0.13750698417425156,-31.606165885925293,0.6229380667209625,0.7960610538721085,0.2339216060936451,-0.40554146468639374,0.0,can_iql_s4,can,iql,4,-0.13750698417425156,,
70000,0.041885771183297005,-0.6225956603884697,-31.3829927444458,0.6198480725288391,0.7795739024877548,0.2238072082400322,-0.4034917280077934,0.0,can_iql_s4,can,iql,4,0.6225956603884697,,
75000,0.041697072610259026,0.15365246683359146,-34.15547561645508,0.620944544672966,0.7979310899972916,0.2292131818830967,-0.4087807908654213,0.0,can_iql_s4,can,iql,4,-0.15365246683359146,,
80000,0.04136295006610447,-0.4188154563307762,-32.45890998840332,0.6153037399053574,0.7839533984661102,0.2244350016117096,-0.4085993617773056,0.0,can_iql_s4,can,iql,4,0.4188154563307762,,
85000,0.041630134265869825,0.016199901700019836,-35.92964744567871,0.619804710149765,0.7951159626245499,0.2270507924258709,-0.41322941333055496,0.0,can_iql_s4,can,iql,4,-0.016199901700019836,,
90000,0.0417448868602514,-0.01870318651199341,-34.96532287597656,0.6197081208229065,0.7995565295219421,0.22845983505249023,-0.406885027885437,0.0,can_iql_s4,can,iql,4,0.01870318651199341,,
95000,0.04160284874960775,-0.2206699326634407,-31.225561141967773,0.6203345507383347,0.7935191541910172,0.2262834906578064,-0.411714144051075,0.0,can_iql_s4,can,iql,4,0.2206699326634407,,
100000,0.040911083994433224,-0.0076051875948905945,-32.825761795043945,0.6215099543333054,0.795105054974556,0.2280273586511612,-0.40582068264484406,0.0,can_iql_s4,can,iql,4,0.0076051875948905945,,
105000,0.03961695199832315,0.6211634948849678,-32.79018974304199,0.6280753314495087,0.8005935549736023,0.2324218899011612,-0.4178164452314377,0.0,can_iql_s4,can,iql,4,-0.6211634948849678,,
110000,0.0392023271415382,0.459770143032074,-32.08988952636719,0.6248721182346344,0.7980687320232391,0.2353515736758709,-0.41152918338775635,0.0,can_iql_s4,can,iql,4,-0.459770143032074,,
115000,0.04030294823460275,0.12442386150360107,-31.404737949371338,0.6223710477352142,0.7921621948480606,0.2283761277794838,-0.4151562973856926,0.0,can_iql_s4,can,iql,4,-0.12442386150360107,,
120000,0.0404144281521439,-0.16627954244613646,-30.83453941345215,0.6212768077850341,0.7877267003059387,0.22843193113803864,-0.4086801528930664,0.0,can_iql_s4,can,iql,4,0.16627954244613646,,
0,0.3796963106840849,-14.041951179504395,35.74967610836029,0.5432992726564407,0.36649665609002113,0.1242327094078064,-0.22096080705523485,0.0,can_iql_s5,can,iql,5,14.041951179504395,,
5000,0.10220776470378037,-1.613312505185604,39.09279823303223,0.6114518195390701,0.7575417309999466,0.2174944318830967,-0.3750549927353859,0.0,can_iql_s5,can,iql,5,1.613312505185604,,
10000,0.07628608513623472,0.4162210635840893,11.130330562591553,0.6225720793008804,0.8033957034349442,0.2348632924258709,-0.3943326026201248,0.0,can_iql_s5,can,iql,5,-0.4162210635840893,,
15000,0.06798401558771724,0.607443630695343,-3.424524426460266,0.6210508495569229,0.8109004497528076,0.230608269572258,-0.4196721240878105,0.0,can_iql_s5,can,iql,5,-0.607443630695343,,
20000,0.06744956187903878,0.14506926387548447,-11.156849145889282,0.6139618456363678,0.7933094799518585,0.2220633439719677,-0.41938670724630356,0.0,can_iql_s5,can,iql,5,-0.14506926387548447,,
25000,0.0645781436935067,0.34286271035671234,-11.064547777175903,0.6183802485466003,0.8024029582738876,0.2277832105755806,-0.419219858944416,0.0,can_iql_s5,can,iql,5,-0.34286271035671234,,
30000,0.06041807074099774,-0.2006237953901291,-19.025525665283205,0.6153948783874512,0.7925557255744934,0.22296318113803865,-0.41184751987457274,0.0,can_iql_s5,can,iql,5,0.2006237953901291,,
35000,0.0562472081277519,-0.25744328647851944,-22.564269542694092,0.6145875155925751,0.7899456173181534,0.2212611697614193,-0.41770451515913004,0.0,can_iql_s5,can,iql,5,0.25744328647851944,,
40000,0.055016874521970696,0.36456098034977913,-23.825340747833252,0.6186813712120056,0.8012779802083969,0.2280273549258709,-0.43014316260814667,0.0,can_iql_s5,can,iql,5,-0.36456098034977913,,
45000,0.054304097173735424,0.12256437540054324,-22.909826278686523,0.6216623485088348,0.8025713115930557,0.2279575988650322,-0.4131439328193664,0.0,can_iql_s5,can,iql,5,-0.12256437540054324,,
50000,0.05293037653900678,-0.32696719467639923,-23.41700839996338,0.6173953264951706,0.7877075970172882,0.2234235592186451,-0.4099451154470444,0.0,can_iql_s5,can,iql,5,0.32696719467639923,,
55000,0.05055862758308642,0.014551028609275811,-25.56410264968872,0.6219956576824188,0.7979943752288818,0.2275390736758709,-0.411766417324543,0.0,can_iql_s5,can,iql,5,-0.014551028609275811,,
60000,0.050170837864279706,0.0046835124492645265,-26.42061004638672,0.6200639724731445,0.7971129775047302,0.227092644572258,-0.41066316366195676,0.0,can_iql_s5,can,iql,5,-0.0046835124492645265,,
65000,0.05065157469362015,0.6957125067710875,-26.14818239212036,0.6241796016693115,0.8007373809814453,0.2306780256330967,-0.4251294583082199,0.0,can_iql_s5,can,iql,5,-0.6957125067710875,,
70000,0.0484790661372244,-0.4198458045721054,-26.13022756576538,0.6187636405229568,0.7869641780853271,0.2226562611758709,-0.41523027420043945,0.0,can_iql_s5,can,iql,5,0.4198458045721054,,
75000,0.04645544271916148,-0.1705835685133934,-27.693472385406494,0.6212867945432663,0.79117351770401,0.2310965470969677,-0.40484802424907684,0.0,can_iql_s5,can,iql,5,0.1705835685133934,,
80000,0.045167004875838704,-0.10267842561006546,-29.304495811462402,0.6182817816734314,0.7862247228622437,0.2251674234867096,-0.41233725845813746,0.0,can_iql_s5,can,iql,5,0.10267842561006546,,
85000,0.044524944014847224,0.5054088234901428,-28.965999126434326,0.6245524287223816,0.8124025017023087,0.2360839918255806,-0.4110258221626282,0.0,can_iql_s5,can,iql,5,-0.5054088234901428,,
90000,0.044403047114610614,-0.23282699584960934,-29.7242073059082,0.6220903754234314,0.7943888306617737,0.22578125894069673,-0.41216503381729125,0.0,can_iql_s5,can,iql,5,0.23282699584960934,,
95000,0.0428979430813342,-0.08185335993766787,-30.675634384155273,0.6205330789089203,0.7901002168655396,0.2276088297367096,-0.40921352803707123,0.0,can_iql_s5,can,iql,5,0.08185335993766787,,
100000,0.043484060652553974,0.02538063749670982,-31.466413497924805,0.6222857683897018,0.8023132383823395,0.2323521301150322,-0.40957730263471603,0.0,can_iql_s5,can,iql,5,-0.02538063749670982,,
105000,0.0439831160008907,0.010810058563947678,-31.46202564239502,0.6271413862705231,0.8024228066205978,0.232317253947258,-0.4060795232653618,0.0,can_iql_s5,can,iql,5,-0.010810058563947678,,
110000,0.043760190019384,0.1410540714859963,-32.076130390167236,0.6243902891874313,0.8026447296142578,0.2322126217186451,-0.41073260456323624,0.0,can_iql_s5,can,iql,5,-0.1410540714859963,,
115000,0.04495556843467052,0.3748830631375313,-32.84392309188843,0.6257332116365433,0.8027573078870773,0.2337123416364193,-0.41122427582740784,0.0,can_iql_s5,can,iql,5,-0.3748830631375313,,
120000,0.045164057053625514,0.010082864761352572,-32.82318954467773,0.6228131175041198,0.7989115715026855,0.230217644572258,-0.407094669342041,0.0,can_iql_s5,can,iql,5,-0.010082864761352572,,
0,0.37412636764347545,-16.63082218170166,114.83915138244629,0.526963397860527,0.20530733373016116,0.10466657765209675,-0.18142851442098615,0.5,can_mix_fixed_s1,can,mix_fixed,1,16.63082218170166,,
5000,0.09303048439323898,-3.911056086421013,68.76419639587402,0.5934708267450333,0.7036123424768448,0.1925572082400322,-0.3760788291692734,0.5,can_mix_fixed_s1,can,mix_fixed,1,3.911056086421013,,
10000,0.08035147832706567,1.2304914593696594,23.55486822128296,0.6162994503974915,0.8073257356882095,0.2235630676150322,-0.46855543553829193,0.5,can_mix_fixed_s1,can,mix_fixed,1,-1.2304914593696594,,
15000,0.08648594459518782,-1.0118170827627182,-10.034486144781113,0.6157094091176987,0.7749020308256149,0.2216796949505806,-0.37995118647813797,0.5,can_mix_fixed_s1,can,mix_fixed,1,1.0118170827627182,,
20000,0.07517268331721422,-0.6017087996006012,-21.123394012451172,0.6140456348657608,0.7873567044734955,0.2219935916364193,-0.38703753054142,0.5,can_mix_fixed_s1,can,mix_fixed,1,0.6017087996006012,,
25000,0.06428126124665137,-0.2219266928732395,-27.831007480621338,0.6197527647018433,0.8077770620584488,0.2276088297367096,-0.39302427321672434,0.5,can_mix_fixed_s1,can,mix_fixed,1,0.2219266928732395,,
30000,0.059033140651881644,-0.5373758137226105,-25.31935844421387,0.619934356212616,0.7950105309486389,0.227483269572258,-0.3796413779258728,0.5,can_mix_fixed_s1,can,mix_fixed,1,0.5373758137226105,,
35000,0.05068296408280725,0.07445311173796657,-26.155005931854248,0.6237457543611526,0.8114528059959412,0.2349679246544838,-0.389722540974617,0.5,can_mix_fixed_s1,can,mix_fixed,1,-0.07445311173796657,,
40000,0.048093466833233775,-0.11978867650032052,-23.131600856781006,0.6229689121246338,0.8140388876199722,0.2373744547367096,-0.37654025107622147,0.5,can_mix_fixed_s1,can,mix_fixed,1,0.11978867650032052,,
45000,0.044444382702931724,-0.44312193244695663,-23.41186285018921,0.6196343749761581,0.7972363084554672,0.2317940928041935,-0.3795781657099723,0.5,can_mix_fixed_s1,can,mix_fixed,1,0.44312193244695663,,
50000,0.040923477476462675,-0.08521246910095215,-25.038418292999268,0.6262771487236023,0.8043856471776962,0.234514519572258,-0.38035938888788223,0.5,can_mix_fixed_s1,can,mix_fixed,1,0.08521246910095215,,
55000,0.03771613268181675,0.31538888812065125,-32.061842918395996,0.6244323253631592,0.8149959743022919,0.2402343899011612,-0.383201465010643,0.5,can_mix_fixed_s1,can,mix_fixed,1,-0.31538888812065125,,
60000,0.03741337116807694,-0.3944826483726501,-28.794240188598632,0.6239851832389831,0.798640763759613,0.23498885035514833,-0.380078125,0.5,can_mix_fixed_s1,can,mix_fixed,1,0.3944826483726501,,
65000,0.036645185248926224,-0.21486474573612213,-31.31759214401245,0.6234083026647568,0.8065525889396667,0.2314104400575161,-0.38335355371236796,0.5,can_mix_fixed_s1,can,mix_fixed,1,0.21486474573612213,,
70000,0.035640312824398224,0.11146304383873941,-33.37189960479736,0.6238679140806198,0.8028032332658768,0.2381766326725483,-0.3843596503138542,0.5,can_mix_fixed_s1,can,mix_fixed,1,-0.11146304383873941,,
75000,0.03486974327825007,0.2888611182570458,-33.798357009887695,0.6269320696592331,0.81751449406147,0.2407924197614193,-0.38176589459180826,0.5,can_mix_fixed_s1,can,mix_fixed,1,-0.2888611182570458,,
80000,0.03401773255318397,0.37581581249833107,-34.58135509490967,0.6264634430408478,0.819001242518425,0.2386997900903225,-0.39180179685354233,0.5,can_mix_fixed_s1,can,mix_fixed,1,-0.37581581249833107,,
85000,0.0339632067363709,-0.0795065574347973,-31.865154266357422,0.626339852809906,0.8100642412900925,0.236467644572258,-0.38250938057899475,0.5,can_mix_fixed_s1,can,mix_fixed,1,0.0795065574347973,,
90000,0.03393880553543564,0.020164844393730164,-32.58122177124024,0.627645480632782,0.8064423441886902,0.23914621472358705,-0.381901878118515,0.5,can_mix_fixed_s1,can,mix_fixed,1,-0.020164844393730164,,
95000,0.03387459805235265,-0.5426350235939026,-33.16942882537842,0.620647668838501,0.7911906987428665,0.2317940965294838,-0.3827214762568474,0.5,can_mix_fixed_s1,can,mix_fixed,1,0.5426350235939026,,
100000,0.03337437785230572,0.30518144369125366,-33.18714952468872,0.6259218007326126,0.8103453814983368,0.241908498108387,-0.381761260330677,0.5,can_mix_fixed_s1,can,mix_fixed,1,-0.30518144369125366,,
105000,0.0331723344046622,0.02061915397644043,-32.95589733123779,0.6262023448944092,0.8083948940038681,0.2360491193830967,-0.38531676679849625,0.5,can_mix_fixed_s1,can,mix_fixed,1,-0.02061915397644043,,
110000,0.033043588465079654,0.10435107350349421,-32.399126052856445,0.6270687133073807,0.8082925528287888,0.2368861734867096,-0.38500295579433436,0.5,can_mix_fixed_s1,can,mix_fixed,1,-0.10435107350349421,,
115000,0.031950087659060926,0.234792098402977,-32.212552547454834,0.6278063654899597,0.8112345188856125,0.2418038584291935,-0.37888722121715546,0.5,can_mix_fixed_s1,can,mix_fixed,1,-0.234792098402977,,
120000,0.03139044173061844,0.5446216046810151,-32.70722427368164,0.6286034226417542,0.8163944363594056,0.24282925128936766,-0.3873098373413086,0.5,can_mix_fixed_s1,can,mix_fixed,1,-0.5446216046810151,,
125000,0.03142966977320605,0.5218107104301453,-33.97174072265625,0.6308253854513168,0.8170595020055771,0.2446986697614193,-0.3854849636554718,0.5,can_mix_fixed_s1,can,mix_fixed,1,-0.5218107104301453,,
130000,0.0311569210607558,-0.4617881327867508,-31.56662893295288,0.6233212053775787,0.7896692454814911,0.2358747273683548,-0.3793167397379875,0.5,can_mix_fixed_s1,can,mix_fixed,1,0.4617881327867508,,
135000,0.030876438040286225,-0.8747457079589367,-28.889275550842285,0.6197991371154785,0.778185561299324,0.2294224426150322,-0.37747059762477875,0.5,can_mix_fixed_s1,can,mix_fixed,1,0.8747457079589367,,
140000,0.03044854816980655,0.5603868365287781,-32.51659536361694,0.6300424635410309,0.8146393299102783,0.2451869510114193,-0.3902272954583168,0.5,can_mix_fixed_s1,can,mix_fixed,1,-0.5603868365287781,,
145000,0.030531870387494525,-0.12703754752874374,-29.543580055236816,0.6251446455717087,0.7995668053627014,0.2402343899011612,-0.38570138067007065,0.5,can_mix_fixed_s1,can,mix_fixed,1,0.12703754752874374,,
150000,0.030441397204995103,-0.49674040675163267,-31.53032341003418,0.6218806982040406,0.7933450222015381,0.2339006781578064,-0.3861239910125732,0.5,can_mix_fixed_s1,can,mix_fixed,1,0.49674040675163267,,
155000,0.0309551094658672,-0.19624448567628855,-31.01509141921997,0.6274676620960236,0.8063555955886841,0.2383161410689354,-0.3842875808477402,0.5,can_mix_fixed_s1,can,mix_fixed,1,0.19624448567628855,,
160000,0.0307680871803313,-0.5077561512589455,-31.35536766052246,0.6258599609136581,0.7938259989023209,0.2344447635114193,-0.3796769082546234,0.5,can_mix_fixed_s1,can,mix_fixed,1,0.5077561512589455,,
165000,0.030478563206270275,-0.5457449406385422,-30.69719696044922,0.6212841868400574,0.7869836241006851,0.2333286888897419,-0.3815429136157036,0.5,can_mix_fixed_s1,can,mix_fixed,1,0.5457449406385422,,
170000,0.030651970580220175,-0.49263549596071243,-30.25471830368042,0.6224514245986938,0.7958075404167175,0.2344098873436451,-0.38732659071683884,0.5,can_mix_fixed_s1,can,mix_fixed,1,0.49263549596071243,,
175000,0.0306199167855083,0.1178938746452331,-30.6455135345459,0.6362009048461914,0.808098554611206,0.2463727742433548,-0.381602793931961,0.5,can_mix_fixed_s1,can,mix_fixed,1,-0.1178938746452331,,
0,0.37451429367065425,-16.44834804534912,111.72275352478027,0.5306255221366882,0.23320432659238577,0.1096540242433548,-0.16778705269098276,0.5,can_mix_fixed_s2,can,mix_fixed,2,16.44834804534912,,
5000,0.08657665597274894,-3.0180912390351295,59.644317626953125,0.6003449708223343,0.6974551379680634,0.195452019572258,-0.3923559933900833,0.5,can_mix_fixed_s2,can,mix_fixed,2,3.0180912390351295,,
10000,0.0698545968160033,0.7341996133327484,10.903517007827759,0.6147007197141647,0.8046264499425888,0.2199009619653225,-0.46388301253318787,0.5,can_mix_fixed_s2,can,mix_fixed,2,-0.7341996133327484,,
15000,0.0736532310955226,1.0618454813957214,-26.68199586868286,0.6131274700164795,0.802875429391861,0.2216099426150322,-0.459882490336895,0.5,can_mix_fixed_s2,can,mix_fixed,2,-1.0618454813957214,,
20000,0.06789155798032878,0.0015919953584671576,-35.26353168487549,0.60979363322258,0.7904064208269119,0.2211216613650322,-0.4270021915435791,0.5,can_mix_fixed_s2,can,mix_fixed,2,-0.0015919953584671576,,
25000,0.06044190730899567,0.4283042550086975,-36.18141460418701,0.623577430844307,0.8124089688062668,0.234200619161129,-0.40045909583568573,0.5,can_mix_fixed_s2,can,mix_fixed,2,-0.4283042550086975,,
30000,0.054111404791474284,0.16626034677028656,-36.72155075073242,0.6213028073310852,0.8139729261398315,0.23387278020381927,-0.39691405296325677,0.5,can_mix_fixed_s2,can,mix_fixed,2,-0.16626034677028656,,
35000,0.046263443352654504,-0.07291398197412491,-34.95828342437744,0.6195392459630966,0.8109359890222549,0.2335728332400322,-0.38844563812017435,0.5,can_mix_fixed_s2,can,mix_fixed,2,0.07291398197412491,,
40000,0.04585093017667528,-0.8990210890769958,-37.2995080947876,0.6198380142450333,0.7869847416877747,0.2262486144900322,-0.37866389751434326,0.5,can_mix_fixed_s2,can,mix_fixed,2,0.8990210890769958,,
45000,0.044069110462441975,0.5081137269735336,-36.79116630554199,0.6286795735359192,0.831118255853653,0.2444545291364193,-0.38166931271553034,0.5,can_mix_fixed_s2,can,mix_fixed,2,-0.5081137269735336,,
50000,0.0432182251941412,0.3119170218706131,-35.661081314086914,0.62601238489151,0.8179807066917419,0.2386997863650322,-0.38687780499458313,0.5,can_mix_fixed_s2,can,mix_fixed,2,-0.3119170218706131,,
55000,0.04198291734792288,0.7598937451839447,-35.61661243438721,0.6308695524930954,0.8372790366411209,0.2465122863650322,-0.38174986094236374,0.5,can_mix_fixed_s2,can,mix_fixed,2,-0.7598937451839447,,
60000,0.039612938612699454,0.043575459718704225,-34.36725425720215,0.6260137796401978,0.8194783091545105,0.24157367050647735,-0.38312759399414065,0.5,can_mix_fixed_s2,can,mix_fixed,2,-0.043575459718704225,,
65000,0.03805373860523103,-0.7252312377095222,-31.922717094421387,0.6217196136713028,0.7938862293958664,0.2292480580508709,-0.37748119980096817,0.5,can_mix_fixed_s2,can,mix_fixed,2,0.7252312377095222,,
70000,0.0386993034277111,0.12871111929416662,-31.84761142730713,0.6254145503044128,0.8081052601337433,0.2412807047367096,-0.3830662965774536,0.5,can_mix_fixed_s2,can,mix_fixed,2,-0.12871111929416662,,
75000,0.03672145344316955,0.5550008080899715,-31.506853580474854,0.6295443475246429,0.8161659985780716,0.2435128502547741,-0.3874252736568451,0.5,can_mix_fixed_s2,can,mix_fixed,2,-0.5550008080899715,,
80000,0.035946196131408176,-0.07574754208326341,-28.52777099609375,0.623539611697197,0.8033677786588669,0.2361537478864193,-0.3889428079128265,0.5,can_mix_fixed_s2,can,mix_fixed,2,0.07574754208326341,,
85000,0.035185357695445396,-0.688070371747017,-27.919065475463867,0.6237601190805435,0.7956173866987228,0.2342006266117096,-0.3819730579853058,0.5,can_mix_fixed_s2,can,mix_fixed,2,0.688070371747017,,
90000,0.03532088063657278,0.010142971575260184,-29.78434028625488,0.6279552102088928,0.8078390479087829,0.24229912161827089,-0.3843719244003296,0.5,can_mix_fixed_s2,can,mix_fixed,2,-0.010142971575260184,,
95000,0.03600421743467445,0.18240592628717422,-30.797340393066406,0.6271025687456131,0.8107399493455887,0.2410016842186451,-0.37860701978206635,0.5,can_mix_fixed_s2,can,mix_fixed,2,-0.18240592628717422,,
100000,0.03477101526223118,0.44324412755668163,-29.875672817230225,0.62574303150177,0.8206349760293961,0.238978810608387,-0.3908289521932602,0.5,can_mix_fixed_s2,can,mix_fixed,2,-0.44324412755668163,,
105000,0.03453118144534525,-0.01909409090876579,-30.42902946472168,0.6255382001399994,0.796308621764183,0.2359793670475483,-0.38261881470680237,0.5,can_mix_fixed_s2,can,mix_fixed,2,0.01909409090876579,,
110000,0.032933316798880646,-0.3737761005759239,-29.467001914978027,0.6249595433473587,0.7957720160484314,0.2367815375328064,-0.3826446235179901,0.5,can_mix_fixed_s2,can,mix_fixed,2,0.3737761005759239,,
115000,0.0323623253963887,-0.002173513174056991,-32.13271141052246,0.6263034641742706,0.7995140850543976,0.233782097697258,-0.38298641890287394,0.5,can_mix_fixed_s2,can,mix_fixed,2,0.002173513174056991,,
120000,0.03205113809555764,-0.4427157402038574,-30.547605133056642,0.6238461256027221,0.7958425045013428,0.23320313096046447,-0.3793273627758026,0.5,can_mix_fixed_s2,can,mix_fixed,2,0.4427157402038574,,
125000,0.03197870370931918,0.9999856054782867,-30.74424695968628,0.6316301077604294,0.827901154756546,0.2460588850080967,-0.39456450194120407,0.5,can_mix_fixed_s2,can,mix_fixed,2,-0.9999856054782867,,
130000,0.0318050135392695,-0.0984614565968513,-31.127588748931885,0.625367134809494,0.8038365840911865,0.238176628947258,-0.38459313660860056,0.5,can_mix_fixed_s2,can,mix_fixed,2,0.0984614565968513,,
135000,0.03272007848136125,0.4451960287988186,-32.9537992477417,0.630964070558548,0.8183948248624802,0.2463030256330967,-0.38378295302391047,0.5,can_mix_fixed_s2,can,mix_fixed,2,-0.4451960287988186,,
140000,0.032295879907906,0.48504939675331116,-33.55901527404785,0.629652589559555,0.8233360052108765,0.2419433705508709,-0.39071357250213623,0.5,can_mix_fixed_s2,can,mix_fixed,2,-0.48504939675331116,,
145000,0.03206090498715635,0.006793983280658751,-30.53341579437256,0.6258687824010849,0.8052344918251038,0.2375837154686451,-0.3849830776453018,0.5,can_mix_fixed_s2,can,mix_fixed,2,-0.006793983280658751,,
150000,0.03215191692113872,-0.2541069507598877,-31.665349578857423,0.6229469895362854,0.8013933658599853,0.23532367050647734,-0.3900623440742492,0.5,can_mix_fixed_s2,can,mix_fixed,2,0.2541069507598877,,
155000,0.031908762268722024,0.32469943165779114,-32.1358699798584,0.6277095824480057,0.8062453418970108,0.2405831553041935,-0.3908648043870926,0.5,can_mix_fixed_s2,can,mix_fixed,2,-0.32469943165779114,,
160000,0.0319989274721592,0.03886888176202774,-30.242576599121094,0.6247567981481552,0.8015701174736023,0.2367815412580967,-0.3895844370126724,0.5,can_mix_fixed_s2,can,mix_fixed,2,-0.03886888176202774,,
165000,0.03118778823409225,-0.18620523810386658,-30.541807651519775,0.6260271817445755,0.7997325360774994,0.2393275760114193,-0.38818304985761637,0.5,can_mix_fixed_s2,can,mix_fixed,2,0.18620523810386658,,
170000,0.03086428316310045,-0.14400406181812286,-30.785490036010742,0.6239925026893616,0.7944735735654831,0.2367466613650322,-0.3862376883625984,0.5,can_mix_fixed_s2,can,mix_fixed,2,0.14400406181812286,,
175000,0.030671361926943,-0.2253277003765106,-32.534873962402344,0.6233013868331909,0.7997217774391174,0.2357701063156128,-0.3846821188926697,0.5,can_mix_fixed_s2,can,mix_fixed,2,0.2253277003765106,,
0,0.37469554878771305,-16.47634744644165,111.99054336547852,0.5276286751031876,0.245786570943892,0.1083286888897419,-0.180102314800024,0.5,can_mix_fixed_s3,can,mix_fixed,3,16.47634744644165,,
5000,0.0941171564161777,-1.9497532844543457,68.10586452484131,0.6010686755180359,0.7374812811613083,0.1945103295147419,-0.4421425238251686,0.5,can_mix_fixed_s3,can,mix_fixed,3,1.9497532844543457,,
10000,0.07466912055388088,-0.18667840957641607,14.601748660206795,0.6078236550092697,0.7734999805688858,0.2087053656578064,-0.45185473561286926,0.5,can_mix_fixed_s3,can,mix_fixed,3,0.18667840957641607,,
15000,0.0851296565495431,0.9455912262201309,-11.692460656166077,0.6170664727687836,0.8134237974882126,0.2245047502219677,-0.44875176995992655,0.5,can_mix_fixed_s3,can,mix_fixed,3,-0.9455912262201309,,
20000,0.08468540702015158,0.09892956726253027,-18.044909715652466,0.6198933571577072,0.8025777041912079,0.2271554246544838,-0.40031762421131134,0.5,can_mix_fixed_s3,can,mix_fixed,3,-0.09892956726253027,,
25000,0.07724242266267535,0.1741051971912384,-17.26488208770752,0.6227341145277023,0.8153305798768997,0.234758660197258,-0.3826180920004844,0.5,can_mix_fixed_s3,can,mix_fixed,3,-0.1741051971912384,,
30000,0.06872224926948545,0.1131166398525238,-16.325638008117675,0.6220078587532043,0.8089977264404297,0.23186384737491608,-0.388433963060379,0.5,can_mix_fixed_s3,can,mix_fixed,3,-0.1131166398525238,,
35000,0.05747591299004848,-0.9150105118751526,-18.598286628723145,0.6179773807525635,0.7947774231433868,0.2238420844078064,-0.38020505011081696,0.5,can_mix_fixed_s3,can,mix_fixed,3,0.9150105118751526,,
40000,0.054387152148410625,-0.6499023884534835,-22.06563425064087,0.6213678568601608,0.8027154207229614,0.2303990051150322,-0.37519823759794235,0.5,can_mix_fixed_s3,can,mix_fixed,3,0.6499023884534835,,
45000,0.05113065154291685,-0.19002434611320493,-27.71012020111084,0.6254810392856598,0.810592532157898,0.2366420291364193,-0.37871284037828445,0.5,can_mix_fixed_s3,can,mix_fixed,3,0.19002434611320493,,
50000,0.04716445063240823,-0.1329362690448761,-29.37702465057373,0.6261612325906754,0.8175662457942963,0.2388741746544838,-0.37261955440044403,0.5,can_mix_fixed_s3,can,mix_fixed,3,0.1329362690448761,,
55000,0.04606351535767313,0.7514363452792168,-32.11892604827881,0.6316446512937546,0.8408490866422653,0.2517438754439354,-0.36869754642248154,0.5,can_mix_fixed_s3,can,mix_fixed,3,-0.7514363452792168,,
60000,0.043626512847840734,0.3697801142930984,-33.78183364868164,0.6277238607406617,0.8253079652786255,0.24260603487491608,-0.3773454248905182,0.5,can_mix_fixed_s3,can,mix_fixed,3,-0.3697801142930984,,
65000,0.042828521784394925,0.6785652562975883,-34.710805892944336,0.6340003609657288,0.8360804617404938,0.2486397996544838,-0.3762154132127762,0.5,can_mix_fixed_s3,can,mix_fixed,3,-0.6785652562975883,,
70000,0.040891722403466675,0.680826909840107,-35.275997161865234,0.6322411447763443,0.835730254650116,0.2500697635114193,-0.3737068846821785,0.5,can_mix_fixed_s3,can,mix_fixed,3,-0.680826909840107,,
75000,0.04055783976800738,0.448096439242363,-35.03972339630127,0.6333440840244293,0.8260827660560608,0.2464076541364193,-0.36165457218885416,0.5,can_mix_fixed_s3,can,mix_fixed,3,-0.448096439242363,,
80000,0.039131762227043475,0.5072886720299721,-34.74998950958252,0.6353476047515869,0.8291292935609818,0.2476632408797741,-0.374046579003334,0.5,can_mix_fixed_s3,can,mix_fixed,3,-0.5072886720299721,,
85000,0.03923616446554655,-0.24437665939331052,-32.24548101425171,0.6302217543125153,0.8136996179819107,0.2414550893008709,-0.36719218641519547,0.5,can_mix_fixed_s3,can,mix_fixed,3,0.24437665939331052,,
90000,0.03803375538438554,0.6682294547557831,-33.11586380004883,0.6321426868438721,0.833164119720459,0.2480189859867096,-0.38063737750053406,0.5,can_mix_fixed_s3,can,mix_fixed,3,-0.6682294547557831,,
95000,0.037338665919378324,0.08961381018161771,-32.28870487213135,0.6313708126544952,0.8203232437372208,0.2410365603864193,-0.3723571524024009,0.5,can_mix_fixed_s3,can,mix_fixed,3,-0.08961381018161771,,
100000,0.0360212814994156,0.7093243896961212,-31.63124370574951,0.6335074156522751,0.8400634527206421,0.246965691447258,-0.3819233328104019,0.5,can_mix_fixed_s3,can,mix_fixed,3,-0.7093243896961212,,
105000,0.035640211589634374,0.1086454205214977,-34.60877323150635,0.6319305300712585,0.8193928152322769,0.2436174787580967,-0.38087645918130875,0.5,can_mix_fixed_s3,can,mix_fixed,3,-0.1086454205214977,,
110000,0.034543828852474624,0.2242297399789095,-34.10090255737305,0.6285889893770218,0.8217467218637466,0.2434779666364193,-0.37881769239902496,0.5,can_mix_fixed_s3,can,mix_fixed,3,-0.2242297399789095,,
115000,0.03426089268177743,0.043800562620162964,-34.5049409866333,0.6312187016010284,0.8166418522596359,0.242885060608387,-0.37774269282817835,0.5,can_mix_fixed_s3,can,mix_fixed,3,-0.043800562620162964,,
120000,0.033647387027740464,-0.10017217099666605,-32.62451591491699,0.6279877543449401,0.8089108347892762,0.23847657442092896,-0.37921781539916993,0.5,can_mix_fixed_s3,can,mix_fixed,3,0.10017217099666605,,
125000,0.03334968183189628,-0.42914670147001743,-33.26545810699463,0.6252147406339645,0.8091260343790054,0.2367466613650322,-0.37957385182380676,0.5,can_mix_fixed_s3,can,mix_fixed,3,0.42914670147001743,,
130000,0.033406544663011975,-0.38074603118002415,-31.88805341720581,0.6249288469552994,0.8028862327337265,0.239467091858387,-0.3769846335053444,0.5,can_mix_fixed_s3,can,mix_fixed,3,0.38074603118002415,,
135000,0.03333020503632717,-0.1002401616424322,-31.151087760925293,0.6263461112976074,0.8133091926574707,0.2381417527794838,-0.37708280235528946,0.5,can_mix_fixed_s3,can,mix_fixed,3,0.1002401616424322,,
140000,0.033572098473086925,0.436227485537529,-31.68364143371582,0.6322015076875687,0.8165134638547897,0.2454659752547741,-0.3807132616639137,0.5,can_mix_fixed_s3,can,mix_fixed,3,-0.436227485537529,,
145000,0.03351514693349595,0.18169918656349182,-31.363199710845947,0.630302682518959,0.8170105367898941,0.2395368404686451,-0.38360148668289185,0.5,can_mix_fixed_s3,can,mix_fixed,3,-0.18169918656349182,,
150000,0.03307548508048052,0.19533202648162842,-31.40606346130371,0.6302226781845093,0.8129228830337525,0.243108269572258,-0.3791407465934753,0.5,can_mix_fixed_s3,can,mix_fixed,3,-0.19533202648162842,,
155000,0.03232130073010918,-0.2744607590138912,-30.662170886993408,0.626117467880249,0.8027211725711823,0.2352818176150322,-0.38891903311014175,0.5,can_mix_fixed_s3,can,mix_fixed,3,0.2744607590138912,,
160000,0.03238252084702248,-0.01774940639734269,-32.66451072692871,0.6295507699251175,0.8043607175350189,0.2389439307153225,-0.37804751843214035,0.5,can_mix_fixed_s3,can,mix_fixed,3,0.01774940639734269,,
165000,0.03173721558414395,0.02847832441329956,-29.94539785385132,0.631109431385994,0.8154717832803726,0.2442801408469677,-0.37843688577413553,0.5,can_mix_fixed_s3,can,mix_fixed,3,-0.02847832441329956,,
170000,0.031580100813880504,0.02200395613908769,-33.22164344787598,0.6283807307481766,0.8077080547809601,0.2408272959291935,-0.3873670622706413,0.5,can_mix_fixed_s3,can,mix_fixed,3,-0.02200395613908769,,
175000,0.0319302145391702,0.2431289851665496,-30.641891479492188,0.6330617070198059,0.8159736394882202,0.2388392984867096,-0.3836013376712799,0.5,can_mix_fixed_s3,can,mix_fixed,3,-0.2431289851665496,,
0,0.371717326156795,-18.14987850189209,113.35660743713379,0.5168576389551163,0.14775337185710663,0.09500558488070965,-0.16073587909340856,0.779112,can_mix_linear_s1,can,mix_linear,1,18.14987850189209,,
5000,0.0803168937563896,-5.9731467962265015,56.96053600311279,0.5824035853147507,0.632627971470356,0.1755371205508709,-0.3486816883087158,0.7455120000000001,can_mix_linear_s1,can,mix_linear,1,5.9731467962265015,,
10000,0.05634858086705202,1.188222736120224,-1.7132815718650813,0.6184729486703873,0.8144814819097519,0.2253766879439354,-0.45346300303936005,0.7119120000000001,can_mix_linear_s1,can,mix_linear,1,-1.188222736120224,,
15000,0.07002053968608375,0.09858723729848862,-36.755340576171875,0.6224223077297211,0.8071932345628738,0.2324916385114193,-0.38345102220773697,0.678312,can_mix_linear_s1,can,mix_linear,1,-0.09858723729848862,,
20000,0.0710581437684595,0.360405132174492,-43.13818168640137,0.618092268705368,0.8109750151634216,0.2308872900903225,-0.4032852947711944,0.644712,can_mix_linear_s1,can,mix_linear,1,-0.360405132174492,,
25000,0.06852189479395746,0.7680685594677925,-36.630573749542236,0.6243618577718735,0.8256705403327942,0.2400599978864193,-0.390223816037178,0.6111120000000001,can_mix_linear_s1,can,mix_linear,1,-0.7680685594677925,,
30000,0.058823911733925274,0.2859691917896271,-30.925942993164064,0.6227444052696228,0.8159036636352539,0.23953684270381928,-0.37481761574745176,0.5733119999999999,can_mix_linear_s1,can,mix_linear,1,-0.2859691917896271,,
35000,0.0536323726177215,0.7869259417057037,-31.431093215942383,0.6275602579116821,0.8330130279064178,0.2452567033469677,-0.38114865124225616,0.535512,can_mix_linear_s1,can,mix_linear,1,-0.7869259417057037,,
40000,0.0510940779931843,0.8385059125721455,-26.987930297851562,0.6272325217723846,0.8254694938659668,0.2455008439719677,-0.38110685348510737,0.501912,can_mix_linear_s1,can,mix_linear,1,-0.8385059125721455,,
45000,0.0456932044588029,0.3567435070872307,-30.312106609344482,0.6267252713441849,0.8228861391544342,0.2423270232975483,-0.38008823245763773,0.468312,can_mix_linear_s1,can,mix_linear,1,-0.3567435070872307,,
50000,0.04275049581192428,0.5541289299726485,-28.29915952682495,0.6279684752225876,0.8247667998075485,0.2441755123436451,-0.37954552471637726,0.434712,can_mix_linear_s1,can,mix_linear,1,-0.5541289299726485,,
55000,0.041008471092209176,-0.1067720279097557,-27.638790130615234,0.6238072663545609,0.8123224228620529,0.236711785197258,-0.36822279542684555,0.40111199999999997,can_mix_linear_s1,can,mix_linear,1,0.1067720279097557,,
60000,0.039854356683790636,-0.06854205429553989,-25.829946517944336,0.6277793884277344,0.8137998461723328,0.24218751192092897,-0.3656135737895966,0.36331199999999997,can_mix_linear_s1,can,mix_linear,1,0.06854205429553989,,
65000,0.0392349987290799,0.7188413888216019,-23.691107273101807,0.6278180778026581,0.8237596452236176,0.244280144572258,-0.38101109117269516,0.32551199999999997,can_mix_linear_s1,can,mix_linear,1,-0.7188413888216019,,
70000,0.0390903996303677,0.10550140962004662,-20.440190315246582,0.6279574930667877,0.8070243448019028,0.2395019643008709,-0.37520217895507807,0.29191199999999995,can_mix_linear_s1,can,mix_linear,1,-0.10550140962004662,,
75000,0.037938552675768705,0.17549125850200653,-19.74324607849121,0.6253272444009781,0.8047210574150085,0.2365374006330967,-0.38859155774116516,0.258312,can_mix_linear_s1,can,mix_linear,1,-0.17549125850200653,,
80000,0.034461191901937076,-0.3035952188074589,-18.536882877349854,0.6204932034015656,0.7909873127937317,0.232317253947258,-0.39286091923713684,0.22471199999999994,can_mix_linear_s1,can,mix_linear,1,0.3035952188074589,,
85000,0.033468035003170325,0.6457757987082005,-20.832548141479492,0.6251870840787888,0.8160220831632614,0.2368164174258709,-0.4049452915787697,0.19111199999999995,can_mix_linear_s1,can,mix_linear,1,-0.6457757987082005,,
90000,0.0331095770001411,0.6400306940078735,-18.291064453125,0.6265544652938843,0.8164271354675293,0.24012278020381927,-0.3982050716876983,0.15331199999999995,can_mix_linear_s1,can,mix_linear,1,-0.6400306940078735,,
95000,0.03243631371296937,-0.3108731359243393,-16.876551151275635,0.619852289557457,0.7934267371892929,0.2309570424258709,-0.3967350572347641,0.11551199999999995,can_mix_linear_s1,can,mix_linear,1,0.3108731359243393,,
100000,0.03306809682399028,0.599185436964035,-17.480826377868652,0.6238063424825668,0.8049340099096298,0.2356305941939354,-0.40445268899202347,0.0999999999999999,can_mix_linear_s1,can,mix_linear,1,-0.599185436964035,,
105000,0.0333952808286994,0.02730170637369156,-14.117662906646729,0.6229346394538879,0.8024189174175262,0.2332589402794838,-0.3994854986667633,0.0999999999999999,can_mix_linear_s1,can,mix_linear,1,-0.02730170637369156,,
110000,0.0339029724709689,0.2037326991558075,-13.850627422332764,0.6249805837869644,0.8019242584705353,0.2348981723189354,-0.39594797790050507,0.0999999999999999,can_mix_linear_s1,can,mix_linear,1,-0.2037326991558075,,
115000,0.035177375422790626,-0.5643000304698944,-13.176433086395264,0.6168696284294128,0.785465657711029,0.2280971072614193,-0.39692291617393494,0.0999999999999999,can_mix_linear_s1,can,mix_linear,1,0.5643000304698944,,
120000,0.033238411881029564,-0.3582568973302841,-14.568828010559082,0.6185211539268494,0.7834214329719543,0.22246094942092895,-0.40786502957344056,0.0999999999999999,can_mix_linear_s1,can,mix_linear,1,0.3582568973302841,,
125000,0.03173916593659665,-0.09898987412452699,-16.996601581573486,0.6196583062410355,0.7922392785549164,0.2281668670475483,-0.4133486822247505,0.0999999999999999,can_mix_linear_s1,can,mix_linear,1,0.09898987412452699,,
130000,0.03119824628811325,-0.3021679166704416,-16.112225770950317,0.6211949437856674,0.7839774191379547,0.2286202646791935,-0.4100629091262817,0.0999999999999999,can_mix_linear_s1,can,mix_linear,1,0.3021679166704416,,
135000,0.030446453904733023,0.0905579626560212,-13.796203374862671,0.6210103631019592,0.7959892004728317,0.2275390736758709,-0.4160604774951935,0.0999999999999999,can_mix_linear_s1,can,mix_linear,1,-0.0905579626560212,,
140000,0.0297482395311817,0.06267616152763364,-16.42472505569458,0.6194513589143753,0.7975977063179016,0.2293526902794838,-0.414944052696228,0.0999999999999999,can_mix_linear_s1,can,mix_linear,1,-0.06267616152763364,,
145000,0.02970085090491915,-0.27010988444089895,-16.474733591079712,0.6210980713367462,0.7932154834270477,0.2316894680261612,-0.40657656639814377,0.0999999999999999,can_mix_linear_s1,can,mix_linear,1,0.27010988444089895,,
150000,0.028754509240388797,-0.5515147268772125,-16.274583053588866,0.6172330737113952,0.7784928441047668,0.22335380613803862,-0.40769592523574827,0.0999999999999999,can_mix_linear_s1,can,mix_linear,1,0.5515147268772125,,
155000,0.027776372712105476,-0.7019803822040558,-17.970470905303955,0.6148671507835388,0.7751237750053406,0.2220982238650322,-0.41083483397960663,0.0999999999999999,can_mix_linear_s1,can,mix_linear,1,0.7019803822040558,,
160000,0.026993008353747374,0.2392635084688664,-17.317793369293213,0.6215972900390625,0.7980767041444778,0.2328752912580967,-0.41075632721185684,0.0999999999999999,can_mix_linear_s1,can,mix_linear,1,-0.2392635084688664,,
165000,0.0257659822935238,-0.4246649518609047,-16.92529296875,0.6151715219020844,0.7784849554300308,0.2212960459291935,-0.4099073112010956,0.0999999999999999,can_mix_linear_s1,can,mix_linear,1,0.4246649518609047,,
170000,0.025105054210871426,0.3288387879729271,-17.561594009399414,0.62056003510952,0.7949105948209763,0.2320382371544838,-0.42118895798921585,0.0999999999999999,can_mix_linear_s1,can,mix_linear,1,-0.3288387879729271,,
175000,0.0248736298643052,0.8563620448112488,-18.50198745727539,0.6329545378684998,0.8098087906837463,0.2412109524011612,-0.4114772379398346,0.0999999999999999,can_mix_linear_s1,can,mix_linear,1,-0.8563620448112488,,
0,0.37174124363809824,-17.639589071273804,111.9198989868164,0.5214273780584335,0.16755846887826914,0.0982491672039032,-0.15591413527727124,0.779112,can_mix_linear_s2,can,mix_linear,2,17.639589071273804,,
5000,0.07944780657999212,-4.963946878910065,55.64894962310791,0.5917435735464096,0.6429553404450417,0.190255306661129,-0.3401397764682769,0.7455120000000001,can_mix_linear_s2,can,mix_linear,2,4.963946878910065,,
10000,0.045389295928180175,0.7858975604176521,-12.642826795578003,0.6187642961740494,0.8034135550260544,0.2234933152794838,-0.4442204087972641,0.7119120000000001,can_mix_linear_s2,can,mix_linear,2,-0.7858975604176521,,
15000,0.0517994922585785,1.470071703195572,-58.854997634887695,0.6212542057037354,0.8160452842712402,0.2329799197614193,-0.4327201470732689,0.678312,can_mix_linear_s2,can,mix_linear,2,-1.470071703195572,,
20000,0.06370464474894103,-0.6119600832462311,-63.373488426208496,0.6123693138360977,0.7840529382228851,0.2216099426150322,-0.40185359865427017,0.644712,can_mix_linear_s2,can,mix_linear,2,0.6119600832462311,,
25000,0.059344344399869395,0.3376023098826408,-54.04994869232178,0.6114266812801361,0.7982981503009796,0.2242954894900322,-0.42555441707372665,0.6111120000000001,can_mix_linear_s2,can,mix_linear,2,-0.3376023098826408,,
30000,0.05222571451216932,0.46946442127227783,-44.0184326171875,0.6203101277351379,0.8144623875617981,0.2334263503551483,-0.4037926852703094,0.5733119999999999,can_mix_linear_s2,can,mix_linear,2,-0.46946442127227783,,
35000,0.04660700359381732,0.7876599878072739,-38.908273696899414,0.6247475296258926,0.8217230439186096,0.2427804246544838,-0.3875926807522773,0.535512,can_mix_linear_s2,can,mix_linear,2,-0.7876599878072739,,
40000,0.046551085263490596,0.14634475857019424,-38.28412342071533,0.6231225281953812,0.8080428689718246,0.2365722768008709,-0.38101333379745483,0.501912,can_mix_linear_s2,can,mix_linear,2,-0.14634475857019424,,
45000,0.04435570561327035,-0.32286566495895386,-34.84696006774902,0.6219836324453354,0.8079004734754562,0.2329450435936451,-0.38436318188905716,0.468312,can_mix_linear_s2,can,mix_linear,2,0.32286566495895386,,
50000,0.041910288203507624,0.41114342212677,-33.31644105911255,0.6246992647647858,0.8136538118124008,0.2390136793255806,-0.3905244246125221,0.434712,can_mix_linear_s2,can,mix_linear,2,-0.41114342212677,,
55000,0.04175622742623088,0.02183571457862854,-30.00630235671997,0.6224359273910522,0.8060742616653442,0.2347237803041935,-0.3883655294775962,0.40111199999999997,can_mix_linear_s2,can,mix_linear,2,-0.02183571457862854,,
60000,0.04194973498582836,-0.35430901050567626,-25.14513053894043,0.622115433216095,0.7960703372955322,0.23535157442092897,-0.3864645421504974,0.36331199999999997,can_mix_linear_s2,can,mix_linear,2,0.35430901050567626,,
65000,0.041377432644367176,-0.9015257358551025,-24.83747959136963,0.619266077876091,0.7878778278827667,0.230364128947258,-0.37546128779649734,0.32551199999999997,can_mix_linear_s2,can,mix_linear,2,0.9015257358551025,,
70000,0.038727749651297876,-0.2523135170340538,-22.35101890563965,0.6214312613010406,0.8016161322593689,0.2355259582400322,-0.3815231993794441,0.29191199999999995,can_mix_linear_s2,can,mix_linear,2,0.2523135170340538,,
75000,0.03907965319231145,-0.27166351675987244,-20.612891674041748,0.6207245737314224,0.7982813715934753,0.2331543043255806,-0.3919751718640327,0.258312,can_mix_linear_s2,can,mix_linear,2,0.27166351675987244,,
80000,0.0380714416969567,-0.06305127590894699,-20.249333381652832,0.6250650137662888,0.8099991381168365,0.2360491193830967,-0.3869532346725464,0.22471199999999994,can_mix_linear_s2,can,mix_linear,2,0.06305127590894699,,
85000,0.036200566403567724,-0.2285141497850418,-18.399081707000732,0.6209944784641266,0.7911602258682251,0.2341308705508709,-0.38874854892492294,0.19111199999999995,can_mix_linear_s2,can,mix_linear,2,0.2285141497850418,,
90000,0.03486793257296082,-0.20807164907455444,-19.399769592285157,0.6219975471496582,0.7893795371055603,0.22773438692092896,-0.4050212025642395,0.15331199999999995,can_mix_linear_s2,can,mix_linear,2,0.20807164907455444,,
95000,0.033727485593408296,-0.0844987779855728,-20.157876014709473,0.6173778176307678,0.7880885303020477,0.2258998453617096,-0.4019630253314972,0.11551199999999995,can_mix_linear_s2,can,mix_linear,2,0.0844987779855728,,
100000,0.0329696839675307,0.2685250043869019,-19.95188617706299,0.6211493909358978,0.7977427989244461,0.2335030809044838,-0.4005360454320907,0.0999999999999999,can_mix_linear_s2,can,mix_linear,2,-0.2685250043869019,,
105000,0.032469843374565176,0.6497399061918259,-20.625731945037842,0.6237238645553589,0.8046251535415649,0.2343052551150322,-0.407591849565506,0.0999999999999999,can_mix_linear_s2,can,mix_linear,2,-0.6497399061918259,,
110000,0.0329560622107237,-0.02055499702692032,-18.170026779174805,0.6196174472570419,0.7953742891550064,0.2298060953617096,-0.4075253829360008,0.0999999999999999,can_mix_linear_s2,can,mix_linear,2,0.02055499702692032,,
115000,0.031265827617608,0.20316505059599876,-18.212299823760986,0.6167455315589905,0.7939217388629913,0.2307826541364193,-0.40767851471900934,0.0999999999999999,can_mix_linear_s2,can,mix_linear,2,-0.20316505059599876,,
120000,0.03072609176859254,-0.2435727059841156,-18.924306869506836,0.6174092054367065,0.7823801636695862,0.22608818113803864,-0.4020437002182007,0.0999999999999999,can_mix_linear_s2,can,mix_linear,2,0.2435727059841156,,
125000,0.029945451929233924,0.40618182718753815,-18.229648590087894,0.6185506731271744,0.8016765117645264,0.2330496720969677,-0.4065349400043487,0.0999999999999999,can_mix_linear_s2,can,mix_linear,2,-0.40618182718753815,,
130000,0.029739851062186,0.46334752440452576,-18.77649450302124,0.6209544241428375,0.7970834970474243,0.2296665832400322,-0.41311343759298325,0.0999999999999999,can_mix_linear_s2,can,mix_linear,2,-0.46334752440452576,,
135000,0.0287282950710505,0.047391511499881744,-19.732887506484985,0.6196525245904922,0.7881210297346115,0.2275390736758709,-0.40850289911031723,0.0999999999999999,can_mix_linear_s2,can,mix_linear,2,-0.047391511499881744,,
140000,0.028202964551746777,0.29702866077423096,-23.30635690689087,0.6191751062870026,0.7895257025957108,0.2315150760114193,-0.408725380897522,0.0999999999999999,can_mix_linear_s2,can,mix_linear,2,-0.29702866077423096,,
145000,0.028242354025132924,0.1856768578290939,-21.21305227279663,0.619565561413765,0.7875626385211945,0.229387566447258,-0.4093444272875786,0.0999999999999999,can_mix_linear_s2,can,mix_linear,2,-0.1856768578290939,,
150000,0.02767425527796146,-0.12443241477012637,-21.586338806152344,0.6178936719894409,0.7827791094779968,0.228264519572258,-0.4086025893688202,0.0999999999999999,can_mix_linear_s2,can,mix_linear,2,0.12443241477012637,,
155000,0.027356864348985224,-0.437174178659916,-19.20400381088257,0.6137419641017914,0.7755789309740067,0.2244001179933548,-0.4053693488240242,0.0999999999999999,can_mix_linear_s2,can,mix_linear,2,0.437174178659916,,
160000,0.027133448934182475,0.32979147881269455,-22.836528778076172,0.6179711669683456,0.7915306836366653,0.2312360629439354,-0.4163960888981819,0.0999999999999999,can_mix_linear_s2,can,mix_linear,2,-0.32979147881269455,,
165000,0.026603207224979948,0.13081955909729004,-21.432295322418213,0.6181400120258331,0.7931589931249619,0.2285156361758709,-0.41539815813302994,0.0999999999999999,can_mix_linear_s2,can,mix_linear,2,-0.13081955909729004,,
170000,0.026280732918530676,-0.0634876377880573,-21.58262872695923,0.61473049223423,0.7840243428945541,0.2291783057153225,-0.4095509350299835,0.0999999999999999,can_mix_linear_s2,can,mix_linear,2,0.0634876377880573,,
175000,0.0256538801826536,-1.5891523361206057,-19.88388061523437,0.6150630116462708,0.7570990324020386,0.2141462117433548,-0.3881482183933258,0.0999999999999999,can_mix_linear_s2,can,mix_linear,2,1.5891523361206057,,
0,0.3716061435639858,-17.577909946441654,112.6479606628418,0.5190675556659698,0.17569305468350643,0.0999930277466774,-0.1676005609333515,0.779112,can_mix_linear_s3,can,mix_linear,3,17.577909946441654,,
5000,0.0816529646515846,-4.462124168872833,55.563232421875,0.599947139620781,0.6726535484194756,0.1997419148683548,-0.32376107200980186,0.7455120000000001,can_mix_linear_s3,can,mix_linear,3,4.462124168872833,,
10000,0.05953174745663995,-0.7704916298389435,-7.1036263555288315,0.6019877791404724,0.7495919317007065,0.2014857791364193,-0.4505755826830864,0.7119120000000001,can_mix_linear_s3,can,mix_linear,3,0.7704916298389435,,
15000,0.061088324384763804,1.5894888937473297,-38.45344543457031,0.6202816367149353,0.8252815455198288,0.2320731170475483,-0.4482391029596329,0.678312,can_mix_linear_s3,can,mix_linear,3,-1.5894888937473297,,
20000,0.06982062617316837,0.45395196974277485,-36.25146293640137,0.6179390400648117,0.808557540178299,0.2245396301150322,-0.4280089810490608,0.644712,can_mix_linear_s3,can,mix_linear,3,-0.45395196974277485,,
25000,0.0732641139067709,-0.36443172208964825,-29.438791751861572,0.6185293793678284,0.7992277443408966,0.2288644090294838,-0.3913802430033684,0.6111120000000001,can_mix_linear_s3,can,mix_linear,3,0.36443172208964825,,
30000,0.07770025484263891,0.5430932626128196,-11.594298171997071,0.6187406539916992,0.8134547948837281,0.23164063692092896,-0.4052026629447937,0.5733119999999999,can_mix_linear_s3,can,mix_linear,3,-0.5430932626128196,,
35000,0.07706970917060968,0.1526590809226036,-2.2797663807868958,0.6232644319534302,0.8177268654108047,0.234758660197258,-0.3808950036764145,0.535512,can_mix_linear_s3,can,mix_linear,3,-0.1526590809226036,,
40000,0.06474024662747978,0.08311162889003754,-5.050490587949753,0.6229256093502045,0.8211089670658112,0.2344796434044838,-0.3835298493504524,0.501912,can_mix_linear_s3,can,mix_linear,3,-0.08311162889003754,,
45000,0.0571624211966991,-0.17474694550037387,-9.08283007144928,0.620363786816597,0.80410997569561,0.2314104475080967,-0.38982154428958893,0.468312,can_mix_linear_s3,can,mix_linear,3,0.17474694550037387,,
50000,0.0539506505709141,-0.22595978528261185,-11.9370858669281,0.6187789440155029,0.799585148692131,0.2278529666364193,-0.39589429646730423,0.434712,can_mix_linear_s3,can,mix_linear,3,0.22595978528261185,,
55000,0.052020759228616924,0.7041784077882767,-12.113149881362915,0.6264241188764572,0.8249547779560089,0.2398507334291935,-0.39237346500158304,0.40111199999999997,can_mix_linear_s3,can,mix_linear,3,-0.7041784077882767,,
60000,0.04872264459729188,0.25285174399614335,-12.000164413452149,0.6199179410934448,0.8018037915229798,0.22957590520381926,-0.40680070519447326,0.36331199999999997,can_mix_linear_s3,can,mix_linear,3,-0.25285174399614335,,
65000,0.044745872449129774,0.018057867884635925,-16.66661500930786,0.6192115992307663,0.8075718432664871,0.2302594967186451,-0.3989286422729492,0.32551199999999997,can_mix_linear_s3,can,mix_linear,3,-0.018057867884635925,,
70000,0.04507572869770225,0.04684413224458688,-17.254740476608276,0.6209701299667358,0.7980935275554657,0.2288295291364193,-0.3930939957499504,0.29191199999999995,can_mix_linear_s3,can,mix_linear,3,-0.04684413224458688,,
75000,0.043314153002575025,0.5901947673410177,-17.676084518432617,0.6252030432224274,0.8138015270233154,0.2358049787580967,-0.4036881551146507,0.258312,can_mix_linear_s3,can,mix_linear,3,-0.5901947673410177,,
80000,0.04222899978049095,-0.5522785373032093,-19.114119052886963,0.6189918667078018,0.7914203852415085,0.2254813127219677,-0.39839968085289,0.22471199999999994,can_mix_linear_s3,can,mix_linear,3,0.5522785373032093,,
85000,0.04190240805037315,0.2683655843138695,-16.957016468048096,0.6225472092628479,0.8070297837257385,0.2342354990541935,-0.4020975157618522,0.19111199999999995,can_mix_linear_s3,can,mix_linear,3,-0.2683655843138695,,
90000,0.03929420284926888,-0.3532149672508239,-17.91472053527832,0.6200404405593872,0.793235695362091,0.22988282442092894,-0.3993930459022522,0.15331199999999995,can_mix_linear_s3,can,mix_linear,3,0.3532149672508239,,
95000,0.03720420864410692,0.17751630023121834,-18.178550720214844,0.6225462704896927,0.8046822547912598,0.2334333285689354,-0.4075834825634956,0.11551199999999995,can_mix_linear_s3,can,mix_linear,3,-0.17751630023121834,,
100000,0.03617925271391865,-0.29857661575078964,-18.277979373931885,0.616294652223587,0.7945090681314468,0.2252720519900322,-0.40683700144290924,0.0999999999999999,can_mix_linear_s3,can,mix_linear,3,0.29857661575078964,,
105000,0.0350988587364554,0.6811770275235176,-21.871432304382324,0.6222637593746185,0.8116366118192673,0.2391880676150322,-0.4167704656720161,0.0999999999999999,can_mix_linear_s3,can,mix_linear,3,-0.6811770275235176,,
110000,0.033930214494466746,0.3748178407549858,-19.980932235717773,0.6227833032608032,0.8048224747180939,0.2305036373436451,-0.41445504873991007,0.0999999999999999,can_mix_linear_s3,can,mix_linear,3,-0.3748178407549858,,
115000,0.03256894224323328,-0.36663654819130903,-21.020761966705322,0.6184356659650803,0.7881332784891129,0.2255859486758709,-0.41060977429151535,0.0999999999999999,can_mix_linear_s3,can,mix_linear,3,0.36663654819130903,,
120000,0.030989707261323877,0.07078397274017331,-20.54052314758301,0.6160851955413819,0.783748984336853,0.22742746770381927,-0.422166234254837,0.0999999999999999,can_mix_linear_s3,can,mix_linear,3,-0.07078397274017331,,
125000,0.030825528386048923,-0.1813258305191994,-21.17696237564087,0.6170466542243958,0.7823414951562881,0.2261439859867096,-0.417526438832283,0.0999999999999999,can_mix_linear_s3,can,mix_linear,3,0.1813258305191994,,
130000,0.031687077204696774,-0.08098095655441273,-20.703372478485107,0.6180628538131714,0.7915021628141403,0.228411003947258,-0.41254620254039764,0.0999999999999999,can_mix_linear_s3,can,mix_linear,3,0.08098095655441273,,
135000,0.03207411465700712,0.05268615484237671,-21.147204399108887,0.6165107190608978,0.7889966517686844,0.2257603332400322,-0.4220523983240127,0.0999999999999999,can_mix_linear_s3,can,mix_linear,3,-0.05268615484237671,,
140000,0.03082287381403145,0.7993730306625366,-23.055702686309814,0.6224435269832611,0.808642253279686,0.2322823740541935,-0.42625700682401657,0.0999999999999999,can_mix_linear_s3,can,mix_linear,3,-0.7993730306625366,,
145000,0.029260091157630022,0.19649142213165763,-21.36982822418213,0.6181290596723557,0.7892347872257233,0.2292480580508709,-0.4234863445162773,0.0999999999999999,can_mix_linear_s3,can,mix_linear,3,-0.19649142213165763,,
150000,0.02884932868182654,-0.2975654900074005,-20.810536575317382,0.6141886472702026,0.7797487378120422,0.2205357223749161,-0.4218988478183746,0.0999999999999999,can_mix_linear_s3,can,mix_linear,3,0.2975654900074005,,
155000,0.0287499953527003,-0.3343319892883301,-21.150582313537598,0.6160163134336472,0.7780307978391647,0.226213738322258,-0.41261857002973557,0.0999999999999999,can_mix_linear_s3,can,mix_linear,3,0.3343319892883301,,
160000,0.028282169741578374,-0.6276155412197112,-20.854600429534912,0.6124323755502701,0.7645134478807449,0.2190290242433548,-0.4136740639805794,0.0999999999999999,can_mix_linear_s3,can,mix_linear,3,0.6276155412197112,,
165000,0.028232000325806375,0.30065418034791946,-20.991525173187256,0.6181114315986633,0.7848685830831528,0.2254464402794838,-0.4295828342437744,0.0999999999999999,can_mix_linear_s3,can,mix_linear,3,-0.30065418034791946,,
170000,0.02863385041709985,0.12908772751688957,-21.43304681777954,0.6147702932357788,0.7888846397399902,0.2233886830508709,-0.425232395529747,0.0999999999999999,can_mix_linear_s3,can,mix_linear,3,-0.12908772751688957,,
175000,0.0289457387290895,0.4185335636138916,-24.439476013183597,0.620290994644165,0.7930120825767517,0.2313058078289032,-0.418937087059021,0.0999999999999999,can_mix_linear_s3,can,mix_linear,3,-0.4185335636138916,,
0,0.37084875311702487,-18.371036052703857,113.02120018005371,0.5185939222574234,0.12389376945793626,0.09580775909125805,-0.1470659896731376,0.9016336547812588,can_mix_prefill_s1,can,mix_prefill,1,18.371036052703857,,
5000,0.0700077855959534,-8.77753233909607,51.69544696807861,0.5828179270029068,0.5517930313944817,0.1762346625328064,-0.24543780833482742,0.8861334000221388,can_mix_prefill_s1,can,mix_prefill,1,8.77753233909607,,
10000,0.046808786690235096,-0.058358967304229736,-17.902318328619003,0.6132372468709946,0.7732992768287659,0.2164829894900322,-0.43728622794151306,0.8711570889447849,can_mix_prefill_s1,can,mix_prefill,1,0.058358967304229736,,
15000,0.0511441103648394,2.3218083903193474,-56.64488697052002,0.6300945281982422,0.8457793444395065,0.2429199330508709,-0.4471398070454597,0.8566785967910797,can_mix_prefill_s1,can,mix_prefill,1,-2.3218083903193474,,
20000,0.06283858381211752,0.38418083637952805,-63.74552345275879,0.6195948123931885,0.8084764182567596,0.2275390774011612,-0.4125829115509987,0.8426735072787792,can_mix_prefill_s1,can,mix_prefill,1,-0.38418083637952805,,
25000,0.060675812093541,-0.6413443982601166,-59.18769931793213,0.6181213408708572,0.7889187633991241,0.2258998416364193,-0.38343232870101923,0.8291189751842606,can_mix_prefill_s1,can,mix_prefill,1,0.6413443982601166,,
30000,0.05597917679697269,-0.4762094736099243,-55.742803955078124,0.617861533164978,0.7935295224189758,0.22645090222358705,-0.39181863665580746,0.8143916212247237,can_mix_prefill_s1,can,mix_prefill,1,0.4762094736099243,,
35000,0.05444982056505975,0.8644930981099606,-50.64991092681885,0.6267746388912201,0.8286296427249908,0.2421177551150322,-0.39342343807220453,0.8001599416781973,can_mix_prefill_s1,can,mix_prefill,1,-0.8644930981099606,,
40000,0.051348175108432724,-0.16195764392614367,-42.75941181182861,0.6240480095148087,0.8043911457061768,0.237688347697258,-0.373271994292736,0.7879286821904739,can_mix_prefill_s1,can,mix_prefill,1,0.16195764392614367,,
45000,0.047306989785283776,0.9256325736641885,-41.29991340637207,0.6306378990411758,0.8374480754137039,0.2471051961183548,-0.3846195265650749,0.7760657338259286,can_mix_prefill_s1,can,mix_prefill,1,-0.9256325736641885,,
50000,0.04453179333359,-0.18353030830621717,-42.02649211883545,0.623275026679039,0.816068097949028,0.2330496720969677,-0.3757507801055908,0.7645547070300119,can_mix_prefill_s1,can,mix_prefill,1,0.18353030830621717,,
55000,0.043597116600722026,-0.08811839669942857,-39.31098651885986,0.6289048939943314,0.8226274698972702,0.2410365603864193,-0.36634534597396845,0.7533801704805436,can_mix_prefill_s1,can,mix_prefill,1,0.08811839669942857,,
60000,0.04370599132031196,0.5557731628417969,-37.92506408691406,0.6302457332611084,0.8301976680755615,0.24813058972358704,-0.3767761290073395,0.7412001374139843,can_mix_prefill_s1,can,mix_prefill,1,-0.5557731628417969,,
65000,0.04316880372352895,0.19903525710105896,-35.532752990722656,0.6318711638450623,0.8150547742843628,0.2446986772119999,-0.3743092194199562,0.7293937644995804,can_mix_prefill_s1,can,mix_prefill,1,-0.19903525710105896,,
70000,0.04206583308987313,-0.34779173135757446,-32.34777784347534,0.6260209232568741,0.8067558854818344,0.2341308705508709,-0.3709908500313759,0.7192165753454234,can_mix_prefill_s1,can,mix_prefill,1,0.34779173135757446,,
75000,0.0416473567485809,0.5055002123117447,-31.992856979370117,0.6329779177904129,0.8278723359107971,0.246721550822258,-0.37603119015693665,0.7093194856483516,can_mix_prefill_s1,can,mix_prefill,1,-0.5055002123117447,,
80000,0.04140587188303465,0.2791089117527008,-30.453131198883057,0.6278650611639023,0.816133439540863,0.2462681457400322,-0.3801481872797012,0.6996910887467526,can_mix_prefill_s1,can,mix_prefill,1,-0.2791089117527008,,
85000,0.04195407791994507,0.5058380290865898,-29.08154296875,0.6333285272121429,0.8268787115812302,0.2466169223189354,-0.3772399351000786,0.6903205890532564,can_mix_prefill_s1,can,mix_prefill,1,-0.5058380290865898,,
90000,0.0442638755217194,-0.6756097614765167,-26.77135238647461,0.6253201961517334,0.7989349722862243,0.232561394572258,-0.3751978397369385,0.6800798835063337,can_mix_prefill_s1,can,mix_prefill,1,0.6756097614765167,,
95000,0.04460431891493495,-0.12210862711071968,-23.984323024749756,0.6296529471874237,0.8145732879638672,0.2429199330508709,-0.3720972388982773,0.6701278003611019,can_mix_prefill_s1,can,mix_prefill,1,0.12210862711071968,,
100000,0.041762315947562426,0.2140449583530426,-25.853251934051514,0.6309607774019241,0.8178439140319824,0.2401995100080967,-0.3802889660000801,0.6615275587780353,can_mix_prefill_s1,can,mix_prefill,1,-0.2140449583530426,,
105000,0.041583699919283346,0.3310931585729122,-24.65302085876465,0.631329670548439,0.8315767198801041,0.2481515221297741,-0.37808024138212204,0.6531452692418841,can_mix_prefill_s1,can,mix_prefill,1,-0.3310931585729122,,
110000,0.041799786826595624,-0.11738694831728932,-25.554999351501465,0.6310448944568634,0.8198171555995941,0.2425014041364193,-0.36998723447322845,0.6449727501321119,can_mix_prefill_s1,can,mix_prefill,1,0.11738694831728932,,
115000,0.04277885691262775,-0.12975777313113213,-25.373445510864258,0.6336184591054916,0.8229422569274902,0.2401297576725483,-0.3709312453866005,0.637002224274678,can_mix_prefill_s1,can,mix_prefill,1,0.12975777313113213,,
120000,0.04167113833129402,-0.04557014554738999,-23.96506233215332,0.6315209031105041,0.8106373429298401,0.23989956378936766,-0.3761278629302978,0.6282720061682567,can_mix_prefill_s1,can,mix_prefill,1,0.04557014554738999,,
125000,0.04044002005830405,-0.37778595089912415,-25.37430191040039,0.6292947679758072,0.8138168305158615,0.2402343824505806,-0.3741642832756042,0.6197693385250503,can_mix_prefill_s1,can,mix_prefill,1,0.37778595089912415,,
130000,0.04016290754079815,-0.3658950999379158,-25.389527320861816,0.6279201954603195,0.8073653727769852,0.237444207072258,-0.3818083480000496,0.6124060164713749,can_mix_prefill_s1,can,mix_prefill,1,0.3658950999379158,,
135000,0.03967253030277785,0.3828496187925339,-26.014748096466064,0.6328794658184052,0.8337388932704926,0.246965691447258,-0.38451848924160004,0.6052156055065047,can_mix_prefill_s1,can,mix_prefill,1,-0.3828496187925339,,
140000,0.03728064768947657,0.09945427998900419,-26.573938369750977,0.628706157207489,0.8139420598745346,0.2422223873436451,-0.38071285933256144,0.5981920856065945,can_mix_prefill_s1,can,mix_prefill,1,-0.09945427998900419,,
145000,0.03668414647690948,0.3233594372868538,-27.457575798034668,0.6336871981620789,0.8221282809972763,0.243791863322258,-0.3800630196928978,0.5913297129999757,can_mix_prefill_s1,can,mix_prefill,1,-0.3233594372868538,,
150000,0.03646420471370216,0.7304885685443879,-27.620146179199217,0.6349573969841004,0.8259832262992859,0.24578684270381929,-0.38245653510093686,0.5837988578217326,can_mix_prefill_s1,can,mix_prefill,1,-0.7304885685443879,,
155000,0.035492024198174425,0.07192938029766083,-28.680428981781006,0.630826398730278,0.8137621283531189,0.2376534715294838,-0.3848826214671135,0.5764505652679681,can_mix_prefill_s1,can,mix_prefill,1,-0.07192938029766083,,
160000,0.03547486062161617,-0.4552108943462372,-27.644227027893066,0.6280840337276459,0.8006322234869003,0.2380719967186451,-0.37802810221910477,0.5700753051705489,can_mix_prefill_s1,can,mix_prefill,1,0.4552108943462372,,
165000,0.034553486108779875,-0.14688676595687866,-27.859996795654297,0.6294793784618378,0.8067264556884766,0.2368512935936451,-0.3820449188351631,0.5638395183753055,can_mix_prefill_s1,can,mix_prefill,1,0.14688676595687866,,
170000,0.03417707500047975,0.23517321050167084,-27.43174409866333,0.629127249121666,0.810677245259285,0.2380719967186451,-0.3869074881076813,0.5577386774214738,can_mix_prefill_s1,can,mix_prefill,1,-0.23517321050167084,,
175000,0.0340683493763208,0.0106456279754638,-29.70193099975586,0.6276437640190125,0.8062905073165894,0.2386997938156128,-0.3948112428188324,0.5539872465429534,can_mix_prefill_s1,can,mix_prefill,1,-0.0106456279754638,,
0,0.3715044831857085,-18.405118942260742,113.1475887298584,0.5204050838947296,0.1180795263499021,0.09793527238070965,-0.14906359091401095,0.9016336547812588,can_mix_prefill_s2,can,mix_prefill,2,18.405118942260742,,
5000,0.07453892305493352,-6.188811555504799,49.20535898208618,0.5909614711999893,0.6303238272666931,0.1884068138897419,-0.29839911311864853,0.8861334000221388,can_mix_prefill_s2,can,mix_prefill,2,6.188811555504799,,
10000,0.05643506511114535,-0.45157063752412796,-10.348167181015015,0.599945992231369,0.7682438939809799,0.1976144053041935,-0.48520761728286743,0.8711570889447849,can_mix_prefill_s2,can,mix_prefill,2,0.45157063752412796,,
15000,0.055736297788098396,1.7493906021118164,-45.35456371307373,0.6246300637722015,0.8215887993574142,0.232561394572258,-0.44905514270067215,0.8566785967910797,can_mix_prefill_s2,can,mix_prefill,2,-1.7493906021118164,,
20000,0.06319859945215278,0.6472826451063156,-59.379478454589844,0.6267706751823425,0.820359855890274,0.243059441447258,-0.3769037052989006,0.8426735072787792,can_mix_prefill_s2,can,mix_prefill,2,-0.6472826451063156,,
25000,0.06460676449351008,-0.06910041719675063,-53.789751052856445,0.6181777119636536,0.7979117631912231,0.2307826578617096,-0.38959166407585144,0.8291189751842606,can_mix_prefill_s2,can,mix_prefill,2,0.06910041719675063,,
30000,0.0555769800022244,0.3186430454254151,-52.719940185546875,0.6138648390769958,0.7997758030891419,0.22304688394069672,-0.42514758110046386,0.8143916212247237,can_mix_prefill_s2,can,mix_prefill,2,-0.3186430454254151,,
35000,0.0531699577812105,0.13510577380657196,-52.025593757629395,0.6194818615913391,0.7997604608535767,0.2316197119653225,-0.39436793327331543,0.8001599416781973,can_mix_prefill_s2,can,mix_prefill,2,-0.13510577380657196,,
40000,0.049728936888277474,0.002050325274467437,-47.16574287414551,0.621652141213417,0.8031937330961227,0.2325613982975483,-0.3903013691306114,0.7879286821904739,can_mix_prefill_s2,can,mix_prefill,2,-0.002050325274467437,,
45000,0.0486161994747817,0.15657944977283478,-44.416072845458984,0.6257035583257675,0.8172150254249573,0.238176628947258,-0.3801734149456024,0.7760657338259286,can_mix_prefill_s2,can,mix_prefill,2,-0.15657944977283478,,
50000,0.044938279082998606,0.3317551985383034,-41.88814163208008,0.6272056102752686,0.8219018131494522,0.2407924197614193,-0.37729219347238535,0.7645547070300119,can_mix_prefill_s2,can,mix_prefill,2,-0.3317551985383034,,
55000,0.04237536666914815,0.4903513975441456,-40.69584083557129,0.628866896033287,0.8205171376466751,0.2450474463403225,-0.37953266501426697,0.7533801704805436,can_mix_prefill_s2,can,mix_prefill,2,-0.4903513975441456,,
60000,0.041123432591557464,-0.1856835603713989,-38.46466979980469,0.6253259062767029,0.80378178358078,0.2386439859867096,-0.37346151471138,0.7412001374139843,can_mix_prefill_s2,can,mix_prefill,2,0.1856835603713989,,
65000,0.03977443249896163,0.09577347338199615,-38.00133228302002,0.6258742362260818,0.8198231756687164,0.2405134066939354,-0.3699824661016464,0.7293937644995804,can_mix_prefill_s2,can,mix_prefill,2,-0.09577347338199615,,
70000,0.038564421143382724,0.1837875247001648,-39.465474128723145,0.6264884024858475,0.816480278968811,0.2416294738650322,-0.37598496675491333,0.7192165753454234,can_mix_prefill_s2,can,mix_prefill,2,-0.1837875247001648,,
75000,0.03853375688195225,-0.48766785860061646,-37.384249687194824,0.6258162707090378,0.8001948297023773,0.2349330484867096,-0.37041072547435755,0.7093194856483516,can_mix_prefill_s2,can,mix_prefill,2,0.48766785860061646,,
80000,0.037164426082745124,0.29519612342119217,-35.636959075927734,0.6309052556753159,0.8189300894737244,0.2443847730755806,-0.3729871436953544,0.6996910887467526,can_mix_prefill_s2,can,mix_prefill,2,-0.29519612342119217,,
85000,0.036386678041890226,0.38932581990957255,-38.80445194244385,0.6301578134298325,0.8296358436346054,0.2457101158797741,-0.3754635155200958,0.6903205890532564,can_mix_prefill_s2,can,mix_prefill,2,-0.38932581990957255,,
90000,0.03646504230797286,-0.2691012382507324,-33.601847076416014,0.6297229766845703,0.8048072218894958,0.24095983505249025,-0.3667590856552124,0.6800798835063337,can_mix_prefill_s2,can,mix_prefill,2,0.2691012382507324,,
95000,0.035006758430972625,0.02455556020140648,-34.463050842285156,0.6298026293516159,0.8182722479104996,0.2414899654686451,-0.3726047873497009,0.6701278003611019,can_mix_prefill_s2,can,mix_prefill,2,-0.02455556020140648,,
100000,0.03486855854280287,0.14540421403944495,-33.36231851577759,0.6284210681915283,0.8227049708366394,0.2440708801150322,-0.3738628923892975,0.6615275587780353,can_mix_prefill_s2,can,mix_prefill,2,-0.14540421403944495,,
105000,0.034742874745279526,0.1727060228586197,-32.16768836975098,0.6283810436725616,0.8096572011709213,0.245012566447258,-0.3694075271487236,0.6531452692418841,can_mix_prefill_s2,can,mix_prefill,2,-0.1727060228586197,,
110000,0.03380405516363675,0.45461209490895277,-32.963321685791016,0.6300000548362732,0.8206751346588135,0.2420131266117096,-0.3829397410154342,0.6449727501321119,can_mix_prefill_s2,can,mix_prefill,2,-0.45461209490895277,,
115000,0.033874663570895726,-0.42260728031396866,-33.45936965942383,0.6275376677513123,0.80189348757267,0.2400251217186451,-0.3654487356543541,0.637002224274678,can_mix_prefill_s2,can,mix_prefill,2,0.42260728031396866,,
120000,0.03309649296104904,0.4273787081241608,-32.8466552734375,0.6319153308868408,0.8146779537200928,0.24517300426959993,-0.3810168862342834,0.6282720061682567,can_mix_prefill_s2,can,mix_prefill,2,-0.4273787081241608,,
125000,0.0338957920670509,0.15269727259874344,-32.41222429275513,0.6301957666873932,0.8127643018960953,0.244349904358387,-0.37320027500391,0.6197693385250503,can_mix_prefill_s2,can,mix_prefill,2,-0.15269727259874344,,
130000,0.03421509210020297,0.08710707724094395,-31.081138610839844,0.631727933883667,0.811994194984436,0.2446986734867096,-0.371142253279686,0.6124060164713749,can_mix_prefill_s2,can,mix_prefill,2,-0.08710707724094395,,
135000,0.0338200427126139,0.36754386126995087,-30.008082389831543,0.6320913881063461,0.8190442621707916,0.2450125701725483,-0.3791096657514572,0.6052156055065047,can_mix_prefill_s2,can,mix_prefill,2,-0.36754386126995087,,
140000,0.03323096991516643,0.02868522703647615,-31.40083885192871,0.6277465373277664,0.8096387982368469,0.2412458211183548,-0.37662196159362793,0.5981920856065945,can_mix_prefill_s2,can,mix_prefill,2,-0.02868522703647615,,
145000,0.03250507246702902,0.43741023540496826,-31.451284408569336,0.6330927759408951,0.8145774304866791,0.246163509786129,-0.37335781008005137,0.5913297129999757,can_mix_prefill_s2,can,mix_prefill,2,-0.43741023540496826,,
150000,0.03225438557565208,0.845462542772293,-31.318678283691405,0.6319942712783814,0.8218614220619201,0.24854911863803864,-0.38627093434333803,0.5837988578217326,can_mix_prefill_s2,can,mix_prefill,2,-0.845462542772293,,
155000,0.032073026732541574,0.46948847919702535,-31.467707633972168,0.6309705227613449,0.816187173128128,0.2445591650903225,-0.37838301062583923,0.5764505652679681,can_mix_prefill_s2,can,mix_prefill,2,-0.46948847919702535,,
160000,0.031070565106347175,0.004282139241695404,-29.191328525543213,0.6285918354988098,0.8009817600250244,0.2402343861758709,-0.38346703350543976,0.5700753051705489,can_mix_prefill_s2,can,mix_prefill,2,-0.004282139241695404,,
165000,0.031769220344722224,-0.4132138043642044,-30.34024715423584,0.6228178441524506,0.7882532775402069,0.2355608381330967,-0.37915403395891184,0.5638395183753055,can_mix_prefill_s2,can,mix_prefill,2,0.4132138043642044,,
170000,0.0320093757938593,0.21159857511520389,-29.481065273284912,0.6285242587327957,0.8068328350782394,0.2428850568830967,-0.38631361722946167,0.5577386774214738,can_mix_prefill_s2,can,mix_prefill,2,-0.21159857511520389,,
175000,0.0322596179321408,-0.1754108816385269,-28.38615226745605,0.6261842846870422,0.8039966225624084,0.2378627359867096,-0.3796681761741638,0.5539872465429534,can_mix_prefill_s2,can,mix_prefill,2,0.1754108816385269,,
0,0.3705165250226855,-18.549345016479492,115.15092658996582,0.5196517109870911,0.0996272806078195,0.09552874229848385,-0.1452633552253246,0.9016336547812588,can_mix_prefill_s3,can,mix_prefill,3,18.549345016479492,,
5000,0.07187702548690135,-7.085061728954316,59.31097173690796,0.5846481174230576,0.5865675583481789,0.17382813058793545,-0.31023551896214485,0.8861334000221388,can_mix_prefill_s3,can,mix_prefill,3,7.085061728954316,,
10000,0.04954766319133335,0.8997485712170601,-8.831864595413208,0.6049759835004807,0.7833203077316284,0.2071010172367096,-0.49965739250183105,0.8711570889447849,can_mix_prefill_s3,can,mix_prefill,3,-0.8997485712170601,,
15000,0.051803192077204546,0.5998894572257996,-51.03375720977783,0.6211743056774139,0.811677947640419,0.2304338850080967,-0.41219815611839294,0.8566785967910797,can_mix_prefill_s3,can,mix_prefill,3,-0.5998894572257996,,
20000,0.066156315151602,0.9877999573945999,-60.548359870910645,0.6217146664857864,0.8186305463314056,0.236467644572258,-0.4180722311139107,0.8426735072787792,can_mix_prefill_s3,can,mix_prefill,3,-0.9877999573945999,,
25000,0.06717143198475238,-0.22923047095537186,-60.473379135131836,0.6143030673265457,0.7934043556451797,0.2214355580508709,-0.4148504212498665,0.8291189751842606,can_mix_prefill_s3,can,mix_prefill,3,0.22923047095537186,,
30000,0.06119386244565246,0.8290290474891663,-55.20705718994141,0.627159833908081,0.8263166069984436,0.23847657442092896,-0.39285852909088137,0.8143916212247237,can_mix_prefill_s3,can,mix_prefill,3,-0.8290290474891663,,
35000,0.05576950502581893,1.036003664135933,-53.61349010467529,0.6282786726951599,0.8295703381299973,0.2421526350080967,-0.39282454550266266,0.8001599416781973,can_mix_prefill_s3,can,mix_prefill,3,-1.036003664135933,,
40000,0.051851708116009775,-0.6957845017313957,-44.01989936828613,0.6161690801382065,0.7981590777635574,0.2254115641117096,-0.37937189638614655,0.7879286821904739,can_mix_prefill_s3,can,mix_prefill,3,0.6957845017313957,,
45000,0.048751179920509424,0.8499899655580521,-42.39831829071045,0.6324704736471176,0.8389058709144592,0.2487444244325161,-0.38822007924318314,0.7760657338259286,can_mix_prefill_s3,can,mix_prefill,3,-0.8499899655580521,,
50000,0.0459215033333748,1.0309876762330532,-39.73647975921631,0.6358229666948318,0.8344822078943253,0.2490583285689354,-0.3743855878710747,0.7645547070300119,can_mix_prefill_s3,can,mix_prefill,3,-1.0309876762330532,,
55000,0.04356073490343985,0.2770770341157913,-38.43466567993164,0.6276976466178894,0.8248601853847504,0.2421177551150322,-0.3711667135357857,0.7533801704805436,can_mix_prefill_s3,can,mix_prefill,3,-0.2770770341157913,,
60000,0.04207633133977649,0.27551463842391977,-35.96803436279297,0.6287673592567444,0.819258189201355,0.2418805867433548,-0.3856370866298675,0.7412001374139843,can_mix_prefill_s3,can,mix_prefill,3,-0.27551463842391977,,
65000,0.04350396338850258,0.16497209668159485,-36.41712665557861,0.6329221129417419,0.8253921568393707,0.2452218271791935,-0.37055370956659317,0.7293937644995804,can_mix_prefill_s3,can,mix_prefill,3,-0.16497209668159485,,
70000,0.042489275801926775,0.8573133051395416,-34.38626956939697,0.6361993700265884,0.8402357548475266,0.2514648512005806,-0.3689475581049919,0.7192165753454234,can_mix_prefill_s3,can,mix_prefill,3,-0.8573133051395416,,
75000,0.04219045159406955,0.2909889370203019,-34.00879764556885,0.6326897889375687,0.8214916586875916,0.2446986734867096,-0.3720641508698463,0.7093194856483516,can_mix_prefill_s3,can,mix_prefill,3,-0.2909889370203019,,
80000,0.041384395770728555,0.011620189994573593,-31.97320032119751,0.6317693740129471,0.8178402036428452,0.245500847697258,-0.3697654902935028,0.6996910887467526,can_mix_prefill_s3,can,mix_prefill,3,-0.011620189994573593,,
85000,0.040121092135086626,-0.4423825442790985,-31.034623622894287,0.6286257058382034,0.8045466542243958,0.2429896928369999,-0.36549532413482666,0.6903205890532564,can_mix_prefill_s3,can,mix_prefill,3,0.4423825442790985,,
90000,0.04136189177632326,-0.45377078652381897,-31.032682037353517,0.6282758474349975,0.8060832023620605,0.2399553656578064,-0.3687359273433685,0.6800798835063337,can_mix_prefill_s3,can,mix_prefill,3,0.45377078652381897,,
95000,0.0401478430256247,0.1805603727698326,-29.07727861404419,0.6344634592533112,0.8205819129943848,0.2438616156578064,-0.3665365949273109,0.6701278003611019,can_mix_prefill_s3,can,mix_prefill,3,-0.1805603727698326,,
100000,0.0391684472095221,0.883627537637949,-32.40247392654419,0.640064924955368,0.8427950441837311,0.2513253502547741,-0.37278690934181213,0.6615275587780353,can_mix_prefill_s3,can,mix_prefill,3,-0.883627537637949,,
105000,0.0385203217156231,0.009444199502468109,-29.7627272605896,0.6292027831077576,0.8186121731996536,0.2420479990541935,-0.3766969293355942,0.6531452692418841,can_mix_prefill_s3,can,mix_prefill,3,-0.009444199502468109,,
110000,0.0375837858766317,0.32114531099796295,-28.281195163726807,0.6315037459135056,0.8260171562433243,0.2451171986758709,-0.3705177381634712,0.6449727501321119,can_mix_prefill_s3,can,mix_prefill,3,-0.32114531099796295,,
115000,0.037130887340754225,-0.3968568369746208,-27.698132514953613,0.6281304061412811,0.8094057440757751,0.2409668080508709,-0.37130598723888397,0.637002224274678,can_mix_prefill_s3,can,mix_prefill,3,0.3968568369746208,,
120000,0.036968855187296826,-0.17649842798709875,-29.11200065612793,0.6313944339752198,0.810784637928009,0.2433314859867096,-0.36820304989814756,0.6282720061682567,can_mix_prefill_s3,can,mix_prefill,3,0.17649842798709875,,
125000,0.03561358735896645,0.9566147476434708,-29.958438396453857,0.6372090727090836,0.8315374702215195,0.2547084428369999,-0.3782843276858329,0.6197693385250503,can_mix_prefill_s3,can,mix_prefill,3,-0.9566147476434708,,
130000,0.03571070721372957,0.003809034824371338,-28.369624137878418,0.6309238821268082,0.8083861619234085,0.2488839365541935,-0.3683775812387466,0.6124060164713749,can_mix_prefill_s3,can,mix_prefill,3,-0.003809034824371338,,
135000,0.035566020244732446,-0.2029680237174034,-29.525193214416504,0.6285441517829895,0.811968132853508,0.2385254018008709,-0.36861810088157654,0.6052156055065047,can_mix_prefill_s3,can,mix_prefill,3,0.2029680237174034,,
140000,0.0352238439954817,0.45875009149312973,-30.6390962600708,0.6313288062810898,0.8241450488567352,0.2481515184044838,-0.3836512118577957,0.5981920856065945,can_mix_prefill_s3,can,mix_prefill,3,-0.45875009149312973,,
145000,0.03616843931376928,-0.30955080687999725,-31.339394092559814,0.6301961839199066,0.8048223108053207,0.2423967719078064,-0.3680484294891357,0.5913297129999757,can_mix_prefill_s3,can,mix_prefill,3,0.30955080687999725,,
150000,0.03572211153805248,-0.579231259226799,-28.775345230102538,0.6274169206619262,0.793259060382843,0.23752791285514832,-0.3702733159065247,0.5837988578217326,can_mix_prefill_s3,can,mix_prefill,3,0.579231259226799,,
155000,0.0348662077914923,-0.7531072199344634,-27.483342170715332,0.6234526932239532,0.794249877333641,0.2329450398683548,-0.3697988986968994,0.5764505652679681,can_mix_prefill_s3,can,mix_prefill,3,0.7531072199344634,,
160000,0.03505686861462885,0.2350012175738812,-30.070409297943115,0.6317529380321503,0.818869560956955,0.2442452721297741,-0.37900156527757645,0.5700753051705489,can_mix_prefill_s3,can,mix_prefill,3,-0.2350012175738812,,
165000,0.034767407784238424,-0.033360689878463745,-29.8343768119812,0.6284027993679047,0.808533102273941,0.2399553693830967,-0.3710008263587951,0.5638395183753055,can_mix_prefill_s3,can,mix_prefill,3,0.033360689878463745,,
170000,0.0339913819916546,-0.172402611002326,-28.09515905380249,0.6312000751495361,0.8057541102170944,0.242815300822258,-0.37045370042324066,0.5577386774214738,can_mix_prefill_s3,can,mix_prefill,3,0.172402611002326,,
175000,0.0340087154880166,1.685572624206543,-30.29808616638184,0.6413655281066895,0.8535411357879639,0.2587890625,-0.3777822256088257,0.5539872465429534,can_mix_prefill_s3,can,mix_prefill,3,-1.685572624206543,,
0,0.380286368727684,-14.772932052612305,159.08672714233398,0.5348972678184509,0.30761617608368397,0.11321149952709675,-0.21713914349675176,0.0,can_rs_025_s1,can,rs_025,1,14.772932052612305,0.9443425211855992,1.3784660995006561
5000,0.08852816070429975,-2.966263458132744,160.32968139648438,0.5938786119222641,0.7007244974374771,0.1944405771791935,-0.39016155153512955,0.0,can_rs_025_s1,can,rs_025,1,2.966263458132744,0.4939736830999767,1.1667917519807816
10000,0.052308877976611226,0.6888591647148132,118.32693672180176,0.602370098233223,0.7688557058572769,0.2094029113650322,-0.4697967246174812,0.0,can_rs_025_s1,can,rs_025,1,-0.6888591647148132,0.46200723014313594,0.8603899925947189
15000,0.043774451036006176,-0.16886498034000397,79.5044116973877,0.5964736938476562,0.7576096206903458,0.1995326541364193,-0.4795651361346245,0.0,can_rs_025_s1,can,rs_025,1,0.16886498034000397,0.46045938940682324,0.7321868538856506
20000,0.035730178561061574,-0.19996095448732376,46.730698585510254,0.5973829030990601,0.76009202003479,0.2019043043255806,-0.4784044176340103,0.0,can_rs_025_s1,can,rs_025,1,0.19996095448732376,0.42206725214097207,0.6570935100317001
25000,0.027981026540510323,0.9254842922091484,22.757630348205566,0.6074376702308655,0.7906624227762222,0.2135881781578064,-0.47617676854133606,0.0,can_rs_025_s1,can,rs_025,1,-0.9254842922091484,0.41964840123322616,0.5313797444105148
30000,0.02256375791504974,0.9964693427085877,5.544320058822632,0.6154085993766785,0.7996937751770019,0.22826452255249025,-0.43559332489967345,0.0,can_rs_025_s1,can,rs_025,1,-0.9964693427085877,0.4116463085616283,0.42378227710723876
35000,0.0200080065289512,-0.06923815608024597,-3.100550591945648,0.6169414967298508,0.7951955497264862,0.2240862250328064,-0.4041661843657493,0.0,can_rs_025_s1,can,rs_025,1,0.06923815608024597,0.42708852897034144,0.3504591360688209
40000,0.017321904562413625,0.1880121231079101,-6.783358573913574,0.6155621409416199,0.7920558601617813,0.2262486144900322,-0.42210450768470764,0.0,can_rs_025_s1,can,rs_025,1,-0.1880121231079101,0.4476699056015164,0.29285576194524765
45000,0.01537585309706625,0.6348426006734371,-8.197948098182678,0.625577911734581,0.8150378912687302,0.2320382334291935,-0.3925456330180168,0.0,can_rs_025_s1,can,rs_025,1,-0.6348426006734371,0.48739625496394934,0.23562851548194882
50000,0.01443406150210645,0.5926491543650627,-9.194679498672485,0.6244858056306839,0.8135143518447876,0.2365025207400322,-0.4070250988006592,0.0,can_rs_025_s1,can,rs_025,1,-0.5926491543650627,0.49602241194644253,0.22177195176482198
55000,0.013703963195439376,0.08565766364336017,-9.510538816452026,0.6180336475372314,0.7913160920143127,0.2284458801150322,-0.397430807352066,0.0,can_rs_025_s1,can,rs_025,1,-0.08565766364336017,0.4644234577088429,0.21768058463931084
60000,0.01300150457769624,-0.011200958490371726,-9.921759986877442,0.6138059973716736,0.7863195419311524,0.22287947833538055,-0.4164277076721191,0.0,can_rs_025_s1,can,rs_025,1,0.011200958490371726,0.47450580955468225,0.20710971057415004
65000,0.012983483041170925,0.5478084906935692,-9.832211256027222,0.6231974959373474,0.8005408495664597,0.2306431494653225,-0.41294170916080475,0.0,can_rs_025_s1,can,rs_025,1,-0.5478084906935692,0.48448477629469416,0.20314495265483856
70000,0.01218746866798025,0.0817941427230835,-10.028370380401611,0.613237664103508,0.7848200649023056,0.2239467203617096,-0.4258652105927467,0.0,can_rs_025_s1,can,rs_025,1,-0.0817941427230835,0.48443138234236405,0.1927666030824184
75000,0.0121641401667147,0.0668611228466034,-10.364830017089844,0.6158381700515747,0.7977949380874634,0.229631707072258,-0.4161513447761535,0.0,can_rs_025_s1,can,rs_025,1,-0.0668611228466034,0.4978809571867572,0.1879589855670929
0,0.38041340131312606,-14.539129257202148,152.61870193481445,0.5374392718076706,0.3122388944029808,0.1209542453289032,-0.2156729511916637,0.0,can_rs_025_s2,can,rs_025,2,14.539129257202148,1.0437576864743154,1.4048646539449692
5000,0.0920690878294408,-3.731415331363678,151.82870483398438,0.582400918006897,0.6767415553331375,0.1744907982647419,-0.4237104058265686,0.0,can_rs_025_s2,can,rs_025,2,3.731415331363678,0.4756853409668784,1.3090069591999054
10000,0.057271719817072124,1.3595154136419296,107.30439186096191,0.6137367337942123,0.7984554469585419,0.2170759029686451,-0.46996937692165375,0.0,can_rs_025_s2,can,rs_025,2,-1.3595154136419296,0.473759598225326,0.9534849226474762
15000,0.0424605742562562,-0.5878405775874853,66.31875896453857,0.5991944074630737,0.7563210874795914,0.1981724426150322,-0.48025543987751007,0.0,can_rs_025_s2,can,rs_025,2,0.5878405775874853,0.44594105805531864,0.7494914382696152
20000,0.029789062030613375,-0.5831618644297123,34.234092235565186,0.6010956019163132,0.7563934773206711,0.2051130123436451,-0.45223728567361826,0.0,can_rs_025_s2,can,rs_025,2,0.5831618644297123,0.44107879400526717,0.5153587013483047
25000,0.023853125795721974,0.6374445892870426,13.168175458908081,0.6120646148920059,0.8002396821975708,0.2175641804933548,-0.45217131823301315,0.0,can_rs_025_s2,can,rs_025,2,-0.6374445892870426,0.443218726663242,0.422949306666851
30000,0.01896860418841238,-0.20283301472663878,-0.23525922298431395,0.6056973338127136,0.763660216331482,0.20904018580913544,-0.46159542798995973,0.0,can_rs_025_s2,can,rs_025,2,0.20283301472663878,0.42993721042873895,0.3413626551628113
35000,0.016994188795797477,0.08721413463354105,-7.0653157234191895,0.6104186475276947,0.7907970249652863,0.2224121205508709,-0.4326312839984894,0.0,can_rs_025_s2,can,rs_025,2,-0.08721413463354105,0.43853500733609346,0.2977253794670105
40000,0.015496513538528175,0.09484381601214412,-9.063870668411255,0.6217223405838013,0.8042849749326706,0.2328752912580967,-0.3986261114478111,0.0,can_rs_025_s2,can,rs_025,2,-0.09484381601214412,0.4634336521119437,0.25105967745184893
45000,0.014501632621977425,0.8659157827496529,-9.788068771362305,0.6227192580699921,0.8183571845293045,0.2338867299258709,-0.40799203515052795,0.0,can_rs_025_s2,can,rs_025,2,-0.8659157827496529,0.47788498357182624,0.2321556732058525
50000,0.01389676089165725,0.1658705398440361,-10.09157872200012,0.6224216669797897,0.8084446340799332,0.233293816447258,-0.39047061651945114,0.0,can_rs_025_s2,can,rs_025,2,-0.1658705398440361,0.49500005836798794,0.21105032786726946
55000,0.013338047498837075,0.3139050528407097,-10.851844549179077,0.6206517517566681,0.8045329600572586,0.235002800822258,-0.39412862062454224,0.0,can_rs_025_s2,can,rs_025,2,-0.3139050528407097,0.4842832780848785,0.2060388252139091
60000,0.012907925443723762,0.6386560320854187,-10.999017906188964,0.6219875931739807,0.8082030653953552,0.23415179550647736,-0.41052688360214235,0.0,can_rs_025_s2,can,rs_025,2,-0.6386560320854187,0.4917426895493434,0.2012331277132034
65000,0.012638739100657326,-0.18407946079969406,-10.899491310119629,0.616953656077385,0.7861982882022858,0.2265276350080967,-0.4058593064546585,0.0,can_rs_025_s2,can,rs_025,2,0.18407946079969406,0.4831759162978725,0.19754349067807195
70000,0.012741006829310151,0.0059821829199790955,-10.938166856765747,0.6182891130447388,0.7882490307092667,0.226702019572258,-0.41268919408321375,0.0,can_rs_025_s2,can,rs_025,2,-0.0059821829199790955,0.4875949467050994,0.19904136657714844
75000,0.0122762576676905,0.515351414680481,-11.233814239501951,0.6204542517662048,0.7944899201393127,0.2318638563156128,-0.4262836873531341,0.0,can_rs_025_s2,can,rs_025,2,-0.515351414680481,0.5188425955219882,0.1832179129123687
0,0.38225476220250126,-15.331393241882324,157.5522117614746,0.5374187976121902,0.30595600232481956,0.11928013898432255,-0.18936630710959432,0.0,can_rs_025_s3,can,rs_025,3,15.331393241882324,0.8486678841179855,1.4287832975387573
5000,0.10024538589641448,-2.5655772984027863,154.12159729003906,0.5979733318090439,0.7105884552001953,0.2024274654686451,-0.3818127289414406,0.0,can_rs_025_s3,can,rs_025,3,2.5655772984027863,0.44037769614747924,1.5043734312057495
10000,0.06436963398009532,-0.8208004496991635,110.29559898376465,0.6046957224607468,0.7655164152383804,0.2103794738650322,-0.4243775159120559,0.0,can_rs_025_s3,can,rs_025,3,0.8208004496991635,0.4511123978547651,1.05971360206604
15000,0.04913125359453255,0.13040241599082947,76.14578437805176,0.6133273094892502,0.7874674648046494,0.218715138733387,-0.42242054641246796,0.0,can_rs_025_s3,can,rs_025,3,-0.13040241599082947,0.4594412207118484,0.8005380183458328
20000,0.03834171807393427,-0.06076222658157343,45.857547760009766,0.6053032875061035,0.7740684151649475,0.212053582072258,-0.45068702101707453,0.0,can_rs_025_s3,can,rs_025,3,0.06076222658157343,0.4353394137269376,0.6727671772241592
25000,0.030751484283246075,0.7480919361114502,24.859841346740723,0.6070476323366165,0.7801765352487564,0.2114606723189354,-0.47434149682521815,0.0,can_rs_025_s3,can,rs_025,3,-0.7480919361114502,0.4233243970855653,0.5701821744441986
30000,0.02347717879340046,0.3889928698539734,8.90679383277893,0.6065744638442994,0.7836151003837586,0.20920759737491607,-0.475358659029007,0.0,can_rs_025_s3,can,rs_025,3,-0.3889928698539734,0.41842363107161357,0.4505135536193848
35000,0.020678216451778975,0.09519577026367193,0.12851276993751526,0.6135739237070084,0.7900312393903732,0.2189941518008709,-0.4271967634558677,0.0,can_rs_025_s3,can,rs_025,3,-0.09519577026367193,0.4209598574404697,0.37524254620075226
40000,0.0217879182193428,0.2758389562368393,-0.9412570595741272,0.6170453429222107,0.7956802695989609,0.2252022996544838,-0.42567479610443115,0.0,can_rs_025_s3,can,rs_025,3,-0.2758389562368393,0.46040355898476876,0.3641033247113228
45000,0.01839662250131365,-0.588541753590107,-1.269472599029541,0.6080301702022552,0.7702997773885727,0.2124023512005806,-0.43519753962755203,0.0,can_rs_025_s3,can,rs_025,3,0.588541753590107,0.44587712827861176,0.3165022432804107
50000,0.01563692101044575,-0.12047119811177248,-4.594853520393372,0.6135223954916,0.7923932671546936,0.2204938717186451,-0.42713523656129837,0.0,can_rs_025_s3,can,rs_025,3,0.12047119811177248,0.47192805789099834,0.2559853866696358
55000,0.01402166631305585,0.9657954685389996,-8.275540471076965,0.6210379004478455,0.8165773898363113,0.2346889041364193,-0.42146163433790207,0.0,can_rs_025_s3,can,rs_025,3,-0.9657954685389996,0.4597341883691781,0.23809488862752912
60000,0.0133833094593137,0.6179790943861008,-9.185382461547851,0.620271635055542,0.8061695218086242,0.22890626192092894,-0.4226266503334045,0.0,can_rs_025_s3,can,rs_025,3,-0.6179790943861008,0.46858500394477887,0.22149952650070187
65000,0.01286178522277615,0.2975108064711094,-10.324225187301636,0.6207025796175003,0.800511509180069,0.2303292527794838,-0.4148014485836029,0.0,can_rs_025_s3,can,rs_025,3,-0.2975108064711094,0.4861218768724742,0.2039433382451534
70000,0.01277780487434935,0.37119704484939575,-9.96596384048462,0.6180055737495422,0.7933756709098816,0.2219238355755806,-0.4241017773747444,0.0,can_rs_025_s3,can,rs_025,3,-0.37119704484939575,0.4754187520661051,0.20748652890324587
75000,0.0125882807187736,0.5770431756973267,-10.423820495605469,0.6155611276626587,0.804042637348175,0.2248883992433548,-0.4239948391914367,0.0,can_rs_025_s3,can,rs_025,3,-0.5770431756973267,0.484866218838043,0.2022098302841186
0,0.3884459277614951,-12.940382480621338,66.64506435394287,0.5500704646110535,0.38627193681895733,0.1353585422039032,-0.22940872609615323,0.0,can_rs_2_s1,can,rs_2,1,12.940382480621338,0.7006710521775169,2.0092690885066986
5000,0.14896683134138583,0.10690607130527496,-3.9711883068084743,0.6149718463420868,0.7808511108160019,0.2230050340294838,-0.4143684580922127,0.0,can_rs_2_s1,can,rs_2,1,-0.10690607130527496,0.32610157804330275,3.457601010799408
10000,0.17877178564667698,0.6498509086668491,-33.3989143371582,0.6141435354948044,0.7982815355062485,0.2232491709291935,-0.43551717698574066,0.0,can_rs_2_s1,can,rs_2,1,-0.6498509086668491,0.3831072307621625,3.5817776322364807
15000,0.16922540124505753,-0.5550625920295715,-31.044620513916016,0.6088578552007675,0.7799869626760483,0.2186802588403225,-0.40954940021038055,0.0,can_rs_2_s1,can,rs_2,1,0.5550625920295715,0.4287280369829712,2.94232714176178
20000,0.1409909354522824,0.09213324636220933,-34.592613220214844,0.6158543080091476,0.799376368522644,0.2268415279686451,-0.4119580462574959,0.0,can_rs_2_s1,can,rs_2,1,-0.09213324636220933,0.451651761227824,2.3625787496566772
25000,0.14070310089737176,-0.46194275841116905,-34.58352851867676,0.614711344242096,0.7807555496692657,0.2245745062828064,-0.4027107432484626,0.0,can_rs_2_s1,can,rs_2,1,0.46194275841116905,0.47487894101093786,2.19283789396286
30000,0.13691045269370075,-0.19730765819549562,-24.490656280517577,0.6144965887069702,0.7896035790443421,0.2221819281578064,-0.40800498723983764,0.0,can_rs_2_s1,can,rs_2,1,0.19730765819549562,0.4771550089750015,2.1505794525146484
35000,0.12650471786037085,0.5267561376094818,-33.45037269592285,0.6178913563489914,0.8026713579893112,0.2299107275903225,-0.4106404632329941,0.0,can_rs_2_s1,can,rs_2,1,-0.5267561376094818,0.4994197241415936,1.934218555688858
40000,0.11744676539674398,0.11719308793544775,-36.30695819854736,0.6166214793920517,0.7937716245651245,0.225969597697258,-0.41658736765384674,0.0,can_rs_2_s1,can,rs_2,1,-0.11719308793544775,0.48963609429202415,1.8335337936878204
45000,0.11326861260458826,0.32771454006433487,-45.30891227722168,0.6189063042402267,0.7988674938678741,0.2278529666364193,-0.40497626364231104,0.0,can_rs_2_s1,can,rs_2,1,-0.32771454006433487,0.4922460572718119,1.7474466860294342
50000,0.11168659431859848,-0.24843449518084526,-46.2506799697876,0.6196024864912033,0.7853714674711227,0.2292480543255806,-0.39695905148982996,0.0,can_rs_2_s1,can,rs_2,1,0.24843449518084526,0.4988752421339006,1.6678295135498047
55000,0.10203530499711627,0.40607090294361115,-47.67482089996338,0.6192055940628052,0.8006809949874878,0.2305733934044838,-0.4055616334080696,0.0,can_rs_2_s1,can,rs_2,1,-0.40607090294361115,0.4952067880611988,1.5586611032485962
60000,0.09927628703415389,-0.08521557450294492,-56.401068115234374,0.6182124257087708,0.7913681030273437,0.22664621472358704,-0.39969326257705684,0.0,can_rs_2_s1,can,rs_2,1,0.08521557450294492,0.496792530478663,1.498582625389099
65000,0.09764658706262705,0.06433045119047168,-56.055641174316406,0.621391162276268,0.7915877550840378,0.2313755676150322,-0.40147583931684494,0.0,can_rs_2_s1,can,rs_2,1,-0.06433045119047168,0.516969661220163,1.420460730791092
70000,0.09230643846094602,0.11340723931789401,-55.43515872955322,0.6182158887386322,0.7886428236961365,0.2273995652794838,-0.410069890320301,0.0,can_rs_2_s1,can,rs_2,1,-0.11340723931789401,0.49696324574679196,1.4119179844856262
75000,0.094077131524682,0.0023547410964965,-60.533973693847656,0.6177241802215576,0.7945162653923035,0.2280971109867096,-0.4114737808704376,0.0,can_rs_2_s1,can,rs_2,1,-0.0023547410964965,0.520257588273826,1.3814653158187866
0,0.38587556090205904,-13.071780920028688,69.92754459381104,0.5448033511638641,0.3821589909493923,0.12779018469154835,-0.24557995423674583,0.0,can_rs_2_s2,can,rs_2,2,13.071780920028688,0.6901110777934247,2.0253847241401672
5000,0.14948837496340267,0.8236296735703945,4.556113004684448,0.6210923045873642,0.8085475116968155,0.2329101674258709,-0.41603777557611465,0.0,can_rs_2_s2,can,rs_2,2,-0.8236296735703945,0.3659526652302232,3.1764633655548096
10000,0.15130761843174692,-0.043381743133068064,-29.569769859313965,0.6100371032953262,0.7854466140270233,0.2184709906578064,-0.4226384833455086,0.0,can_rs_2_s2,can,rs_2,2,0.043381743133068064,0.3860260465080862,2.9613000750541687
15000,0.1362875325605273,0.20423109829425815,-50.79092025756836,0.6147008687257767,0.7956211119890213,0.2242257371544838,-0.4236958473920822,0.0,can_rs_2_s2,can,rs_2,2,-0.20423109829425815,0.40524466593793956,2.556343376636505
20000,0.12951162643730635,0.7374081388115883,-46.18826961517334,0.6190152019262314,0.8111381381750107,0.2344796434044838,-0.4075496643781662,0.0,can_rs_2_s2,can,rs_2,2,-0.7374081388115883,0.46623150282949444,2.094791829586029
25000,0.122922958061099,-0.08758927136659622,-47.552202224731445,0.6147182881832123,0.7915412336587906,0.2265625111758709,-0.4069909006357193,0.0,can_rs_2_s2,can,rs_2,2,0.08758927136659622,0.486208354112805,1.8800371885299683
30000,0.11136261805891987,-0.7441897124052048,-47.67463150024414,0.6133353471755981,0.7766265153884888,0.22109376192092894,-0.3971938669681549,0.0,can_rs_2_s2,can,rs_2,2,0.7441897124052048,0.4927358148996858,1.6553327798843385
35000,0.10198975186794992,0.12578164786100388,-54.82614040374756,0.6238872706890106,0.7997788339853287,0.232805535197258,-0.38858789950609207,0.0,can_rs_2_s2,can,rs_2,2,-0.12578164786100388,0.5077504986717015,1.4885529577732086
40000,0.09912575120106334,0.8541662525385618,-56.38052463531494,0.6212365180253983,0.8054395318031311,0.2388741746544838,-0.4094152972102165,0.0,can_rs_2_s2,can,rs_2,2,-0.8541662525385618,0.5335723325191044,1.4009345769882202
45000,0.09595491727814075,-0.3491370640695095,-56.54139423370361,0.618345245718956,0.7848833352327347,0.2280273549258709,-0.3886326104402542,0.0,can_rs_2_s2,can,rs_2,2,0.3491370640695095,0.5098583555831462,1.3796762824058533
50000,0.09211024018004532,0.0827558636665344,-50.20223331451416,0.6217551678419113,0.7929463535547256,0.2318987287580967,-0.39530511945486063,0.0,can_rs_2_s2,can,rs_2,2,-0.0827558636665344,0.5230648416113889,1.3062182664871216
55000,0.0880786463618278,-0.3194047063589096,-52.39667797088623,0.6163982301950455,0.7830505669116974,0.2250976674258709,-0.39531799405813217,0.0,can_rs_2_s2,can,rs_2,2,0.3194047063589096,0.5289402519862976,1.233919769525528
60000,0.08731695964932437,-0.3093108355998993,-59.084312438964844,0.6188053607940673,0.7829324245452881,0.2287667512893677,-0.395870292186737,0.0,can_rs_2_s2,can,rs_2,2,0.3093108355998993,0.5100696325210293,1.2703435897827149
65000,0.08675311887636777,-0.6087507903575897,-58.32475280761719,0.6172251254320145,0.7764200121164322,0.2257952131330967,-0.3992065563797951,0.0,can_rs_2_s2,can,rs_2,2,0.6087507903575897,0.503365542956174,1.2772337198257446
70000,0.08609253754839297,-0.9648983627557755,-56.99134540557861,0.6146459430456161,0.7647146731615067,0.2179129533469677,-0.4026557132601738,0.0,can_rs_2_s2,can,rs_2,2,0.9648983627557755,0.5158382909586007,1.229194462299347
75000,0.0859777804464101,-0.9792462587356568,-57.28746032714844,0.6128951907157898,0.7697686553001404,0.2173549234867096,-0.4052900969982147,0.0,can_rs_2_s2,can,rs_2,2,0.9792462587356568,0.5429450822220308,1.1883445978164673
0,0.3863071221858263,-13.045286178588867,54.43782997131348,0.5497908592224121,0.388277392834425,0.1328822635114193,-0.229632094502449,0.0,can_rs_2_s3,can,rs_2,3,13.045286178588867,0.8586477381037287,1.848690927028656
5000,0.15833255797624582,1.2053636759519577,-27.327972680330276,0.621018648147583,0.8107132762670517,0.2312011830508709,-0.4275328144431114,0.0,can_rs_2_s3,can,rs_2,3,-1.2053636759519577,0.3378900747356538,3.7381263375282288
10000,0.19909711442887779,0.8613231629133224,-61.191389083862305,0.6207154244184494,0.8152991682291031,0.2317940965294838,-0.423239141702652,0.0,can_rs_2_s3,can,rs_2,3,-0.8613231629133224,0.3839751558663933,3.9985214471817017
15000,0.17645006924867626,0.04528835415840149,-62.39743709564209,0.616275742650032,0.8041410595178604,0.2303990088403225,-0.3998076170682907,0.0,can_rs_2_s3,can,rs_2,3,-0.04528835415840149,0.43721702332013035,3.0089696049690247
20000,0.14971628878265614,0.22976529598236084,-55.61168098449707,0.6186926364898682,0.8108325749635696,0.2276437021791935,-0.4037465900182724,0.0,can_rs_2_s3,can,rs_2,3,-0.22976529598236084,0.46824927466262994,2.416512608528137
25000,0.13912445381283758,0.20756742358207703,-53.5757417678833,0.6204444319009781,0.8044574558734894,0.2311314269900322,-0.3922734633088112,0.0,can_rs_2_s3,can,rs_2,3,-0.20756742358207703,0.469220339187799,2.1884889602661133
30000,0.13934816405177114,0.4011842250823975,-44.41676025390625,0.6238579273223877,0.8157853722572327,0.2338169753551483,-0.40279319882392883,0.0,can_rs_2_s3,can,rs_2,3,-0.4011842250823975,0.5074425163434798,2.0834911823272706
35000,0.12632400039583444,0.6426559388637543,-44.03811550140381,0.6235893368721008,0.8113317638635635,0.2355259619653225,-0.402046836912632,0.0,can_rs_2_s3,can,rs_2,3,-0.6426559388637543,0.5116837860916521,1.8569738864898682
40000,0.11693781623616813,-0.47286590188741684,-45.49892234802246,0.6160758286714554,0.7885819524526596,0.2251325435936451,-0.4026575461030006,0.0,can_rs_2_s3,can,rs_2,3,0.47286590188741684,0.5057772467877182,1.7390640079975128
45000,0.11911608548834915,0.0512663871049881,-53.61686897277832,0.6211121380329132,0.804844856262207,0.2305036373436451,-0.3944813311100006,0.0,can_rs_2_s3,can,rs_2,3,-0.0512663871049881,0.5111996031735642,1.759273201227188
50000,0.11806254293769596,0.05254143476486206,-49.39097595214844,0.6195703148841858,0.8016112297773361,0.2308175303041935,-0.3954645469784736,0.0,can_rs_2_s3,can,rs_2,3,-0.05254143476486206,0.5263955476491361,1.686783254146576
55000,0.11242249598726622,0.5992976240813732,-53.79439067840576,0.6222361624240875,0.8052501529455185,0.2347935400903225,-0.40637585520744324,0.0,can_rs_2_s3,can,rs_2,3,-0.5992976240813732,0.5292614420116677,1.610300451517105
60000,0.10943597905337805,0.11110920906066894,-58.43135375976563,0.6201541900634766,0.7948886275291442,0.22865514159202577,-0.4046104967594147,0.0,can_rs_2_s3,can,rs_2,3,-0.11110920906066894,0.5083423691811453,1.629615879058838
65000,0.11124982861801977,0.541965663433075,-58.54665756225586,0.6241941303014755,0.8162295669317245,0.2384905219078064,-0.39455097168684006,0.0,can_rs_2_s3,can,rs_2,3,-0.541965663433075,0.5234424465509027,1.6119710505008698
70000,0.10915981438010926,0.1662697196006775,-57.870924949645996,0.6210500299930573,0.8009677976369858,0.2292480580508709,-0.4005000442266464,0.0,can_rs_2_s3,can,rs_2,3,-0.1662697196006775,0.5311993316412754,1.5663766264915466
75000,0.1095883443951606,-0.9910283088684082,-52.91927337646485,0.6143827438354492,0.763655960559845,0.2204241156578064,-0.3820925056934356,0.0,can_rs_2_s3,can,rs_2,3,0.9910283088684082,0.5255526700213569,1.509199857711792
0,0.3855177706107497,-10.976086497306824,11.32051181793213,0.5653302818536758,0.4879988133907318,0.15046038664877415,-0.24696828424930567,0.0,can_td_s1,can,td,1,10.976086497306824,0.7091544558026307,2.3186144530773163
5000,0.11499672923237081,-0.6175083145499229,44.63136005401611,0.619308590888977,0.7917177081108093,0.2287597730755806,-0.37621359527111053,0.0,can_td_s1,can,td,1,0.6175083145499229,0.5348781236461101,1.5541865527629852
10000,0.09431431656703347,0.14480076357722282,27.662421703338623,0.62033611536026,0.8006150424480438,0.2317592166364193,-0.3845618814229965,0.0,can_td_s1,can,td,1,-0.14480076357722282,0.49465578474937244,1.4175891876220703
15000,0.08921909220516677,-0.08414286375045776,19.092750072479248,0.6194445937871933,0.7898040115833282,0.2322823777794838,-0.3836037293076515,0.0,can_td_s1,can,td,1,0.08414286375045776,0.481209256512543,1.3617622554302216
20000,0.07939182799309491,-0.7970512509346008,8.659071415662766,0.6158222258090973,0.774443581700325,0.2225167490541935,-0.38945991545915604,0.0,can_td_s1,can,td,1,0.7970512509346008,0.4750043963795935,1.229481041431427
25000,0.07132615102455014,0.007777294144034403,-1.7306703925132747,0.6200825124979019,0.7941762506961823,0.2305385172367096,-0.3969740718603134,0.0,can_td_s1,can,td,1,-0.007777294144034403,0.482128946444182,1.1117836236953735
30000,0.0696672689914703,-0.2806155920028687,-8.402695751190185,0.6197732806205749,0.7938618540763855,0.23415179252624513,-0.37873495221138,0.0,can_td_s1,can,td,1,0.2806155920028687,0.4819839271017644,1.0642441511154175
35000,0.0647028910927474,0.15784888714551926,-12.994781732559204,0.6237202882766724,0.8009088188409805,0.2355259582400322,-0.38847871869802475,0.0,can_td_s1,can,td,1,-0.15784888714551926,0.48532996636926384,0.993236318230629
40000,0.06253607310354703,-0.2761828526854515,-18.711835384368896,0.6216323673725128,0.790896400809288,0.2348284162580967,-0.3804160580039024,0.0,can_td_s1,can,td,1,0.2761828526854515,0.4715545250140788,0.9717602580785751
45000,0.06469036852940913,-0.10718339681625365,-17.648741722106934,0.6220492422580719,0.8010619878768921,0.2367466613650322,-0.37995006144046783,0.0,can_td_s1,can,td,1,0.10718339681625365,0.4840544021804773,0.9918788224458694
50000,0.060929023148491926,0.46640605479478836,-16.493160486221313,0.6271864920854568,0.8110881596803665,0.2374093271791935,-0.3924807161092758,0.0,can_td_s1,can,td,1,-0.46640605479478836,0.5018191995760769,0.9174371659755707
55000,0.05826806705445047,0.043537624180316925,-17.74457550048828,0.6286691278219223,0.8049148321151733,0.2375837191939354,-0.37954239547252655,0.0,can_td_s1,can,td,1,-0.043537624180316925,0.5005955572177122,0.865629717707634
60000,0.056818987056612924,0.06967036724090576,-15.29465847015381,0.6253063321113587,0.8042937517166138,0.23275671005249024,-0.3927705883979797,0.0,can_td_s1,can,td,1,-0.06967036724090576,0.5121661628311924,0.8416271805763245
65000,0.05763487503863868,0.46385504305362696,-17.58122491836548,0.6299406141042709,0.8163947016000748,0.2434082143008709,-0.38409747183322906,0.0,can_td_s1,can,td,1,-0.46385504305362696,0.5001615029925284,0.8703675419092178
70000,0.05966390427201983,0.2566405087709427,-16.914824724197388,0.6231609582901001,0.8078764081001282,0.2345842719078064,-0.39585696160793304,0.0,can_td_s1,can,td,1,-0.2566405087709427,0.48449704561630536,0.932276651263237
75000,0.0588696256745606,0.310796108096838,-12.90082836151123,0.6284525841474533,0.8064605593681335,0.2391183152794838,-0.3939789906144142,0.0,can_td_s1,can,td,1,-0.310796108096838,0.49320650846433595,0.9003513008356094
80000,0.053749621147289824,-0.7025857344269753,-15.682660102844238,0.6187256425619125,0.7820116281509399,0.2272600531578064,-0.39294937998056406,0.0,can_td_s1,can,td,1,0.7025857344269753,0.4855703546530502,0.8236186057329178
85000,0.04865419031120832,0.2773652598261833,-20.661179065704346,0.6240447461605072,0.8011711686849594,0.2369908057153225,-0.39595530927181244,0.0,can_td_s1,can,td,1,-0.2773652598261833,0.48299876675215175,0.7547928094863892
90000,0.047898563966155,-0.07776719778776171,-24.776258087158205,0.6233013153076172,0.8007616519927978,0.2327846109867096,-0.39132239222526544,0.0,can_td_s1,can,td,1,0.07776719778776171,0.4978542826376177,0.7237255692481994
95000,0.04694459317252035,-0.6211255379021168,-25.555589199066162,0.621884286403656,0.7844559699296951,0.2276437021791935,-0.39405982941389084,0.0,can_td_s1,can,td,1,0.6211255379021168,0.4710409784195505,0.7455958425998688
100000,0.04642072189599272,0.36601270735263824,-25.437139987945557,0.6257095634937286,0.8011486977338791,0.2320033572614193,-0.39325498044490814,0.0,can_td_s1,can,td,1,-0.36601270735263824,0.49350612554146045,0.7025904357433319
105000,0.045457786368206125,0.2776431553065777,-27.44805669784546,0.6258681565523148,0.8036862760782242,0.2407924234867096,-0.3917844817042351,0.0,can_td_s1,can,td,1,-0.2776431553065777,0.4844551250524038,0.7043242901563644
110000,0.04390776599757367,0.04177690111100671,-27.239675998687744,0.6239022463560104,0.7990076839923859,0.2370954342186451,-0.3927408903837204,0.0,can_td_s1,can,td,1,-0.04177690111100671,0.48876633443956363,0.6717225015163422
115000,0.0432418567128479,-0.30862207338213926,-30.625433921813965,0.6231620907783508,0.7987989038228989,0.2326311469078064,-0.3879327178001403,0.0,can_td_s1,can,td,1,0.30862207338213926,0.48946472932824237,0.6643378883600235
120000,0.042337871864438,-0.4223854660987854,-28.739265823364256,0.6208742022514343,0.7859573602676392,0.22954800128936767,-0.3955187916755676,0.0,can_td_s1,can,td,1,0.4223854660987854,0.489564374576113,0.6485303163528442
0,0.38493725322186945,-11.18392813205719,15.82761752605438,0.5615831613540649,0.47671783715486526,0.1493791937828064,-0.2530658431351185,0.0,can_td_s2,can,td,2,11.18392813205719,0.705630062542687,2.257461905479431
5000,0.10752537660300727,-1.4247448071837427,47.43378448486328,0.616931676864624,0.7750226408243179,0.2238072082400322,-0.36228805780410767,0.0,can_td_s2,can,td,2,1.4247448071837427,0.5192421480536371,1.4609087109565735
10000,0.08640865124762055,-0.5266351103782654,30.189104080200195,0.6187809854745865,0.7815091609954834,0.2318638488650322,-0.3793308362364769,0.0,can_td_s2,can,td,2,0.5266351103782654,0.5117857636193561,1.2214295566082
15000,0.0812272880226373,0.058733850717544556,19.36490273475647,0.6212188601493835,0.8027599155902863,0.2360491156578064,-0.3838670402765274,0.0,can_td_s2,can,td,2,-0.058733850717544556,0.4885832859588639,1.2327907085418701
20000,0.0712456846609711,-0.5321306362748146,8.157516837120056,0.6183445304632187,0.7935929894447327,0.2266671434044838,-0.385457269847393,0.0,can_td_s2,can,td,2,0.5321306362748146,0.4929447899734846,1.0689787864685059
25000,0.06430199751630422,0.2118147760629654,-1.9317102432250977,0.6200733929872513,0.8035308569669724,0.2300851121544838,-0.39682868123054504,0.0,can_td_s2,can,td,2,-0.2118147760629654,0.49404920017766113,0.9761853218078613
30000,0.058705943971872274,0.6089551985263825,-9.85438289642334,0.6207248449325562,0.8069292187690735,0.23677456378936768,-0.3989012598991394,0.0,can_td_s2,can,td,2,-0.6089551985263825,0.48341358995717815,0.9131955027580261
35000,0.05916601237840945,0.18308459594845772,-16.67666983604431,0.6206812262535095,0.793474480509758,0.2342354990541935,-0.40174312144517893,0.0,can_td_s2,can,td,2,-0.18308459594845772,0.48086235698594415,0.9254705458879471
40000,0.05756561504676935,0.02855941280722618,-17.77206325531006,0.6183094382286072,0.8004548400640488,0.2299804799258709,-0.4014399349689483,0.0,can_td_s2,can,td,2,-0.02855941280722618,0.48001220121884247,0.9151972085237503
45000,0.055484789842739676,0.1159137636423111,-21.244308471679688,0.6209269911050797,0.8012722730636597,0.2348981685936451,-0.3965495228767395,0.0,can_td_s2,can,td,2,-0.1159137636423111,0.4781650252077603,0.8753591030836105
50000,0.05167935015633698,-0.7666534483432769,-21.497912883758545,0.6177943348884583,0.7759982347488403,0.2232491746544838,-0.3880774974822998,0.0,can_td_s2,can,td,2,0.7666534483432769,0.45794303169692235,0.8275215923786163
55000,0.0478802309837192,0.17200096696615222,-24.981688022613525,0.6218372136354446,0.7968474328517914,0.2376185916364193,-0.40306841582059855,0.0,can_td_s2,can,td,2,-0.17200096696615222,0.4812341654657506,0.7513035088777542
60000,0.04464665152132506,0.6185016989707947,-31.842041778564454,0.6236263632774353,0.7990205407142639,0.23596541285514833,-0.4074177145957947,0.0,can_td_s2,can,td,2,-0.6185016989707947,0.46614479841783885,0.7213594675064087
65000,0.04289693860337133,0.6340464875102043,-33.28421878814697,0.6247141808271408,0.8054067194461823,0.232317253947258,-0.41328657418489456,0.0,can_td_s2,can,td,2,-0.6340464875102043,0.4838933633845418,0.6831989735364914
70000,0.042881489126011675,-0.10976793617010117,-31.97491693496704,0.6199609935283661,0.7915929406881332,0.2292480580508709,-0.40075251460075373,0.0,can_td_s2,can,td,2,0.10976793617010117,0.4917046444480421,0.6565374135971069
75000,0.043438626034185246,0.269573412835598,-34.23340129852295,0.6259021162986755,0.7972486317157745,0.2366769090294838,-0.3951684311032295,0.0,can_td_s2,can,td,2,-0.269573412835598,0.47506356442988484,0.6843377947807312
80000,0.043060625949874504,0.28961557522416115,-32.1788067817688,0.6232669353485107,0.7920990735292435,0.2326660268008709,-0.4045284539461136,0.0,can_td_s2,can,td,2,-0.28961557522416115,0.46501067083951847,0.6956795901060104
85000,0.0408926633652299,0.06992940604686745,-32.125906467437744,0.6212675273418427,0.7874698340892792,0.2292480580508709,-0.4074102342128753,0.0,can_td_s2,can,td,2,-0.06992940604686745,0.4814745114904808,0.6411383599042892
90000,0.039317151196300935,0.1582317590713501,-31.403707122802736,0.6220544815063477,0.7969970226287841,0.23208706378936766,-0.40771079659461973,0.0,can_td_s2,can,td,2,-0.1582317590713501,0.4826849955847393,0.6196716070175171
95000,0.0391130053903907,0.059817962348461165,-32.758647441864014,0.6197983175516129,0.7889605611562729,0.2302594967186451,-0.40790678560733795,0.0,can_td_s2,can,td,2,-0.059817962348461165,0.469413994856118,0.629070907831192
100000,0.03910360881127412,0.2531289607286454,-30.566055297851562,0.6203530579805374,0.7968011349439621,0.2339564859867096,-0.40292149782180786,0.0,can_td_s2,can,td,2,-0.2531289607286454,0.47974886466859656,0.6147526353597641
105000,0.039071189286187226,-0.20429391413927078,-29.008536338806152,0.6202626675367355,0.7748298794031143,0.228097103536129,-0.4020311310887337,0.0,can_td_s2,can,td,2,0.20429391413927078,0.48132210265315467,0.6019631028175354
110000,0.03866033689118915,0.6683560311794281,-30.754722595214844,0.6228753626346588,0.7967612445354462,0.2337472178041935,-0.4155140891671181,0.0,can_td_s2,can,td,2,-0.6683560311794281,0.46706823812168363,0.6300630271434784
115000,0.036577694164589,0.1617681048810482,-30.924684047698975,0.6208327561616898,0.7817046940326691,0.2290387935936451,-0.41703502088785166,0.0,can_td_s2,can,td,2,-0.1617681048810482,0.45310372321410813,0.6108309179544449
120000,0.03622115269303318,0.09223226904869082,-30.724731826782225,0.6195215106010437,0.7806630373001099,0.2283761292695999,-0.4156063973903656,0.0,can_td_s2,can,td,2,-0.09223226904869082,0.4665522631195397,0.5872615575790405
0,0.385924756526947,-11.841111183166504,20.16087818145752,0.5594086796045303,0.4599752798676491,0.14114816673099995,-0.24066220968961713,0.0,can_td_s3,can,td,3,11.841111183166504,0.6700265012555542,2.3848387002944946
5000,0.12053625173866747,-0.8006900101900103,43.65333843231201,0.6165884882211685,0.7852937132120132,0.2241559773683548,-0.3810732960700989,0.0,can_td_s3,can,td,3,0.8006900101900103,0.5513589598567841,1.5782870650291443
10000,0.09671162860468027,0.4258789196610451,27.498709678649902,0.6261592209339142,0.8121599107980728,0.2353864498436451,-0.3962917923927307,0.0,can_td_s3,can,td,3,-0.4258789196610451,0.5182643334985575,1.4072723686695099
15000,0.08205844806507225,0.19900188967585566,18.20716643333435,0.6228136122226715,0.8021991103887558,0.231828972697258,-0.39751179516315455,0.0,can_td_s3,can,td,3,-0.19900188967585566,0.5015352788833386,1.2296097874641418
20000,0.07214411832392212,0.12704219296574593,4.90522226691246,0.6172372400760651,0.7912195026874542,0.231340691447258,-0.4063649326562881,0.0,can_td_s3,can,td,3,-0.12704219296574593,0.46032362011017347,1.1819836497306824
25000,0.06867566071450708,-0.0617479607462883,-7.681247115135193,0.6166694164276123,0.7934567779302597,0.2263183705508709,-0.4079688563942909,0.0,can_td_s3,can,td,3,0.0617479607462883,0.478598825571586,1.0966615676879883
30000,0.0678349938988685,-0.6796863436698913,-11.394166851043702,0.6112027168273926,0.7745978832244873,0.218694207072258,-0.4168454885482788,0.0,can_td_s3,can,td,3,0.6796863436698913,0.45365657265403947,1.1394052743911742
35000,0.06518023014068597,-0.4134773015975952,-12.280864953994751,0.6132428497076035,0.7826865911483765,0.2204589955508709,-0.4166865944862366,0.0,can_td_s3,can,td,3,0.4134773015975952,0.46892911410857296,1.0681513100862503
40000,0.060926073556765874,0.8192846924066544,-13.001074075698853,0.6227014809846878,0.8125517219305038,0.2336077131330967,-0.41030947864055634,0.0,can_td_s3,can,td,3,-0.8192846924066544,0.469382698227403,1.0021535903215408
45000,0.06015411522239443,0.03526207059621811,-15.53337836265564,0.6232716739177704,0.7987008839845657,0.2304687649011612,-0.4028704911470413,0.0,can_td_s3,can,td,3,-0.03526207059621811,0.48272313351132823,0.9492964297533035
50000,0.0605620878282934,-0.3252020888030529,-18.287261486053467,0.6178993731737137,0.7902584671974182,0.226946160197258,-0.3976498916745186,0.0,can_td_s3,can,td,3,0.3252020888030529,0.4724348212812021,0.9664324223995209
55000,0.05698976670391855,0.587382860481739,-23.468611240386963,0.6239704191684723,0.8066097795963287,0.2346889041364193,-0.4145546853542328,0.0,can_td_s3,can,td,3,-0.587382860481739,0.47138502455030534,0.9354461282491684
60000,0.05744281936436886,-0.16695152521133422,-24.217532348632812,0.61789470911026,0.7949963688850403,0.2287667512893677,-0.4081080198287963,0.0,can_td_s3,can,td,3,0.16695152521133422,0.470884035617282,0.934496545791626
65000,0.0563600693363696,0.3509775623679161,-25.59960651397705,0.6222784370183945,0.7994415163993835,0.2333286926150322,-0.4136069118976593,0.0,can_td_s3,can,td,3,-0.3509775623679161,0.4872275525455974,0.8952125757932663
70000,0.054481077613308976,0.23339281231164932,-24.74732780456543,0.6214776933193207,0.7964728623628616,0.2290039174258709,-0.3997125178575516,0.0,can_td_s3,can,td,3,-0.23339281231164932,0.47594867625695075,0.8625359684228897
75000,0.05095305214636023,0.36440078914165497,-26.366899967193604,0.6210320442914963,0.7996799051761627,0.2312360592186451,-0.41313292831182474,0.0,can_td_s3,can,td,3,-0.36440078914165497,0.47129307058879333,0.8333363831043243
80000,0.05144041310995812,0.06699153035879134,-30.927815437316895,0.6232855021953583,0.7987236827611923,0.2300153560936451,-0.406362347304821,0.0,can_td_s3,can,td,3,-0.06699153035879134,0.48087134891901245,0.8225423395633698
85000,0.05168039086274795,0.39580093324184423,-31.53308629989624,0.6277268677949905,0.8023658990859985,0.2366420291364193,-0.40482135862112045,0.0,can_td_s3,can,td,3,-0.39580093324184423,0.4682383876343281,0.8462256789207458
90000,0.05125165630131954,0.13629732131958008,-30.80677375793457,0.6233297228813172,0.7907976031303405,0.23208706676959992,-0.40463888049125674,0.0,can_td_s3,can,td,3,-0.13629732131958008,0.4760812021742667,0.8143894910812378
95000,0.050907938415184574,-0.30666996352374554,-30.361197471618652,0.6219633221626282,0.7889649122953415,0.2266671434044838,-0.40092894434928894,0.0,can_td_s3,can,td,3,0.30666996352374554,0.4916944955243212,0.784650444984436
100000,0.04847333673387765,-1.0869180001318455,-26.714733600616455,0.6164470165967941,0.7695518881082535,0.2230050303041935,-0.3977149426937103,0.0,can_td_s3,can,td,3,1.0869180001318455,0.48039361383480184,0.7551657110452652
105000,0.04872672725468868,-0.7683269456028938,-29.01036024093628,0.6184061616659164,0.7748045474290848,0.2241211049258709,-0.40227293223142624,0.0,can_td_s3,can,td,3,0.7683269456028938,0.4714367102072594,0.7790770530700684
110000,0.0480037827044725,0.34823428094387054,-32.43315601348877,0.622541680932045,0.7914624065160751,0.2311663031578064,-0.41514317691326136,0.0,can_td_s3,can,td,3,-0.34823428094387054,0.47286668804883336,0.7796774059534073
115000,0.0476875411812216,-0.25283007323741913,-32.00643444061279,0.620835080742836,0.7868325114250183,0.2282714918255806,-0.39880767464637756,0.0,can_td_s3,can,td,3,0.25283007323741913,0.47678527092382456,0.7564858049154282
120000,0.04729648508131498,-0.35066761970520016,-31.026596450805663,0.6204175829887391,0.7777438282966613,0.2293526917695999,-0.40638113021850586,0.0,can_td_s3,can,td,3,0.35066761970520016,0.4657174357952144,0.7690632700920105
0,0.4122664541006088,-15.672918558120726,122.27919006347656,0.5293162316083908,0.2754380572587251,0.1105259507894516,-0.20394380390644068,0.0,can_tent12_s1,can,tent12,1,15.672918558120726,0.9585253537096476,1.438130959868431
5000,0.3224431723356247,-10.804421424865723,134.24853134155273,0.5563343912363052,0.5021901354193687,0.1452985554933548,-0.2782289683818817,0.0,can_tent12_s1,can,tent12,1,10.804421424865723,0.562322449056573,2.9030678272247314
10000,0.3883003629744053,-11.38005542755127,167.44970321655273,0.5539342761039734,0.46989282220602036,0.1352887898683548,-0.2653332874178886,0.0,can_tent12_s1,can,tent12,1,11.38005542755127,0.5627831514238576,3.2160289883613586
15000,0.3786872003227472,-12.04176640510559,195.22087478637695,0.5513735562562943,0.456969752907753,0.1348353885114193,-0.25943639129400253,0.0,can_tent12_s1,can,tent12,1,12.04176640510559,0.5551920537272046,3.1178835034370422
20000,0.36285391002893447,-12.173519134521484,198.24549102783203,0.5461929589509964,0.4363578706979751,0.1306152381002903,-0.2690698355436325,0.0,can_tent12_s1,can,tent12,1,12.173519134521484,0.5515827614533455,2.949584662914276
25000,0.35132944621145723,-11.63823676109314,195.84004592895508,0.5513342171907425,0.4660383835434913,0.1374860517680645,-0.2714886143803596,0.0,can_tent12_s1,can,tent12,1,11.63823676109314,0.5795487126454841,2.866537570953369
30000,0.3403272297978401,-11.59635238647461,189.38497314453124,0.5543572664260864,0.4621074557304382,0.1381975531578064,-0.2665512800216675,0.0,can_tent12_s1,can,tent12,1,11.59635238647461,0.601657162986738,2.6431463241577147
35000,0.3086627546697855,-12.317265510559082,176.32684326171875,0.5479517728090286,0.44749871641397476,0.1330566443502903,-0.26574817299842834,0.0,can_tent12_s1,can,tent12,1,12.317265510559082,0.592857672407341,2.3833921551704407
40000,0.28639479316771027,-11.819227933883667,155.60741806030273,0.5520689487457275,0.45293767005205154,0.1348702646791935,-0.26740381866693497,0.0,can_tent12_s1,can,tent12,1,11.819227933883667,0.6179076392605768,2.14523708820343
45000,0.26582503505051136,-11.654804229736328,144.29615783691406,0.5527690052986145,0.45689035952091217,0.1336495578289032,-0.27580711245536804,0.0,can_tent12_s1,can,tent12,1,11.654804229736328,0.6049970550817203,2.0689651370048523
50000,0.24933318365365265,-11.672924280166626,132.30709075927734,0.5499404072761536,0.4558921232819557,0.1338936984539032,-0.27254723757505417,0.0,can_tent12_s1,can,tent12,1,11.672924280166626,0.620385546430195,1.8760946094989777
55000,0.24271835740655656,-12.130773544311523,118.30570793151855,0.5496234595775604,0.4463314712047577,0.12949916906654835,-0.267614796757698,0.0,can_tent12_s1,can,tent12,1,12.130773544311523,0.6174636922296957,1.8029451668262482
60000,0.22725354641675946,-12.21036376953125,98.61881866455079,0.5481780648231507,0.44383994340896604,0.13080357611179352,-0.27023539543151853,0.0,can_tent12_s1,can,tent12,1,12.21036376953125,0.6026894008806012,1.7543030738830567
65000,0.21935968752950424,-12.069895267486572,86.48968505859375,0.5506829917430878,0.44606778025627136,0.1320103332400322,-0.2660790905356407,0.0,can_tent12_s1,can,tent12,1,12.069895267486572,0.6112080165061904,1.6607104539871216
70000,0.21092657409608362,-11.748923301696777,79.46772956848145,0.5523751676082611,0.45520924031734467,0.1304408498108387,-0.2685147449374199,0.0,can_tent12_s1,can,tent12,1,11.748923301696777,0.6262587149096638,1.5785247087478638
75000,0.1877133302390575,-11.795289278030396,68.07501220703125,0.5510489642620087,0.4596777483820915,0.1323591023683548,-0.27320585399866104,0.0,can_tent12_s1,can,tent12,1,11.795289278030396,0.6291524544238221,1.4219911098480225
80000,0.1787763725966215,-12.174749851226807,57.276169776916504,0.5513380020856857,0.44828140735626215,0.1294294148683548,-0.26981597393751144,0.0,can_tent12_s1,can,tent12,1,12.174749851226807,0.6132522391932753,1.37163844704628
85000,0.1783868540078401,-11.613592863082886,48.7813777923584,0.5541290193796158,0.46205684542655945,0.136300228536129,-0.2680250331759453,0.0,can_tent12_s1,can,tent12,1,11.613592863082886,0.6195609454317768,1.366848647594452
90000,0.1846168744564056,-11.685554313659669,49.56038284301758,0.5562462568283081,0.4625775873661041,0.13596540987491607,-0.265171605348587,0.0,can_tent12_s1,can,tent12,1,11.685554313659669,0.6237802207166663,1.3984270095825195
95000,0.1862652068957686,-11.799854278564453,50.63607597351074,0.5524464398622513,0.4563795104622841,0.1347307525575161,-0.26685667783021927,0.0,can_tent12_s1,can,tent12,1,11.799854278564453,0.6297991903910729,1.4014496505260468
100000,0.1797101031988859,-11.77030873298645,51.74369812011719,0.5470996499061584,0.45390884578227997,0.13127790577709675,-0.2763247415423393,0.0,can_tent12_s1,can,tent12,1,11.77030873298645,0.6147167007442417,1.3907945454120636
105000,0.16930840443819759,-11.660010814666748,44.252610206604004,0.5543001592159271,0.45965345948934555,0.1360909678041935,-0.2702943906188011,0.0,can_tent12_s1,can,tent12,1,11.660010814666748,0.5947110895121162,1.3548637330532074
110000,0.1641541853547096,-12.162467956542969,41.17012405395508,0.5483862310647964,0.44065187126398087,0.1274414099752903,-0.2738979682326317,0.0,can_tent12_s1,can,tent12,1,12.162467956542969,0.601973506519352,1.2748591601848602
115000,0.16031577475368972,-11.925807476043701,35.42894268035889,0.5536562651395798,0.4482232108712196,0.1346958763897419,-0.26862530410289764,0.0,can_tent12_s1,can,tent12,1,11.925807476043701,0.6092086039688006,1.2382533550262451
120000,0.158562988191843,-11.857496452331542,33.37521057128906,0.5519539713859558,0.4612450182437896,0.1342633992433548,-0.2686783969402313,0.0,can_tent12_s1,can,tent12,1,11.857496452331542,0.6176525735404084,1.237963819503784
0,0.41667964588850737,-14.975327968597412,118.52961921691895,0.5423330366611481,0.3266619183123112,0.1237444244325161,-0.1890999600291252,0.0,can_tent12_s2,can,tent12,2,14.975327968597412,0.8292667974371495,1.6661614626646042
5000,0.2642077902331948,-12.491442918777466,107.22675895690918,0.5482573360204697,0.4439170435070991,0.13138254173099995,-0.24876975268125534,0.0,can_tent12_s2,can,tent12,2,12.491442918777466,0.46900233851919365,2.5103378891944885
10000,0.30592789389193054,-12.175386667251587,115.86002540588379,0.5465685427188873,0.4511981382966041,0.1290108859539032,-0.27137619256973267,0.0,can_tent12_s2,can,tent12,2,12.175386667251587,0.4827621381336907,2.9342732429504395
15000,0.3464525531977415,-11.36594557762146,134.52377319335938,0.5557965189218521,0.47803977876901627,0.1419852189719677,-0.2625494599342346,0.0,can_tent12_s2,can,tent12,2,11.36594557762146,0.5448313930642544,2.9925259947776794
20000,0.3802906684577465,-12.08609127998352,156.9620590209961,0.550060510635376,0.4557749330997467,0.1354282982647419,-0.2592275068163872,0.0,can_tent12_s2,can,tent12,2,12.08609127998352,0.5868944525690514,2.9538058042526245
25000,0.4173176072537899,-11.730590343475342,182.91529083251953,0.5523882955312729,0.45989284664392466,0.1369977742433548,-0.26618779450654984,0.0,can_tent12_s2,can,tent12,2,11.730590343475342,0.5769184823435283,3.3725274205207825
30000,0.43931290566921233,-11.862505149841308,213.856640625,0.5518225431442261,0.45312257409095763,0.1344587117433548,-0.26220690608024594,0.0,can_tent12_s2,can,tent12,2,11.862505149841308,0.6055306224868005,3.3373538494110107
35000,0.45659552812576293,-11.915825605392456,237.9284782409668,0.5523890852928162,0.4556321427226066,0.1366490013897419,-0.25746792182326317,0.0,can_tent12_s2,can,tent12,2,11.915825605392456,0.6160041134324391,3.4018882513046265
40000,0.4965210147202015,-11.848006963729858,264.10596466064453,0.551981583237648,0.45279834419488907,0.138009212911129,-0.26003261655569077,0.0,can_tent12_s2,can,tent12,2,11.848006963729858,0.6387541768772239,3.556681215763092
45000,0.47025840058922763,-12.253322839736938,272.6822204589844,0.5500487387180328,0.4427779018878936,0.1327078752219677,-0.2584609165787697,0.0,can_tent12_s2,can,tent12,2,12.253322839736938,0.6121964141585725,3.495325267314911
50000,0.4336835417896509,-11.866419076919556,268.1261291503906,0.5502646267414093,0.45324453711509705,0.1351841576397419,-0.26868289709091187,0.0,can_tent12_s2,can,tent12,2,11.866419076919556,0.6251753900150341,3.2136195302009583
55000,0.38326361030340195,-11.558923959732056,250.1560821533203,0.5522683262825012,0.4566443413496017,0.1363002322614193,-0.2760222554206848,0.0,can_tent12_s2,can,tent12,2,11.558923959732056,0.5857040890507639,3.079261302947998
60000,0.36000401765108103,-12.174362182617188,214.67149963378907,0.5475594639778137,0.43692312836647035,0.13060826659202576,-0.2665714085102081,0.0,can_tent12_s2,can,tent12,2,12.174362182617188,0.5907921910390388,2.7848840236663817
65000,0.30785093605518343,-11.839666366577148,182.1701202392578,0.5496788769960403,0.4532773718237877,0.1335798017680645,-0.2708815783262253,0.0,can_tent12_s2,can,tent12,2,11.839666366577148,0.593277781274055,2.4384267330169678
70000,0.29043052829802035,-12.110058784484863,152.15391540527344,0.5463271886110306,0.4433529451489448,0.1300920844078064,-0.2708221897482872,0.0,can_tent12_s2,can,tent12,2,12.110058784484863,0.5867194020596097,2.2781776189804077
75000,0.26947166658937927,-12.075122356414795,131.54248428344727,0.5490029603242874,0.44783996045589447,0.13099888898432255,-0.2719300761818886,0.0,can_tent12_s2,can,tent12,2,12.075122356414795,0.5984539608019639,2.098250925540924
80000,0.24523758515715594,-11.912064552307129,109.41593551635742,0.548552855849266,0.4486249536275863,0.1313825398683548,-0.2726716995239258,0.0,can_tent12_s2,can,tent12,2,11.912064552307129,0.5955324265949777,1.909231334924698
85000,0.22453572284430262,-12.079983234405518,90.89353561401367,0.5479067414999008,0.44817730784416193,0.1308942586183548,-0.27207842469215393,0.0,can_tent12_s2,can,tent12,2,12.079983234405518,0.5906664949822501,1.7768121361732483
90000,0.19811892345547671,-12.082342720031738,68.72375869750977,0.5461481094360352,0.45032804608345034,0.1295479953289032,-0.2779960989952087,0.0,can_tent12_s2,can,tent12,2,12.082342720031738,0.5787846562277982,1.6163069009780884
95000,0.17884165011346334,-11.567111253738403,47.103559494018555,0.5523575842380524,0.4652581810951233,0.1373814232647419,-0.2709463983774185,0.0,can_tent12_s2,can,tent12,2,11.567111253738403,0.6030959630132479,1.407816469669342
100000,0.17256686128675935,-11.972579002380371,36.75566291809082,0.5488686859607697,0.4590351209044456,0.131417416036129,-0.27114670723676676,0.0,can_tent12_s2,can,tent12,2,11.972579002380371,0.5922733656384321,1.3837400376796722
105000,0.17052672877907749,-11.876617670059204,29.613269805908203,0.5516420006752014,0.44974442571401596,0.1333007849752903,-0.26479087024927134,0.0,can_tent12_s2,can,tent12,2,11.876617670059204,0.5903398129679627,1.3403275609016418
110000,0.17482148613780732,-11.868771076202393,27.859538078308105,0.5520534217357635,0.4550173804163933,0.1345563679933548,-0.2624321579933166,0.0,can_tent12_s2,can,tent12,2,11.868771076202393,0.6100537313042239,1.3359288275241852
115000,0.17165272794663905,-12.294061899185182,29.913291931152344,0.5492101609706879,0.44321707636117935,0.13089426048099995,-0.26152243465185165,0.0,can_tent12_s2,can,tent12,2,12.294061899185182,0.6072462625996434,1.3010098338127136
120000,0.16672756135463712,-11.832524871826172,29.250191497802735,0.5533615589141846,0.4554223418235779,0.13652344346046447,-0.2684019088745117,0.0,can_tent12_s2,can,tent12,2,11.832524871826172,0.6201899355554339,1.2788238525390625
0,0.4141936060041189,-15.728788614273071,119.279052734375,0.5368201434612274,0.2989813275635242,0.1160714328289032,-0.18263754621148104,0.0,can_tent12_s3,can,tent12,3,15.728788614273071,0.9014873034771544,1.4025617837905884
5000,0.2671441094949841,-11.560301542282104,117.21061325073242,0.5461529642343521,0.46409414708614344,0.1314174123108387,-0.28704874962568283,0.0,can_tent12_s3,can,tent12,3,11.560301542282104,0.5473338002346374,2.373385488986969
10000,0.3150544635951519,-11.66667652130127,123.00671195983887,0.5503269881010056,0.46631982177495956,0.13326590694487095,-0.2789589092135429,0.0,can_tent12_s3,can,tent12,3,11.66667652130127,0.530924229676224,2.820460259914398
15000,0.3279016304761171,-11.555420875549316,136.24274063110352,0.5515144020318985,0.4640926346182823,0.131173275411129,-0.2774200141429901,0.0,can_tent12_s3,can,tent12,3,11.555420875549316,0.5727027011955578,2.6872323155403137
20000,0.3124921336770058,-11.392715454101562,141.57635116577148,0.5543813109397888,0.46814852952957153,0.1393694281578064,-0.2699640989303589,0.0,can_tent12_s3,can,tent12,3,11.392715454101562,0.5870449944149417,2.4904868602752686
25000,0.26447012946009635,-11.868964433670044,126.20723533630371,0.547707125544548,0.4581645205616951,0.1307547464966774,-0.2795218825340271,0.0,can_tent12_s3,can,tent12,3,11.868964433670044,0.5891774387795271,2.1177931427955627
30000,0.21229691758751867,-11.863130187988281,89.36343841552734,0.548123300075531,0.45005157589912415,0.13470982909202575,-0.27529893517494197,0.0,can_tent12_s3,can,tent12,3,11.863130187988281,0.5900444869049242,1.6665829181671143
35000,0.200444858148694,-11.847161531448364,60.76991653442383,0.5555089563131332,0.4541996195912361,0.1374860554933548,-0.26316046714782715,0.0,can_tent12_s3,can,tent12,3,11.847161531448364,0.6272915076823642,1.4765832722187042
40000,0.2110357522964477,-11.654642343521118,58.62977886199951,0.553196519613266,0.4661431238055229,0.1362653523683548,-0.2652925103902817,0.0,can_tent12_s3,can,tent12,3,11.654642343521118,0.6318650686616235,1.5890352129936218
45000,0.21209000814706083,-11.917124509811401,57.00851058959961,0.5582461953163147,0.4627474546432495,0.1405552513897419,-0.256331592798233,0.0,can_tent12_s3,can,tent12,3,11.917124509811401,0.6336367278200403,1.5668842196464539
50000,0.20165024101734158,-11.907246112823486,53.53673267364502,0.5544720441102982,0.4580362066626548,0.1331961527466774,-0.2591593489050865,0.0,can_tent12_s3,can,tent12,3,11.907246112823486,0.6359903563992761,1.4754876494407654
55000,0.2032567692920565,-12.078887701034546,52.02700328826904,0.5516865253448486,0.4557330086827278,0.1353585422039032,-0.2590019181370735,0.0,can_tent12_s3,can,tent12,3,12.078887701034546,0.6422976042266056,1.4699462950229645
60000,0.2042743657529354,-11.842148971557616,56.11690673828125,0.5567911028861999,0.45911967754364014,0.14218750596046448,-0.25570551753044124,0.0,can_tent12_s3,can,tent12,3,11.842148971557616,0.6437196959831635,1.477812647819519
65000,0.1966475699096918,-12.031560897827148,55.18425750732422,0.5517888367176056,0.44704268872737885,0.1374511793255806,-0.2607298865914345,0.0,can_tent12_s3,can,tent12,3,12.031560897827148,0.6362948811801191,1.4224730730056763
70000,0.1901667840778827,-12.06833267211914,54.89021015167236,0.5457689315080643,0.4491371735930443,0.1277204342186451,-0.26694124937057495,0.0,can_tent12_s3,can,tent12,3,12.06833267211914,0.6181631040484751,1.43969064950943
75000,0.18184488750994202,-11.936270236968994,48.1761531829834,0.5510475784540176,0.45140375941991806,0.1300223283469677,-0.2696043327450752,0.0,can_tent12_s3,can,tent12,3,11.936270236968994,0.6319751913928773,1.354725867509842
80000,0.17318170052021736,-12.0462167263031,44.02704906463623,0.5511602312326431,0.44373931735754013,0.1314522959291935,-0.2681652456521988,0.0,can_tent12_s3,can,tent12,3,12.0462167263031,0.6240794569748577,1.2841794788837433
85000,0.16487568113952872,-11.89028263092041,38.60343074798584,0.5509670525789261,0.4507534727454185,0.1324637345969677,-0.26873988658189774,0.0,can_tent12_s3,can,tent12,3,11.89028263092041,0.6255461090105994,1.2333010733127594
90000,0.1648100958764553,-11.851924514770507,35.338436889648435,0.5508402347564697,0.45153202414512633,0.13239398300647737,-0.27278644442558286,0.0,can_tent12_s3,can,tent12,3,11.851924514770507,0.610863071591164,1.2759032011032105
95000,0.1657055115327239,-11.647857427597046,32.73002767562866,0.5492952167987823,0.4560287967324257,0.1342424713075161,-0.2713160887360573,0.0,can_tent12_s3,can,tent12,3,11.647857427597046,0.613746883327877,1.2827574908733368
100000,0.17129758726805444,-12.035758972167969,35.578091621398926,0.5502558499574661,0.4461880177259445,0.1320452056825161,-0.2715330719947815,0.0,can_tent12_s3,can,tent12,3,12.035758972167969,0.6240690549843854,1.2891252636909485
105000,0.17623573858290909,-11.929269075393677,40.09200191497803,0.551519975066185,0.4496156647801399,0.1319754496216774,-0.27362724393606186,0.0,can_tent12_s3,can,tent12,3,11.929269075393677,0.5974033814024609,1.4089276194572449
110000,0.1788549959659576,-11.8302001953125,43.539549827575684,0.5494042932987213,0.44766923040151596,0.12946429289877415,-0.2751803398132324,0.0,can_tent12_s3,can,tent12,3,11.8302001953125,0.6231468298435406,1.3627639412879944
115000,0.18098601363599295,-12.251535892486572,44.492825508117676,0.5437071621417999,0.44125940650701523,0.12465123273432255,-0.27780386060476303,0.0,can_tent12_s3,can,tent12,3,12.251535892486572,0.6110628216035315,1.419359713792801
120000,0.1790858249366283,-11.812481117248534,46.33059997558594,0.5495868682861328,0.4509575605392456,0.13164062798023224,-0.28014875650405885,0.0,can_tent12_s3,can,tent12,3,11.812481117248534,0.5972145884454376,1.4408599376678466
0,0.15366857089102265,-12.600149154663086,2.2655946016311646,0.5653785616159439,0.4519312158226967,0.1447056420147419,-0.1984130702912807,0.0,can_tent12i_s1,can,tent12i,1,12.600149154663086,0.6543960458116065,1.105464518070221
5000,0.19384363871067756,-11.09161925315857,2.0422487258911137,0.5674050003290176,0.5005005821585655,0.1554478257894516,-0.23167399317026133,0.0,can_tent12i_s1,can,tent12i,1,11.09161925315857,0.4690261911317687,1.9857629835605621
10000,0.2573462592437863,-11.576514959335327,44.24396753311157,0.5542005598545074,0.47592687606811523,0.1380092166364193,-0.25479358062148094,0.0,can_tent12i_s1,can,tent12i,1,11.576514959335327,0.531416566071291,2.273156702518463
15000,0.3149746179580688,-11.775568008422852,91.95136833190918,0.5600340664386749,0.469650574028492,0.1472865603864193,-0.23545808345079416,0.0,can_tent12i_s1,can,tent12i,1,11.775568008422852,0.604939671538168,2.3834075331687927
20000,0.3786305028945207,-11.941419124603271,148.64117431640625,0.5547686070203781,0.45829731971025467,0.141183041036129,-0.24328371882438654,0.0,can_tent12i_s1,can,tent12i,1,11.941419124603271,0.6400494496405083,2.6743515729904175
25000,0.4256120458245277,-12.285566329956055,201.3306999206543,0.5533670485019684,0.4443526864051819,0.1398577094078064,-0.24007996544241902,0.0,can_tent12i_s1,can,tent12i,1,12.285566329956055,0.6486566555175459,2.8981487154960632
30000,0.46078680872917166,-11.52169075012207,253.14132080078124,0.5578728318214417,0.4683351993560791,0.14469866454601288,-0.25251299440860747,0.0,can_tent12i_s1,can,tent12i,1,11.52169075012207,0.659220147200739,3.2272653579711914
35000,0.4981756847351789,-11.965113162994385,295.6611557006836,0.5529040098190308,0.4466639459133148,0.1410435326397419,-0.25472360104322433,0.0,can_tent12i_s1,can,tent12i,1,11.965113162994385,0.6349286249881197,3.515537738800049
40000,0.489407779276371,-12.03497314453125,331.9029998779297,0.5527707785367966,0.4374324381351471,0.136544369161129,-0.25781463831663126,0.0,can_tent12i_s1,can,tent12i,1,12.03497314453125,0.6272842560528205,3.4470805525779724
45000,0.4730303153395653,-11.61932635307312,337.1619186401367,0.5545539259910583,0.4551917314529419,0.139229916036129,-0.26299426704645157,0.0,can_tent12i_s1,can,tent12i,1,11.61932635307312,0.6196139318205713,3.4861069917678833
50000,0.48749412447214124,-12.213494777679443,346.1229934692383,0.5479750782251358,0.43620615452527994,0.1330566480755806,-0.25658744573593134,0.0,can_tent12i_s1,can,tent12i,1,12.213494777679443,0.6091677663612018,3.5265472531318665
55000,0.4880718123167753,-11.92053484916687,354.2928924560547,0.5535192787647247,0.4403672069311142,0.1358468271791935,-0.25930196791887283,0.0,can_tent12i_s1,can,tent12i,1,11.92053484916687,0.6316612869456146,3.4495304226875305
60000,0.46068750381469725,-11.968438339233398,351.36524658203126,0.5507385015487671,0.4346507966518402,0.1359096050262451,-0.26125754117965694,0.0,can_tent12i_s1,can,tent12i,1,11.968438339233398,0.603919636086409,3.3975477695465086
65000,0.41731139980256554,-11.96334958076477,328.17869567871094,0.5515534728765488,0.43532247841358185,0.1341378428041935,-0.26421831548213953,0.0,can_tent12i_s1,can,tent12i,1,11.96334958076477,0.5968070745046963,3.1410738825798035
70000,0.40329089909791943,-11.899429321289062,304.08009338378906,0.5494910478591919,0.4336017519235611,0.1329868957400322,-0.26244737952947617,0.0,can_tent12i_s1,can,tent12i,1,11.899429321289062,0.6006036875894258,2.9840418100357056
75000,0.37197135165333745,-11.931979417800903,277.1021270751953,0.549273356795311,0.43248868733644485,0.1342424713075161,-0.26602720469236374,0.0,can_tent12i_s1,can,tent12i,1,11.931979417800903,0.5956215343268394,2.797672986984253
80000,0.3387653842568397,-12.189987182617188,250.58954620361328,0.5476499795913696,0.4302751049399376,0.13228934817016125,-0.2658514231443405,0.0,can_tent12i_s1,can,tent12i,1,12.189987182617188,0.5958490002134541,2.539260506629944
85000,0.3007541339844465,-12.46112847328186,213.5805549621582,0.5474568605422974,0.4195071756839752,0.1314871720969677,-0.25986311584711075,0.0,can_tent12i_s1,can,tent12i,1,12.46112847328186,0.5923091057755611,2.2197789549827576
90000,0.25691654622554777,-11.797779655456543,170.6576385498047,0.5512587189674377,0.44582961201667787,0.13339844346046448,-0.2753546297550201,0.0,can_tent12i_s1,can,tent12i,1,11.797779655456543,0.5930351822392619,2.0272381782531737
95000,0.22561041451990604,-11.608124017715454,125.08108711242676,0.5521820783615112,0.45317573845386505,0.1357421912252903,-0.272614561021328,0.0,can_tent12i_s1,can,tent12i,1,11.608124017715454,0.5872604364619907,1.804230123758316
100000,0.20199307315051557,-11.82667851448059,97.09375381469727,0.5467628091573715,0.44390788674354553,0.1303711012005806,-0.27637676149606705,0.0,can_tent12i_s1,can,tent12i,1,11.82667851448059,0.5796696613217083,1.6256600320339203
105000,0.18778149653226134,-12.072113990783691,74.09396171569824,0.5513622313737869,0.44568537175655365,0.1307896301150322,-0.2699292674660682,0.0,can_tent12i_s1,can,tent12i,1,12.072113990783691,0.5934779134184318,1.4823227524757385
110000,0.1724712455645203,-12.006891012191772,56.94692802429199,0.5498286485671997,0.447524830698967,0.1334751695394516,-0.2682760953903198,0.0,can_tent12i_s1,can,tent12i,1,12.006891012191772,0.5784685848993717,1.3803941905498505
115000,0.16750265602022407,-12.268753290176392,41.43393135070801,0.5523711591959,0.4426745250821113,0.132638119161129,-0.263054683804512,0.0,can_tent12i_s1,can,tent12i,1,12.268753290176392,0.6168638715485473,1.2541209757328033
120000,0.15353377878665916,-11.928055572509766,32.40704689025879,0.5523204922676086,0.45937952399253845,0.1331194281578064,-0.2664602577686309,0.0,can_tent12i_s1,can,tent12i,1,11.928055572509766,0.6215856454847168,1.1718876361846924
0,0.1479633318260312,-13.634054183959961,0.14140841364860535,0.5442369729280472,0.37850966304540634,0.1273367777466774,-0.22983762249350548,0.0,can_tent12i_s2,can,tent12i,2,13.634054183959961,0.6222559736973221,0.9286088645458221
5000,0.18704927377402777,-11.338284730911255,-1.1297569274902344,0.5578722357749939,0.4852119013667106,0.1431710422039032,-0.25648148730397224,0.0,can_tent12i_s2,can,tent12i,2,11.338284730911255,0.4663607571590228,1.9380979239940643
10000,0.2487955074757337,-11.907612085342407,28.50322961807251,0.5591626167297363,0.46777113527059555,0.1432756744325161,-0.23647872358560557,0.0,can_tent12i_s2,can,tent12i,2,11.907612085342407,0.497012358667323,2.273078501224518
15000,0.268139885738492,-11.172163724899292,67.23520565032959,0.5616530776023865,0.48794188350439066,0.1500767394900322,-0.24895706772804255,0.0,can_tent12i_s2,can,tent12i,2,11.172163724899292,0.5589124289846725,2.269060730934143
20000,0.2913787174969911,-11.54877781867981,89.35062980651855,0.5603448301553726,0.47194795310497284,0.141915462911129,-0.24749790504574776,0.0,can_tent12i_s2,can,tent12i,2,11.54877781867981,0.5786682934952669,2.33237886428833
25000,0.3226721160113811,-11.600379705429077,121.7005786895752,0.5565613061189651,0.4788606241345405,0.1439732201397419,-0.25347207486629486,0.0,can_tent12i_s2,can,tent12i,2,11.600379705429077,0.6019406956920136,2.522749364376068
30000,0.3436760056018829,-11.72154541015625,148.80389709472655,0.5550565719604492,0.47177793383598327,0.14090402722358703,-0.25122973024845124,0.0,can_tent12i_s2,can,tent12i,2,11.72154541015625,0.6041779395282809,2.6615087032318114
35000,0.3631412498652935,-11.828372240066528,166.49192810058594,0.5560887008905411,0.4642784744501114,0.140450619161129,-0.24607520550489423,0.0,can_tent12i_s2,can,tent12i,2,11.828372240066528,0.6188302508134502,2.7070088982582092
40000,0.3941773749887943,-11.389073848724365,196.32928848266602,0.5580951273441315,0.4712689891457557,0.1407645158469677,-0.26108288764953613,0.0,can_tent12i_s2,can,tent12i,2,11.389073848724365,0.6112753423937082,3.0183030366897583
45000,0.4018056944012642,-12.161004066467287,214.8570899963379,0.5522928386926651,0.4516785442829132,0.1354980543255806,-0.25408084690570826,0.0,can_tent12i_s2,can,tent12i,2,12.161004066467287,0.623665392072882,2.9467737078666687
50000,0.394456060230732,-11.719271421432495,223.79135513305664,0.553004115819931,0.45668234676122665,0.1419852189719677,-0.2559562921524048,0.0,can_tent12i_s2,can,tent12i,2,11.719271421432495,0.6089121459599451,2.9610445499420166
55000,0.3903355039656162,-12.313745975494385,226.7319107055664,0.5534323155879974,0.442356213927269,0.1339285783469677,-0.24947270750999448,0.0,can_tent12i_s2,can,tent12i,2,12.313745975494385,0.5957024682314819,2.925714910030365
60000,0.36977623015642164,-12.053456878662109,216.56202392578126,0.5526510953903199,0.4453305542469025,0.13789063096046447,-0.2514376938343048,0.0,can_tent12i_s2,can,tent12i,2,12.053456878662109,0.5915955175534368,2.811079740524292
65000,0.36726391054689883,-11.713990211486816,206.92391967773438,0.5555538833141327,0.4545730650424957,0.1398925855755806,-0.25496696308255196,0.0,can_tent12i_s2,can,tent12i,2,11.713990211486816,0.5973422923839502,2.8403541445732117
70000,0.36220837496221064,-11.782674312591553,204.05389785766602,0.5537086725234985,0.45222286880016327,0.1386718824505806,-0.25636740028858185,0.0,can_tent12i_s2,can,tent12i,2,11.782674312591553,0.5870133190189021,2.8321878910064697
75000,0.3739515099674463,-11.893746376037598,211.68959045410156,0.5543859899044037,0.4532031193375587,0.1420200951397419,-0.25470156967639923,0.0,can_tent12i_s2,can,tent12i,2,11.893746376037598,0.5907768309058593,2.8887223601341248
80000,0.3707247346639633,-11.814149856567383,210.80860900878906,0.5534695833921432,0.45564064383506775,0.1365094929933548,-0.2570777349174022,0.0,can_tent12i_s2,can,tent12i,2,11.814149856567383,0.5904924475141755,2.8886731266975403
85000,0.3630425080657005,-11.598561525344849,205.86216735839844,0.5563961118459702,0.4583839476108551,0.1382184736430645,-0.25985058024525637,0.0,can_tent12i_s2,can,tent12i,2,11.598561525344849,0.598993443530647,2.80266934633255
90000,0.3425534725189209,-11.931486129760742,199.24844055175782,0.5516234874725342,0.4483214974403381,0.13504464626312257,-0.26271134018898007,0.0,can_tent12i_s2,can,tent12i,2,11.931486129760742,0.5761181937155996,2.7332801818847656
95000,0.3231295838952064,-11.827335357666016,189.26453018188477,0.5510674715042114,0.4499143809080124,0.1355329304933548,-0.2588200271129608,0.0,can_tent12i_s2,can,tent12i,2,11.827335357666016,0.5783921194676653,2.543286442756653
100000,0.285098535194993,-11.885594367980955,162.3699836730957,0.5518400520086288,0.45016587525606155,0.1358468234539032,-0.26067934930324554,0.0,can_tent12i_s2,can,tent12i,2,11.885594367980955,0.5747318200478987,2.280939519405365
105000,0.24809880014508962,-12.054151058197021,135.8067283630371,0.5498697757720947,0.4467121511697769,0.1308245025575161,-0.2644570916891098,0.0,can_tent12i_s2,can,tent12i,2,12.054151058197021,0.5777723666750028,1.9688664972782135
110000,0.23126199506223197,-11.95127820968628,111.11261177062988,0.548092857003212,0.4499412402510643,0.1317661926150322,-0.27131958305835724,0.0,can_tent12i_s2,can,tent12i,2,11.95127820968628,0.5670769351474283,1.8967516720294955
115000,0.2263932386413216,-12.236951351165771,98.69706153869629,0.5504840463399887,0.4409876316785812,0.1309640109539032,-0.2664856761693954,0.0,can_tent12i_s2,can,tent12i,2,12.236951351165771,0.5677471797087872,1.8205409348011017
120000,0.20760780885815616,-11.973346328735351,81.67639465332032,0.551876962184906,0.4547356128692627,0.1328125089406967,-0.26847590208053584,0.0,can_tent12i_s2,can,tent12i,2,11.973346328735351,0.5814003845011381,1.6751057147979735
0,0.14348276760429138,-12.921058177947998,-2.2806962728500366,0.5643115937709808,0.4257899224758148,0.1447753943502903,-0.19312340021133417,0.0,can_tent12i_s3,can,tent12i,3,12.921058177947998,0.6464219196466967,0.9551966488361359
5000,0.1797605704516172,-11.454447031021118,-5.848103493452072,0.5549570471048355,0.4850791245698929,0.1402413547039032,-0.2540603131055832,0.0,can_tent12i_s3,can,tent12i,3,11.454447031021118,0.45960679974448215,1.8390221893787384
10000,0.21618813630193467,-11.657506465911865,18.627010822296143,0.561922624707222,0.47484103590250015,0.1459263451397419,-0.23453774303197855,0.0,can_tent12i_s3,can,tent12i,3,11.657506465911865,0.5176631197734596,1.906463861465454
15000,0.23991957418620583,-11.930429458618164,38.514055252075195,0.5590227395296097,0.46864255517721176,0.1430664099752903,-0.22807808592915535,0.0,can_tent12i_s3,can,tent12i,3,11.930429458618164,0.5270973852100365,2.0614103078842163
20000,0.26766621768474574,-11.423482656478882,68.2890853881836,0.5601939857006073,0.48412734270095825,0.1459263451397419,-0.2470058649778366,0.0,can_tent12i_s3,can,tent12i,3,11.423482656478882,0.5929773025471035,2.1146475672721863
25000,0.29774006195366376,-11.971905946731567,95.50283813476562,0.5561321079730988,0.4611049219965935,0.1441824845969677,-0.2402716428041458,0.0,can_tent12i_s3,can,tent12i,3,11.971905946731567,0.6177633577135192,2.1756239533424377
30000,0.32760791271924966,-11.300174331665039,120.36823272705078,0.5608236193656921,0.47540709376335144,0.14871652126312257,-0.25233297348022454,0.0,can_tent12i_s3,can,tent12i,3,11.300174331665039,0.6358184112174883,2.4012919902801513
35000,0.3513926867395639,-11.78918743133545,145.35470581054688,0.5566727221012115,0.4668981432914734,0.1404854953289032,-0.25076257437467575,0.0,can_tent12i_s3,can,tent12i,3,11.78918743133545,0.6317386286617493,2.572783648967743
40000,0.3623515948653221,-11.941190242767334,162.49037551879883,0.5520877093076706,0.45990557968616486,0.1349748969078064,-0.2563371062278747,0.0,can_tent12i_s3,can,tent12i,3,11.941190242767334,0.6123352941193823,2.737619459629059
45000,0.38459982760250566,-12.275086641311646,186.67212295532227,0.5531363934278488,0.4466501250863075,0.1386718824505806,-0.2566555142402649,0.0,can_tent12i_s3,can,tent12i,3,12.275086641311646,0.6318925999315352,2.7840424180030823
50000,0.37044104337692263,-11.992599725723267,193.79064178466797,0.5511476844549179,0.445911280810833,0.1328125074505806,-0.2605332210659981,0.0,can_tent12i_s3,can,tent12i,3,11.992599725723267,0.6236473012260848,2.7111005783081055
55000,0.354533326998353,-12.168241500854492,196.4448127746582,0.5487512648105621,0.438605859875679,0.1333356648683548,-0.2626182585954666,0.0,can_tent12i_s3,can,tent12i,3,12.168241500854492,0.5990926086969568,2.691941797733307
60000,0.3199956107139587,-11.86203212738037,177.81081848144532,0.5517335534095764,0.44953351020812987,0.1354073703289032,-0.27080889940261843,0.0,can_tent12i_s3,can,tent12i,3,11.86203212738037,0.5881915617618458,2.526532793045044
65000,0.2904548782855272,-11.844781398773193,145.4384422302246,0.5507592260837555,0.45343414694070816,0.1348353810608387,-0.26875665783882136,0.0,can_tent12i_s3,can,tent12i,3,11.844781398773193,0.5812859869665316,2.331548035144806
70000,0.2845242526382208,-11.568991899490356,134.37423706054688,0.5495170205831528,0.45912302285432816,0.1331961564719677,-0.26951663941144943,0.0,can_tent12i_s3,can,tent12i,3,11.568991899490356,0.5875794912299102,2.293219268321991
75000,0.28078687898814675,-12.058507919311523,128.04183197021484,0.5472847521305084,0.4469184875488281,0.1300572045147419,-0.2753756493330001,0.0,can_tent12i_s3,can,tent12i,3,12.058507919311523,0.5758648040518906,2.2678754925727844
80000,0.2612698398530483,-12.040271282196045,117.67477035522461,0.5493893474340439,0.4428596720099449,0.1303013451397419,-0.2691512778401375,0.0,can_tent12i_s3,can,tent12i,3,12.040271282196045,0.5745014139646567,2.103743612766266
85000,0.23568872120231388,-12.026228666305542,97.58182144165039,0.547045961022377,0.447607196867466,0.13012695871293545,-0.27467939257621765,0.0,can_tent12i_s3,can,tent12i,3,12.026228666305542,0.5743352133469238,1.9214096069335938
90000,0.21732994064688677,-11.982400894165039,80.83398742675782,0.5479960560798645,0.4533192813396454,0.13189174681901933,-0.2733357012271881,0.0,can_tent12i_s3,can,tent12i,3,11.982400894165039,0.5897797419962862,1.75025634765625
95000,0.2017758063971996,-11.507098913192749,66.8473014831543,0.5505914241075516,0.4571122080087662,0.1356026828289032,-0.27142009139060974,0.0,can_tent12i_s3,can,tent12i,3,11.507098913192749,0.5825990010766651,1.6306915581226349
100000,0.19499338064342736,-12.050809144973755,55.61518573760986,0.5495328158140182,0.4486368000507355,0.1330915242433548,-0.27132051438093185,0.0,can_tent12i_s3,can,tent12i,3,12.050809144973755,0.5799281195035941,1.580815464258194
105000,0.1830659758299589,-11.779291152954102,50.220417976379395,0.5506112277507782,0.45724601298570633,0.1310337670147419,-0.28150132298469543,0.0,can_tent12i_s3,can,tent12i,3,11.779291152954102,0.5731441029337697,1.5432323217391968
110000,0.1674007227644324,-11.988772869110107,39.09092855453491,0.5480771511793137,0.44970021396875376,0.1307547502219677,-0.2687213197350502,0.0,can_tent12i_s3,can,tent12i,3,11.988772869110107,0.5849002536852489,1.3455252647399902
115000,0.1542917927727103,-12.19095778465271,26.65791416168213,0.5470777302980423,0.44907595217227936,0.1291852705180645,-0.26859075576066965,0.0,can_tent12i_s3,can,tent12i,3,12.19095778465271,0.5919779209368468,1.228209137916565
120000,0.14908484950661657,-12.25360565185547,21.47775993347168,0.5479128956794739,0.43929815888404844,0.12968750596046447,-0.2705665826797485,0.0,can_tent12i_s3,can,tent12i,3,12.25360565185547,0.5876996711773858,1.1822158336639403
0,0.38747638817876573,-15.071857213973999,116.30682945251465,0.532518208026886,0.3139041941612959,0.11401367746293545,-0.2160632386803627,0.0,can_tent6_s1,can,tent6,1,15.071857213973999,0.8503688763003456,1.5855758041143417
5000,0.14956340510398144,-4.979630947113037,87.87050437927246,0.5925653129816055,0.6721552461385727,0.1862444318830967,-0.35338088870048523,0.0,can_tent6_s1,can,tent6,1,4.979630947113037,0.43448616619029035,2.257985681295395
10000,0.14334356505423781,-4.881860852241516,50.213274002075195,0.5847311168909073,0.6642318516969681,0.1788853295147419,-0.3668789118528366,0.0,can_tent6_s1,can,tent6,1,4.881860852241516,0.4353364415541141,2.1368431448936462
15000,0.1219844664447009,-5.323369264602661,25.118041515350342,0.585780069231987,0.6545992195606232,0.1780482791364193,-0.3617030531167984,0.0,can_tent6_s1,can,tent6,1,5.323369264602661,0.4848526414641083,1.6201255917549133
20000,0.12295339331030843,-5.2834683656692505,14.618522882461548,0.5906088352203369,0.6617012768983841,0.1867675893008709,-0.34245845675468445,0.0,can_tent6_s1,can,tent6,1,5.2834683656692505,0.5299561507647473,1.4684609174728394
25000,0.11872973917052144,-5.808393478393555,11.346553087234497,0.5873883068561554,0.6483249962329865,0.1853376217186451,-0.33668097853660583,0.0,can_tent6_s1,can,tent6,1,5.808393478393555,0.5257286362577006,1.4016110301017763
30000,0.10861285105347629,-5.839369392395019,7.453005027770996,0.5893275499343872,0.6528170824050903,0.1846540242433548,-0.3325968503952026,0.0,can_tent6_s1,can,tent6,1,5.839369392395019,0.5530723240357954,1.230118465423584
35000,0.1064915467984974,-6.019932746887207,4.657847166061401,0.5911944508552551,0.6502243131399155,0.1887904703617096,-0.3197471722960472,0.0,can_tent6_s1,can,tent6,1,6.019932746887207,0.5645539289385919,1.1607118546962738
40000,0.1033288953825831,-6.019721746444702,-0.6093848645687103,0.5886520445346832,0.6434922814369202,0.1801060363650322,-0.3259411156177521,0.0,can_tent6_s1,can,tent6,1,6.019721746444702,0.5581393566609667,1.1337491571903229
45000,0.09992735683917994,-5.67116117477417,-1.5322908610105515,0.5897411704063416,0.6544677317142487,0.1887555867433548,-0.33259187638759613,0.0,can_tent6_s1,can,tent6,1,5.67116117477417,0.5768624073558559,1.084405541419983
50000,0.09322594050317998,-5.912962436676025,-2.6570723354816437,0.5874678194522858,0.6493046134710312,0.1877092719078064,-0.32437337189912796,0.0,can_tent6_s1,can,tent6,1,5.912962436676025,0.5758715381277096,1.0062670409679413
55000,0.08481391910463568,-6.152286410331726,-8.686843276023865,0.5899337530136108,0.6404559314250946,0.1844656877219677,-0.3231217637658119,0.0,can_tent6_s1,can,tent6,1,6.152286410331726,0.5643071158102397,0.9256961196660995
60000,0.08564389869570728,-6.171876239776611,-11.085422897338868,0.5869547486305237,0.6379958152770996,0.18046875596046447,-0.33007088899612425,0.0,can_tent6_s1,can,tent6,1,6.171876239776611,0.5747836397555283,0.9291957259178162
65000,0.0840412841178476,-5.8705894947052,-9.927545547485352,0.5907756239175797,0.6574975252151489,0.1871512345969677,-0.3295895755290985,0.0,can_tent6_s1,can,tent6,1,5.8705894947052,0.5704982046795689,0.9379584342241288
70000,0.08177083404734728,-6.136606812477112,-8.066436290740967,0.5847912430763245,0.6310689896345139,0.1758858896791935,-0.33796578645706177,0.0,can_tent6_s1,can,tent6,1,6.136606812477112,0.5495209964961567,0.9255132526159286
75000,0.0805543147027492,-6.268924713134766,-11.649415969848633,0.5869962573051453,0.6434276103973389,0.1806640774011612,-0.3373404145240783,0.0,can_tent6_s1,can,tent6,1,6.268924713134766,0.5544700548183755,0.9231926202774048
0,0.39183864016085856,-13.678858518600464,118.42347717285156,0.5487488359212875,0.35771819204092026,0.12915039248764515,-0.21542361378669736,0.0,can_tent6_s2,can,tent6,2,13.678858518600464,0.8568585406703737,1.6595570743083954
5000,0.1580078044906258,-6.775941610336304,96.36470603942871,0.5822518765926361,0.6188265830278397,0.1752581000328064,-0.317992977797985,0.0,can_tent6_s2,can,tent6,2,6.775941610336304,0.4106357787448986,2.324400842189789
10000,0.1613807572051882,-5.396814584732056,67.24971580505371,0.5826040953397751,0.6428023725748062,0.1748046986758709,-0.366519071161747,0.0,can_tent6_s2,can,tent6,2,5.396814584732056,0.44813806994620276,2.296525239944458
15000,0.15246558412909503,-5.86455774307251,54.30712127685547,0.5850144326686859,0.6407287120819092,0.1790248416364193,-0.34170192480087275,0.0,can_tent6_s2,can,tent6,2,5.86455774307251,0.47275395479908033,1.9982229471206665
20000,0.1378474276512861,-5.449044466018677,43.189823150634766,0.5889631807804108,0.6506767421960831,0.1823381781578064,-0.34570901840925217,0.0,can_tent6_s2,can,tent6,2,5.449044466018677,0.5082869152106224,1.7012774050235748
25000,0.1177154612727463,-6.333977222442627,29.98603391647339,0.5801662802696228,0.6285676211118698,0.1729910783469677,-0.3500138148665428,0.0,can_tent6_s2,can,tent6,2,6.333977222442627,0.5115263622213428,1.427528440952301
30000,0.10570855148136611,-5.8176188468933105,17.22388973236084,0.5877517342567444,0.6449241876602173,0.1823102742433548,-0.33734362721443173,0.0,can_tent6_s2,can,tent6,2,5.8176188468933105,0.5289611502892746,1.2518354177474975
35000,0.09714171169325705,-6.302205801010132,7.87730348110199,0.5807370543479919,0.6363154053688049,0.1735491119325161,-0.3449803814291954,0.0,can_tent6_s2,can,tent6,2,6.302205801010132,0.5183449353919926,1.173753947019577
40000,0.09377470090985295,-5.6656880378723145,5.8755651116371155,0.5839510858058929,0.6491423696279526,0.180803582072258,-0.35041540861129755,0.0,can_tent6_s2,can,tent6,2,5.6656880378723145,0.5466873403866805,1.098625659942627
45000,0.0934001174755394,-5.990854263305664,4.639336943626404,0.5876441448926926,0.6418735980987549,0.1818847768008709,-0.338362380862236,0.0,can_tent6_s2,can,tent6,2,5.990854263305664,0.553167098698585,1.0616981387138367
50000,0.0908509348519146,-5.719203948974609,8.41297161579132,0.5865095853805542,0.6451708525419235,0.1797572635114193,-0.354605033993721,0.0,can_tent6_s2,can,tent6,2,5.719203948974609,0.561650629677925,1.0371099412441254
55000,0.08391716126352544,-5.7347108125686646,5.449145317077637,0.5879871100187302,0.6364435255527496,0.1811174713075161,-0.34865516424179077,0.0,can_tent6_s2,can,tent6,2,5.7347108125686646,0.5540562029685917,0.9605504423379898
60000,0.07782182574272149,-5.793312454223633,-3.6320180177688597,0.5861888408660889,0.6438165187835694,0.18002232909202576,-0.34616550207138064,0.0,can_tent6_s2,can,tent6,2,5.793312454223633,0.5596315045586169,0.8899888873100281
65000,0.07474832618609065,-6.003134489059448,-9.75278127193451,0.5832068771123886,0.6403063386678696,0.1772461012005806,-0.3545489013195038,0.0,can_tent6_s2,can,tent6,2,6.003134489059448,0.5495101053228257,0.8751654028892517
70000,0.07365842200815673,-5.8597307205200195,-10.813849925994873,0.5853847414255142,0.641982838511467,0.1756068728864193,-0.35565846413373947,0.0,can_tent6_s2,can,tent6,2,5.8597307205200195,0.5537319337042832,0.8589407354593277
75000,0.0746533796191215,-6.656850814819336,-14.769285202026367,0.5794754028320312,0.6135492324829102,0.1702008992433548,-0.35059455037117,0.0,can_tent6_s2,can,tent6,2,6.656850814819336,0.562056418310881,0.8291632533073425
0,0.38779074382036915,-15.211167335510254,115.95340919494629,0.5340849608182907,0.31426817551255226,0.1142229400575161,-0.2059030197560787,0.0,can_tent6_s3,can,tent6,3,15.211167335510254,0.8991385172624767,1.4657962024211884
5000,0.15723552182316775,-5.295113801956177,80.5936279296875,0.5882093906402588,0.6605710983276367,0.1811872310936451,-0.350423626601696,0.0,can_tent6_s3,can,tent6,3,5.295113801956177,0.4492196263052541,2.277907580137253
10000,0.15212149322032925,-5.975363612174988,40.81103277206421,0.5805308818817139,0.6344466358423233,0.1750837117433548,-0.35195724666118616,0.0,can_tent6_s3,can,tent6,3,5.975363612174988,0.40584001422192867,2.3389012813568115
15000,0.1342678906396031,-5.759641885757446,16.37121832370758,0.5771403759717941,0.6377722769975662,0.1673758439719677,-0.37575688958168024,0.0,can_tent6_s3,can,tent6,3,5.759641885757446,0.42630496026313974,2.0232906341552734
20000,0.11462036408483978,-5.726159691810608,4.943454921245575,0.5795113444328308,0.6384804844856262,0.1681431457400322,-0.3744115158915519,0.0,can_tent6_s3,can,tent6,3,5.726159691810608,0.46581700800484915,1.5981413424015045
25000,0.10886864308267827,-5.7215704917907715,-3.8150655329227448,0.5820200443267822,0.6476794928312302,0.177873894572258,-0.35229818522930145,0.0,can_tent6_s3,can,tent6,3,5.7215704917907715,0.4952742719766016,1.4014265537261963
30000,0.10308342993259427,-5.477001094818116,-3.6359118223190308,0.5920036911964417,0.6583710670471191,0.1869977742433548,-0.3377039670944214,0.0,can_tent6_s3,can,tent6,3,5.477001094818116,0.5285189306139448,1.2419118404388427
35000,0.0973205427639186,-6.1536033153533936,-5.9149638414382935,0.5844014585018158,0.6397668272256851,0.1792341023683548,-0.3433283343911171,0.0,can_tent6_s3,can,tent6,3,6.1536033153533936,0.5248203722461549,1.1689921915531158
40000,0.09431744059547778,-5.907316327095032,-6.435225188732147,0.5839607268571854,0.6373511254787445,0.1789550855755806,-0.3387675732374191,0.0,can_tent6_s3,can,tent6,3,5.907316327095032,0.5392444232220328,1.091477394104004
45000,0.09195999540388577,-5.3481022119522095,-6.125762224197388,0.5951394885778427,0.66010782122612,0.190499447286129,-0.3449031710624694,0.0,can_tent6_s3,can,tent6,3,5.3481022119522095,0.5603344835829023,1.0588299036026
50000,0.0915805200114846,-5.248930811882019,-8.667361736297607,0.591253012418747,0.6609589457511902,0.1879185363650322,-0.33707418292760843,0.0,can_tent6_s3,can,tent6,3,5.248930811882019,0.5730192761143602,1.019396185874939
55000,0.08841182384639973,-6.460334658622742,-8.579460263252258,0.5796070247888565,0.6303093135356903,0.1720493920147419,-0.3451748713850975,0.0,can_tent6_s3,can,tent6,3,6.460334658622742,0.5490875157214791,1.0107249021530151
60000,0.08624057590961451,-5.987531661987305,-12.624743270874024,0.5845967054367065,0.6355289816856384,0.18219867050647737,-0.3430295646190643,0.0,can_tent6_s3,can,tent6,3,5.987531661987305,0.5613541526636935,0.9602573156356812
65000,0.08352194093167778,-5.933015704154968,-12.90109896659851,0.5865989327430725,0.6437815725803375,0.1804896853864193,-0.3444608524441719,0.0,can_tent6_s3,can,tent6,3,5.933015704154968,0.5527663378028402,0.9603271335363388
70000,0.07982968576252455,-5.670313000679016,-15.847780227661133,0.583761915564537,0.6493397653102875,0.1788155771791935,-0.3441824540495872,0.0,can_tent6_s3,can,tent6,3,5.670313000679016,0.5548998234563329,0.9184147715568542
75000,0.0782856833189726,-5.103130340576172,-20.19049835205078,0.5966106653213501,0.660362958908081,0.1897321492433548,-0.3490188717842102,0.0,can_tent6_s3,can,tent6,3,5.103130340576172,0.5565135870643626,0.9161752462387084
0,0.3764783170074224,,,,,,,,can_warmup_s1,can,warmup,1,,,
5000,0.10336600989103312,,,,,,,,can_warmup_s1,can,warmup,1,,,
10000,0.07592737283557648,,,,,,,,can_warmup_s1,can,warmup,1,,,
15000,0.07500398345291609,,,,,,,,can_warmup_s1,can,warmup,1,,,
20000,0.06621790509670968,,,,,,,,can_warmup_s1,can,warmup,1,,,
25000,0.06285398649051782,,,,,,,,can_warmup_s1,can,warmup,1,,,
30000,0.05653790153563019,,,,,,,,can_warmup_s1,can,warmup,1,,,
35000,0.051121937343850676,,,,,,,,can_warmup_s1,can,warmup,1,,,
40000,0.048596150474622776,,,,,,,,can_warmup_s1,can,warmup,1,,,
45000,0.048104318697005474,,,,,,,,can_warmup_s1,can,warmup,1,,,
50000,0.04599946057423945,,,,,,,,can_warmup_s1,can,warmup,1,,,
55000,0.04514353792183098,,,,,,,,can_warmup_s1,can,warmup,1,,,
60000,0.045082892403006516,,,,,,,,can_warmup_s1,can,warmup,1,,,
65000,0.04437065809033808,,,,,,,,can_warmup_s1,can,warmup,1,,,
70000,0.04371558097191147,,,,,,,,can_warmup_s1,can,warmup,1,,,
75000,0.043227843241766054,,,,,,,,can_warmup_s1,can,warmup,1,,,
80000,0.0423283681739121,,,,,,,,can_warmup_s1,can,warmup,1,,,
85000,0.04101319885812697,,,,,,,,can_warmup_s1,can,warmup,1,,,
90000,0.04052916456013914,,,,,,,,can_warmup_s1,can,warmup,1,,,
95000,0.0404505583457648,,,,,,,,can_warmup_s1,can,warmup,1,,,
100000,0.04103908043354746,,,,,,,,can_warmup_s1,can,warmup,1,,,
105000,0.04174374216236167,,,,,,,,can_warmup_s1,can,warmup,1,,,
110000,0.043993601528927624,,,,,,,,can_warmup_s1,can,warmup,1,,,
115000,0.04411359359510238,,,,,,,,can_warmup_s1,can,warmup,1,,,
120000,0.04279394173063335,,,,,,,,can_warmup_s1,can,warmup,1,,,
125000,0.04260728121735152,,,,,,,,can_warmup_s1,can,warmup,1,,,
130000,0.042013632208108845,,,,,,,,can_warmup_s1,can,warmup,1,,,
135000,0.04284139382652935,,,,,,,,can_warmup_s1,can,warmup,1,,,
140000,0.04304372784681615,,,,,,,,can_warmup_s1,can,warmup,1,,,
145000,0.041483462881296826,,,,,,,,can_warmup_s1,can,warmup,1,,,
150000,0.039169882936403125,,,,,,,,can_warmup_s1,can,warmup,1,,,
155000,0.03816817314364015,,,,,,,,can_warmup_s1,can,warmup,1,,,
160000,0.03847508173435924,,,,,,,,can_warmup_s1,can,warmup,1,,,
165000,0.0383103462401777,,,,,,,,can_warmup_s1,can,warmup,1,,,
170000,0.03822779664769765,,,,,,,,can_warmup_s1,can,warmup,1,,,
175000,0.03803755873814223,,,,,,,,can_warmup_s1,can,warmup,1,,,
180000,0.03788194018416102,,,,,,,,can_warmup_s1,can,warmup,1,,,
185000,0.0374483545310795,,,,,,,,can_warmup_s1,can,warmup,1,,,
190000,0.03759705055505032,,,,,,,,can_warmup_s1,can,warmup,1,,,
195000,0.03708627726882693,,,,,,,,can_warmup_s1,can,warmup,1,,,
200000,0.03690261919982728,,,,,,,,can_warmup_s1,can,warmup,1,,,
205000,0.03739643464796238,,,,,,,,can_warmup_s1,can,warmup,1,,,
210000,0.037164835585281226,,,,,,,,can_warmup_s1,can,warmup,1,,,
215000,0.0360934768803417,,,,,,,,can_warmup_s1,can,warmup,1,,,
220000,0.035713024623692004,,,,,,,,can_warmup_s1,can,warmup,1,,,
225000,0.0352162409573793,,,,,,,,can_warmup_s1,can,warmup,1,,,
230000,0.03585812766104932,,,,,,,,can_warmup_s1,can,warmup,1,,,
235000,0.036833712272346,,,,,,,,can_warmup_s1,can,warmup,1,,,
240000,0.037322922935709296,,,,,,,,can_warmup_s1,can,warmup,1,,,
245000,0.0365492051467299,,,,,,,,can_warmup_s1,can,warmup,1,,,
250000,0.036095171310007515,,,,,,,,can_warmup_s1,can,warmup,1,,,
255000,0.036556402081623626,,,,,,,,can_warmup_s1,can,warmup,1,,,
260000,0.03583871298469597,,,,,,,,can_warmup_s1,can,warmup,1,,,
265000,0.0354221115354448,,,,,,,,can_warmup_s1,can,warmup,1,,,
270000,0.035308392765000425,,,,,,,,can_warmup_s1,can,warmup,1,,,
275000,0.0352630799636244,,,,,,,,can_warmup_s1,can,warmup,1,,,
0,0.3762154316529631,,,,,,,,can_warmup_s2,can,warmup,2,,,
5000,0.10178242819383737,,,,,,,,can_warmup_s2,can,warmup,2,,,
10000,0.07854654956609006,,,,,,,,can_warmup_s2,can,warmup,2,,,
15000,0.07234971011057492,,,,,,,,can_warmup_s2,can,warmup,2,,,
20000,0.06828536977991455,,,,,,,,can_warmup_s2,can,warmup,2,,,
25000,0.0617541435640305,,,,,,,,can_warmup_s2,can,warmup,2,,,
30000,0.058771889619529186,,,,,,,,can_warmup_s2,can,warmup,2,,,
35000,0.054260567761957625,,,,,,,,can_warmup_s2,can,warmup,2,,,
40000,0.0484777936711907,,,,,,,,can_warmup_s2,can,warmup,2,,,
45000,0.04622639324516055,,,,,,,,can_warmup_s2,can,warmup,2,,,
50000,0.0469792530406266,,,,,,,,can_warmup_s2,can,warmup,2,,,
55000,0.04605983300134538,,,,,,,,can_warmup_s2,can,warmup,2,,,
60000,0.04460069745779034,,,,,,,,can_warmup_s2,can,warmup,2,,,
65000,0.04107488864101462,,,,,,,,can_warmup_s2,can,warmup,2,,,
70000,0.0405819164123386,,,,,,,,can_warmup_s2,can,warmup,2,,,
75000,0.04003013009205455,,,,,,,,can_warmup_s2,can,warmup,2,,,
80000,0.03977291374467308,,,,,,,,can_warmup_s2,can,warmup,2,,,
85000,0.04072241852991278,,,,,,,,can_warmup_s2,can,warmup,2,,,
90000,0.03960464216768736,,,,,,,,can_warmup_s2,can,warmup,2,,,
95000,0.03761783614754673,,,,,,,,can_warmup_s2,can,warmup,2,,,
100000,0.03672989006154235,,,,,,,,can_warmup_s2,can,warmup,2,,,
105000,0.03695874316617845,,,,,,,,can_warmup_s2,can,warmup,2,,,
110000,0.036656504496931974,,,,,,,,can_warmup_s2,can,warmup,2,,,
115000,0.03726324783638115,,,,,,,,can_warmup_s2,can,warmup,2,,,
120000,0.036969490302726574,,,,,,,,can_warmup_s2,can,warmup,2,,,
125000,0.03730186703614888,,,,,,,,can_warmup_s2,can,warmup,2,,,
130000,0.03718551326543088,,,,,,,,can_warmup_s2,can,warmup,2,,,
135000,0.037906004441902,,,,,,,,can_warmup_s2,can,warmup,2,,,
140000,0.0374532782938331,,,,,,,,can_warmup_s2,can,warmup,2,,,
145000,0.03675662800669665,,,,,,,,can_warmup_s2,can,warmup,2,,,
150000,0.03644280717708165,,,,,,,,can_warmup_s2,can,warmup,2,,,
155000,0.03502962971106165,,,,,,,,can_warmup_s2,can,warmup,2,,,
160000,0.0348935647681355,,,,,,,,can_warmup_s2,can,warmup,2,,,
165000,0.03452959428541355,,,,,,,,can_warmup_s2,can,warmup,2,,,
170000,0.0346312120556831,,,,,,,,can_warmup_s2,can,warmup,2,,,
175000,0.035619332175701825,,,,,,,,can_warmup_s2,can,warmup,2,,,
180000,0.03471056851558382,,,,,,,,can_warmup_s2,can,warmup,2,,,
185000,0.034295107377693,,,,,,,,can_warmup_s2,can,warmup,2,,,
190000,0.03344753727316852,,,,,,,,can_warmup_s2,can,warmup,2,,,
195000,0.032396094780415254,,,,,,,,can_warmup_s2,can,warmup,2,,,
200000,0.03183719525113698,,,,,,,,can_warmup_s2,can,warmup,2,,,
205000,0.0315637237625196,,,,,,,,can_warmup_s2,can,warmup,2,,,
210000,0.03182319449260827,,,,,,,,can_warmup_s2,can,warmup,2,,,
215000,0.031682230858132196,,,,,,,,can_warmup_s2,can,warmup,2,,,
220000,0.03131034960970276,,,,,,,,can_warmup_s2,can,warmup,2,,,
225000,0.030906297313049398,,,,,,,,can_warmup_s2,can,warmup,2,,,
230000,0.03050572052597995,,,,,,,,can_warmup_s2,can,warmup,2,,,
235000,0.03038654881529505,,,,,,,,can_warmup_s2,can,warmup,2,,,
240000,0.029982433421537252,,,,,,,,can_warmup_s2,can,warmup,2,,,
245000,0.0295966077595949,,,,,,,,can_warmup_s2,can,warmup,2,,,
250000,0.029468792192637882,,,,,,,,can_warmup_s2,can,warmup,2,,,
255000,0.0290655720047652,,,,,,,,can_warmup_s2,can,warmup,2,,,
260000,0.029539635055698427,,,,,,,,can_warmup_s2,can,warmup,2,,,
265000,0.02929043681360775,,,,,,,,can_warmup_s2,can,warmup,2,,,
270000,0.028977494779974175,,,,,,,,can_warmup_s2,can,warmup,2,,,
275000,0.0292606905102729,,,,,,,,can_warmup_s2,can,warmup,2,,,
0,0.3770689163357019,,,,,,,,can_warmup_s3,can,warmup,3,,,
5000,0.09777277670800683,,,,,,,,can_warmup_s3,can,warmup,3,,,
10000,0.07613996649160974,,,,,,,,can_warmup_s3,can,warmup,3,,,
15000,0.0752681721001863,,,,,,,,can_warmup_s3,can,warmup,3,,,
20000,0.06974668940529222,,,,,,,,can_warmup_s3,can,warmup,3,,,
25000,0.06505597308278077,,,,,,,,can_warmup_s3,can,warmup,3,,,
30000,0.06444436505436893,,,,,,,,can_warmup_s3,can,warmup,3,,,
35000,0.063247439218685,,,,,,,,can_warmup_s3,can,warmup,3,,,
40000,0.06502207266166803,,,,,,,,can_warmup_s3,can,warmup,3,,,
45000,0.06144676646217698,,,,,,,,can_warmup_s3,can,warmup,3,,,
50000,0.05819926243275397,,,,,,,,can_warmup_s3,can,warmup,3,,,
55000,0.05524466382339593,,,,,,,,can_warmup_s3,can,warmup,3,,,
60000,0.051269777342677056,,,,,,,,can_warmup_s3,can,warmup,3,,,
65000,0.0494589693844318,,,,,,,,can_warmup_s3,can,warmup,3,,,
70000,0.04818875510245555,,,,,,,,can_warmup_s3,can,warmup,3,,,
75000,0.04736297599971292,,,,,,,,can_warmup_s3,can,warmup,3,,,
80000,0.04679669258184727,,,,,,,,can_warmup_s3,can,warmup,3,,,
85000,0.04654191010631615,,,,,,,,can_warmup_s3,can,warmup,3,,,
90000,0.04638559003360565,,,,,,,,can_warmup_s3,can,warmup,3,,,
95000,0.04514492223970587,,,,,,,,can_warmup_s3,can,warmup,3,,,
100000,0.04440990318544202,,,,,,,,can_warmup_s3,can,warmup,3,,,
105000,0.044064424633979735,,,,,,,,can_warmup_s3,can,warmup,3,,,
110000,0.04355691941455005,,,,,,,,can_warmup_s3,can,warmup,3,,,
115000,0.04299072250723835,,,,,,,,can_warmup_s3,can,warmup,3,,,
120000,0.0424369356129318,,,,,,,,can_warmup_s3,can,warmup,3,,,
125000,0.04115448980592187,,,,,,,,can_warmup_s3,can,warmup,3,,,
130000,0.04067556392401452,,,,,,,,can_warmup_s3,can,warmup,3,,,
135000,0.04007881626486774,,,,,,,,can_warmup_s3,can,warmup,3,,,
140000,0.040138481184840154,,,,,,,,can_warmup_s3,can,warmup,3,,,
145000,0.0396459450013935,,,,,,,,can_warmup_s3,can,warmup,3,,,
150000,0.03948817746713752,,,,,,,,can_warmup_s3,can,warmup,3,,,
155000,0.03898302847519512,,,,,,,,can_warmup_s3,can,warmup,3,,,
160000,0.037972975429147425,,,,,,,,can_warmup_s3,can,warmup,3,,,
165000,0.037761585041880555,,,,,,,,can_warmup_s3,can,warmup,3,,,
170000,0.03798233540728685,,,,,,,,can_warmup_s3,can,warmup,3,,,
175000,0.03793817809782918,,,,,,,,can_warmup_s3,can,warmup,3,,,
180000,0.038125198474153826,,,,,,,,can_warmup_s3,can,warmup,3,,,
185000,0.037405935721471856,,,,,,,,can_warmup_s3,can,warmup,3,,,
190000,0.0374541084747761,,,,,,,,can_warmup_s3,can,warmup,3,,,
195000,0.036991187185049,,,,,,,,can_warmup_s3,can,warmup,3,,,
200000,0.03657768703997133,,,,,,,,can_warmup_s3,can,warmup,3,,,
205000,0.037081931764259876,,,,,,,,can_warmup_s3,can,warmup,3,,,
210000,0.03677666713483628,,,,,,,,can_warmup_s3,can,warmup,3,,,
215000,0.036129457829520074,,,,,,,,can_warmup_s3,can,warmup,3,,,
220000,0.0360344234388321,,,,,,,,can_warmup_s3,can,warmup,3,,,
225000,0.03525320705026384,,,,,,,,can_warmup_s3,can,warmup,3,,,
230000,0.0349013163242489,,,,,,,,can_warmup_s3,can,warmup,3,,,
235000,0.034359852829948,,,,,,,,can_warmup_s3,can,warmup,3,,,
240000,0.03420087876729665,,,,,,,,can_warmup_s3,can,warmup,3,,,
245000,0.03388097728602582,,,,,,,,can_warmup_s3,can,warmup,3,,,
250000,0.03330121659673745,,,,,,,,can_warmup_s3,can,warmup,3,,,
255000,0.03249548804014918,,,,,,,,can_warmup_s3,can,warmup,3,,,
260000,0.032644238928332875,,,,,,,,can_warmup_s3,can,warmup,3,,,
265000,0.032094044424593404,,,,,,,,can_warmup_s3,can,warmup,3,,,
270000,0.03223834820091717,,,,,,,,can_warmup_s3,can,warmup,3,,,
275000,0.0321745943278074,,,,,,,,can_warmup_s3,can,warmup,3,,,
0,0.3827800428494811,-13.881988048553467,70.47043228149414,0.542876586318016,0.3682347647845745,0.1267089918255806,-0.21838444098830223,0.0,can_warmupc_s1,can,warmupc,1,13.881988048553467,,
5000,0.11124767782166595,-1.0323405656963587,71.90921592712402,0.6150780618190765,0.7765170037746429,0.2235630676150322,-0.38278811424970627,0.0,can_warmupc_s1,can,warmupc,1,1.0323405656963587,,
10000,0.08025624267756935,0.8314397484064102,42.79230785369873,0.6169059425592422,0.8013408482074738,0.2269112840294838,-0.4200342521071434,0.0,can_warmupc_s1,can,warmupc,1,-0.8314397484064102,,
15000,0.06700870068743822,-0.02330881357192993,18.826800107955933,0.6148646175861359,0.7915673702955246,0.2248186469078064,-0.4183831065893173,0.0,can_warmupc_s1,can,warmupc,1,0.02330881357192993,,
20000,0.06112166247330603,0.47147295624017715,-1.9729014039039612,0.61586032807827,0.7981523722410202,0.2248535230755806,-0.4225628972053528,0.0,can_warmupc_s1,can,warmupc,1,-0.47147295624017715,,
25000,0.05737792034633452,-0.20842553675174713,-12.363031387329102,0.6139276623725891,0.7907787561416626,0.223214291036129,-0.42078303545713425,0.0,can_warmupc_s1,can,warmupc,1,0.20842553675174713,,
30000,0.05353269200772044,-0.21096580624580383,-18.950877380371093,0.6119151711463928,0.7729917883872985,0.21914063394069672,-0.421453595161438,0.0,can_warmupc_s1,can,warmupc,1,0.21096580624580383,,
35000,0.04955881512723857,-1.1029611453413963,-19.41489315032959,0.6042068153619766,0.7565188407897949,0.2099609449505806,-0.4210454672574997,0.0,can_warmupc_s1,can,warmupc,1,1.1029611453413963,,
40000,0.04721367456950245,0.7170784175395966,-24.52300500869751,0.6211974024772644,0.8060947060585022,0.2329101637005806,-0.4135534837841987,0.0,can_warmupc_s1,can,warmupc,1,-0.7170784175395966,,
45000,0.04371315818279975,0.3997642546892166,-26.370253086090088,0.6181626617908478,0.7930978536605835,0.227678582072258,-0.4243937358260155,0.0,can_warmupc_s1,can,warmupc,1,-0.3997642546892166,,
50000,0.04174332609400148,-0.03467307239770887,-26.692318439483643,0.6152095794677734,0.7809273600578308,0.2219587191939354,-0.4165839850902557,0.0,can_warmupc_s1,can,warmupc,1,0.03467307239770887,,
55000,0.040957769239321304,0.20272241905331612,-26.322118282318115,0.6170063316822052,0.788982480764389,0.2250976674258709,-0.41773227602243423,0.0,can_warmupc_s1,can,warmupc,1,-0.20272241905331612,,
60000,0.0397518606856465,-0.12337489724159241,-26.91138572692871,0.6145002365112304,0.7795992612838745,0.22137278020381929,-0.4202708125114441,0.0,can_warmupc_s1,can,warmupc,1,0.12337489724159241,,
65000,0.0389498683623969,-0.005767989903688431,-28.722965717315674,0.6121011525392532,0.7830885052680969,0.2232142947614193,-0.4212976396083832,0.0,can_warmupc_s1,can,warmupc,1,0.005767989903688431,,
70000,0.039619316579774,0.15739442966878417,-27.025711059570312,0.6119278222322464,0.783098503947258,0.2193429209291935,-0.4189744219183922,0.0,can_warmupc_s1,can,warmupc,1,-0.15739442966878417,,
75000,0.0394651186652481,0.20678142458200455,-28.77421998977661,0.6149910986423492,0.7867588996887207,0.2267368994653225,-0.4211564734578132,0.0,can_warmupc_s1,can,warmupc,1,-0.20678142458200455,,
80000,0.03987308768555515,0.032206177711486816,-27.887741565704346,0.6146348118782043,0.7791075110435486,0.2227608934044838,-0.42440477013587946,0.0,can_warmupc_s1,can,warmupc,1,-0.032206177711486816,,
85000,0.0396551453042775,0.14518455415964124,-29.42907476425171,0.6162065714597702,0.7864311039447784,0.2227608896791935,-0.42550911754369736,0.0,can_warmupc_s1,can,warmupc,1,-0.14518455415964124,,
90000,0.04001344978809354,-0.11287493109703065,-29.276730728149413,0.61192227602005,0.7725361347198486,0.22131697237491607,-0.4283371090888977,0.0,can_warmupc_s1,can,warmupc,1,0.11287493109703065,,
95000,0.04013668522238725,0.15183833241462708,-28.954166412353516,0.6153544783592224,0.7859404385089874,0.2239118404686451,-0.4268854707479477,0.0,can_warmupc_s1,can,warmupc,1,-0.15183833241462708,,
100000,0.03950583375990385,0.003098510205745697,-27.527085781097416,0.6135380417108536,0.7760225534439087,0.2193080447614193,-0.42403846234083176,0.0,can_warmupc_s1,can,warmupc,1,-0.003098510205745697,,
105000,0.039446978969499426,-0.4261338040232658,-28.238227367401123,0.6096066236495972,0.7655813544988632,0.2215750701725483,-0.4194188266992569,0.0,can_warmupc_s1,can,warmupc,1,0.4261338040232658,,
110000,0.03971562851220365,0.6774731427431107,-30.449284553527832,0.6144203841686249,0.7847194671630859,0.2254464402794838,-0.4289819002151489,0.0,can_warmupc_s1,can,warmupc,1,-0.6774731427431107,,
115000,0.0392609077971428,0.4509314522147179,-32.136353492736816,0.6171403527259827,0.7821335643529892,0.2278180904686451,-0.42326454818248743,0.0,can_warmupc_s1,can,warmupc,1,-0.4509314522147179,,
120000,0.0391258235275745,0.23732054531574245,-30.359374618530275,0.611062490940094,0.7758716583251953,0.22232143878936766,-0.4342871427536011,0.0,can_warmupc_s1,can,warmupc,1,-0.23732054531574245,,
0,0.38172930497676133,-14.432512521743774,71.49310684204102,0.5387353897094727,0.35752760991454124,0.120919369161129,-0.21848800405859942,0.0,can_warmupc_s2,can,warmupc,2,14.432512521743774,,
5000,0.1133798226714134,-1.664043366909027,73.06275463104248,0.610899493098259,0.7621352821588516,0.2145996205508709,-0.38319113850593567,0.0,can_warmupc_s2,can,warmupc,2,1.664043366909027,,
10000,0.08227584529668087,-0.09188512712717059,39.29845142364502,0.618743896484375,0.7958760112524033,0.2284807600080967,-0.4026937857270241,0.0,can_warmupc_s2,can,warmupc,2,0.09188512712717059,,
15000,0.0615054896101355,-0.22206388413906097,6.52894289791584,0.6169400364160538,0.7876315861940384,0.2235630713403225,-0.41159431636333466,0.0,can_warmupc_s2,can,warmupc,2,0.22206388413906097,,
20000,0.055878932587802375,-0.742723748087883,-12.142246842384338,0.613225981593132,0.7748748809099197,0.2177036926150322,-0.4039131626486778,0.0,can_warmupc_s2,can,warmupc,2,0.742723748087883,,
25000,0.05300621739588672,0.22193938121199597,-21.65407705307007,0.6140162795782089,0.7955676168203354,0.224993035197258,-0.4275677800178528,0.0,can_warmupc_s2,can,warmupc,2,-0.22193938121199597,,
30000,0.0508274376392364,0.4694020450115204,-24.65589599609375,0.6165502548217774,0.7986912250518798,0.2310267984867096,-0.4153467357158661,0.0,can_warmupc_s2,can,warmupc,2,-0.4694020450115204,,
35000,0.048703346913680404,0.5388025268912315,-29.330094814300537,0.6243023425340652,0.8083657920360565,0.2322126254439354,-0.4033733755350113,0.0,can_warmupc_s2,can,warmupc,2,-0.5388025268912315,,
40000,0.04821086600422855,0.09735913202166556,-28.08004665374756,0.6171287447214127,0.7947105169296265,0.225725457072258,-0.4142292737960815,0.0,can_warmupc_s2,can,warmupc,2,-0.09735913202166556,,
45000,0.046651122998446176,0.2530752792954445,-28.737037181854248,0.6197342425584793,0.7931733280420303,0.2282714955508709,-0.4152061864733696,0.0,can_warmupc_s2,can,warmupc,2,-0.2530752792954445,,
50000,0.0452287998050451,-0.16649053618311882,-28.197371006011963,0.6146126538515091,0.7832446247339249,0.2233886830508709,-0.413388654589653,0.0,can_warmupc_s2,can,warmupc,2,0.16649053618311882,,
55000,0.04410707945935425,-0.29188813641667366,-30.408932209014893,0.6149345934391022,0.7788386642932892,0.225306935608387,-0.41289696097373957,0.0,can_warmupc_s2,can,warmupc,2,0.29188813641667366,,
60000,0.04325854051858184,0.3210093587636948,-31.726520156860353,0.617492949962616,0.7957926034927368,0.22876675426959991,-0.412727552652359,0.0,can_warmupc_s2,can,warmupc,2,-0.3210093587636948,,
65000,0.0428411294240504,0.18363383039832112,-31.175882816314697,0.6185278743505478,0.7902966737747192,0.2280273549258709,-0.40670670568943024,0.0,can_warmupc_s2,can,warmupc,2,-0.18363383039832112,,
70000,0.04233304196968672,0.15911387279629705,-34.52601432800293,0.6147801727056503,0.7870768308639526,0.2230747900903225,-0.42482513934373856,0.0,can_warmupc_s2,can,warmupc,2,-0.15911387279629705,,
75000,0.042516980692744226,0.10458422824740408,-34.30391454696655,0.6169420480728149,0.7845629155635834,0.2254115603864193,-0.4133340120315552,0.0,can_warmupc_s2,can,warmupc,2,-0.10458422824740408,,
80000,0.04127315646037452,0.25459873676300054,-32.38338041305542,0.6159929633140564,0.7779247760772705,0.2270507924258709,-0.4177469760179519,0.0,can_warmupc_s2,can,warmupc,2,-0.25459873676300054,,
85000,0.03955402905121437,0.3215244710445404,-33.84943628311157,0.6205030530691147,0.789858266711235,0.2275041937828064,-0.409424141049385,0.0,can_warmupc_s2,can,warmupc,2,-0.3215244710445404,,
90000,0.03931901305913919,0.25526055693626404,-32.16433258056641,0.6170248746871948,0.7816795706748962,0.22871094644069673,-0.4148039698600769,0.0,can_warmupc_s2,can,warmupc,2,-0.25526055693626404,,
95000,0.0382603689562529,0.6062107309699059,-31.81809663772583,0.6159408092498779,0.7957368642091751,0.2313755713403225,-0.41742176562547684,0.0,can_warmupc_s2,can,warmupc,2,-0.6062107309699059,,
100000,0.038240954279899576,0.20358307659626007,-31.23297882080078,0.6154811978340149,0.7806201577186584,0.2258649654686451,-0.4191280975937843,0.0,can_warmupc_s2,can,warmupc,2,-0.20358307659626007,,
105000,0.0379908927250653,-0.07491095736622802,-30.69330072402954,0.6124253123998642,0.7709817737340927,0.2245745062828064,-0.41633808612823486,0.0,can_warmupc_s2,can,warmupc,2,0.07491095736622802,,
110000,0.03729693451896307,0.03309017419815066,-31.012450218200684,0.6131537556648254,0.7713492512702942,0.2204241193830967,-0.42078436911106104,0.0,can_warmupc_s2,can,warmupc,2,-0.03309017419815066,,
115000,0.03792258473113175,0.3478604033589363,-32.52548599243164,0.6183933764696121,0.7881150990724564,0.2268415279686451,-0.4190947413444519,0.0,can_warmupc_s2,can,warmupc,2,-0.3478604033589363,,
120000,0.03691336579620832,-0.19820696711540223,-30.132920837402345,0.6130979776382446,0.7725595593452453,0.22273996472358704,-0.4203638195991516,0.0,can_warmupc_s2,can,warmupc,2,0.19820696711540223,,
0,0.3813234658911824,-14.65046763420105,72.82372283935547,0.538920596241951,0.33595393039286137,0.1185825951397419,-0.2145532816648483,0.0,can_warmupc_s3,can,warmupc,3,14.65046763420105,,
5000,0.10863372227177023,-0.6425006035715342,64.60763931274414,0.6167967170476913,0.7908028215169907,0.2233886793255806,-0.3856075257062912,0.0,can_warmupc_s3,can,warmupc,3,0.6425006035715342,,
10000,0.08566152518615122,0.6708454508334398,32.59690999984741,0.6200856268405914,0.8074670135974884,0.2294921986758709,-0.4231709614396095,0.0,can_warmupc_s3,can,warmupc,3,-0.6708454508334398,,
15000,0.0780581191182136,0.2755473405122757,18.42936611175537,0.6178932338953018,0.794764444231987,0.227190300822258,-0.41676201671361923,0.0,can_warmupc_s3,can,warmupc,3,-0.2755473405122757,,
20000,0.07477305755019184,1.1410379819571972,11.427037000656128,0.6239800304174423,0.8190727829933167,0.2343401350080967,-0.42409244179725647,0.0,can_warmupc_s3,can,warmupc,3,-1.1410379819571972,,
25000,0.06385660558007655,0.9141836613416672,-0.372710257768631,0.6210204660892487,0.8105891346931458,0.2298060953617096,-0.4322361648082733,0.0,can_warmupc_s3,can,warmupc,3,-0.9141836613416672,,
30000,0.05703642979264254,-0.07818540334701538,-10.195713233947753,0.6137190461158752,0.7934708595275879,0.226116082072258,-0.4173324048519135,0.0,can_warmupc_s3,can,warmupc,3,0.07818540334701538,,
35000,0.052468020329251824,0.41260116919875145,-17.082621574401855,0.6180819571018219,0.7954459339380264,0.2309919185936451,-0.42450395226478577,0.0,can_warmupc_s3,can,warmupc,3,-0.41260116919875145,,
40000,0.05058504655025895,-0.19514987245202067,-17.606602430343628,0.6131375581026077,0.7785601764917374,0.2174944281578064,-0.4264996200799942,0.0,can_warmupc_s3,can,warmupc,3,0.19514987245202067,,
45000,0.04949158658273515,0.41614996641874313,-22.295182704925537,0.6204628050327301,0.8022137433290482,0.2299107238650322,-0.42998921126127243,0.0,can_warmupc_s3,can,warmupc,3,-0.41614996641874313,,
50000,0.04745308351702983,0.048355184495449136,-21.453452587127686,0.616772010922432,0.7880609333515167,0.2248186431825161,-0.42127011716365814,0.0,can_warmupc_s3,can,warmupc,3,-0.048355184495449136,,
55000,0.04597379518672823,-0.11238141357898714,-24.101336002349854,0.6145206838846207,0.7892523109912872,0.2214704342186451,-0.42307572811841965,0.0,can_warmupc_s3,can,warmupc,3,0.11238141357898714,,
60000,0.04398025229573246,0.12101729512214665,-24.982942581176758,0.6170913815498352,0.7962783336639404,0.22354911863803864,-0.42549646496772764,0.0,can_warmupc_s3,can,warmupc,3,-0.12101729512214665,,
65000,0.04417587714269752,0.9057318568229675,-28.326323986053467,0.6226687133312225,0.8088730573654175,0.2333635687828064,-0.4175878167152405,0.0,can_warmupc_s3,can,warmupc,3,-0.9057318568229675,,
70000,0.041584930615499546,0.37610291689634323,-29.46334218978882,0.6136800348758698,0.7886072546243668,0.2192034162580967,-0.4280628636479377,0.0,can_warmupc_s3,can,warmupc,3,-0.37610291689634323,,
75000,0.040908844862133226,0.24748116359114644,-28.673112392425537,0.6142348647117615,0.7793028205633163,0.2211565375328064,-0.4358530938625335,0.0,can_warmupc_s3,can,warmupc,3,-0.24748116359114644,,
80000,0.03872884847223752,-0.07625305652618408,-29.59709930419922,0.6150888949632645,0.7777068614959717,0.2242257334291935,-0.42078080773353577,0.0,can_warmupc_s3,can,warmupc,3,0.07625305652618408,,
85000,0.039365455508232075,-0.33611106500029564,-30.7246732711792,0.6128959953784943,0.77067431807518,0.2179478332400322,-0.4294343516230583,0.0,can_warmupc_s3,can,warmupc,3,0.33611106500029564,,
90000,0.03943505693227048,-0.304288911819458,-29.832931518554688,0.6135374188423157,0.7711777091026306,0.2181919753551483,-0.426689213514328,0.0,can_warmupc_s3,can,warmupc,3,0.304288911819458,,
95000,0.03745287596248085,0.6859553903341292,-30.101351737976074,0.6162752956151962,0.7897780686616898,0.2253069281578064,-0.4352283924818039,0.0,can_warmupc_s3,can,warmupc,3,-0.6859553903341292,,
100000,0.037129918532445974,0.15698771178722387,-28.730515480041504,0.6152925193309784,0.7799106985330582,0.2225865088403225,-0.43382272869348526,0.0,can_warmupc_s3,can,warmupc,3,-0.15698771178722387,,
105000,0.03645366872660812,0.0781438872218132,-31.096985816955566,0.6153856515884399,0.7820053547620773,0.2263532467186451,-0.4257710427045822,0.0,can_warmupc_s3,can,warmupc,3,-0.0781438872218132,,
110000,0.036109381821006446,0.1727115511894226,-31.808470249176025,0.6137512028217316,0.7795190811157227,0.2209821529686451,-0.4308602437376976,0.0,can_warmupc_s3,can,warmupc,3,-0.1727115511894226,,
115000,0.037019787868484796,0.3271120637655258,-33.507437229156494,0.6175908744335175,0.7848345041275024,0.221261166036129,-0.43565133959054947,0.0,can_warmupc_s3,can,warmupc,3,-0.3271120637655258,,
120000,0.0362745857238769,-0.15345502495765687,-31.226179122924805,0.6135738968849183,0.7721158504486084,0.22307479083538057,-0.42753465175628663,0.0,can_warmupc_s3,can,warmupc,3,0.15345502495765687,,
0,0.3545009550948938,-12.957881927490234,139.8855412801107,0.5590548316637675,0.4051012694835663,0.14169457803169885,-0.20715755224227905,0.0,square_baseline_s1,square,baseline,1,12.957881927490234,,
5000,0.12721740392347178,0.979933500289917,111.71652221679688,0.6185391743977865,0.8179506262143453,0.2313988208770752,-0.4206930299599965,0.0,square_baseline_s1,square,baseline,1,-0.979933500289917,,
10000,0.15984869028131163,1.5739846428235371,85.56824493408203,0.61866561571757,0.8179842432339987,0.23088728388150534,-0.434439758459727,0.0,square_baseline_s1,square,baseline,1,-1.5739846428235371,,
15000,0.18031877353787418,1.402143398920695,107.06333414713542,0.6194514433542887,0.8291968703269958,0.24200149873892465,-0.3987288773059845,0.0,square_baseline_s1,square,baseline,1,-1.402143398920695,,
20000,0.19732185030976931,0.5717332661151885,138.42160288492838,0.6142128507296244,0.8042784134546915,0.22777159015337625,-0.421746422847112,0.0,square_baseline_s1,square,baseline,1,-0.5717332661151885,,
25000,0.19784960548082978,1.0953730940818787,168.8075714111328,0.6233851710955302,0.8301704525947571,0.238374263048172,-0.40239469210306805,0.0,square_baseline_s1,square,baseline,1,-1.0953730940818787,,
30000,0.21157354066769277,-0.11353262265523274,212.7427012125651,0.6110060612360636,0.7866219480832418,0.22154018779595694,-0.4058927794297536,0.0,square_baseline_s1,square,baseline,1,0.11353262265523274,,
35000,0.21704801867405568,0.4502565066019694,251.09591674804688,0.6237050493558248,0.8170740405718485,0.23609561721483865,-0.3863238990306854,0.0,square_baseline_s1,square,baseline,1,-0.4502565066019694,,
40000,0.21645532995462413,0.25797962397336965,284.7281036376953,0.6204251050949097,0.8113734573125839,0.2345842719078064,-0.3866277411580086,0.0,square_baseline_s1,square,baseline,1,-0.25797962397336965,,
45000,0.21990223253766691,-0.2624731461207072,314.08811442057294,0.6196076472600301,0.7948996225992838,0.22888765732447305,-0.3735140562057495,0.0,square_baseline_s1,square,baseline,1,0.2624731461207072,,
50000,0.22600524673859276,-0.35813939571380615,334.77854410807294,0.6164347529411316,0.7997961242993673,0.22958520551522574,-0.38316010435422254,0.0,square_baseline_s1,square,baseline,1,0.35813939571380615,,
55000,0.24578412150343254,0.9026685953140259,345.3860778808594,0.6196732521057129,0.8136054873466492,0.23460752268632254,-0.3999799092610677,0.0,square_baseline_s1,square,baseline,1,-0.9026685953140259,,
60000,0.25772640605767566,0.634308914343516,367.87115478515625,0.6176899075508118,0.8144073486328125,0.23628162841002145,-0.39392674962679547,0.0,square_baseline_s1,square,baseline,1,-0.634308914343516,,
65000,0.25664704094330465,0.24980774521827698,374.70582071940106,0.6189513603846232,0.8042221069335938,0.2323753833770752,-0.3884192109107971,0.0,square_baseline_s1,square,baseline,1,-0.24980774521827698,,
70000,0.2465324429174264,0.45942912499109895,387.01080322265625,0.6203867793083191,0.8000697294871012,0.234468013048172,-0.38797447085380554,0.0,square_baseline_s1,square,baseline,1,-0.45942912499109895,,
75000,0.22814915527900057,-0.039201428492863975,358.630859375,0.6156031688054403,0.7949785788853964,0.2280971109867096,-0.3937662144502004,0.0,square_baseline_s1,square,baseline,1,0.039201428492863975,,
80000,0.20304865259677168,1.14833202958107,334.7965545654297,0.622654065489769,0.8195588886737823,0.241978257894516,-0.4031689316034317,0.0,square_baseline_s1,square,baseline,1,-1.14833202958107,,
85000,0.19505568121870354,0.3242162764072418,304.51458740234375,0.6176124215126038,0.7974725763003031,0.22995722790559134,-0.40399280190467834,0.0,square_baseline_s1,square,baseline,1,-0.3242162764072418,,
90000,0.1850417129695415,1.2574108044306438,271.06638590494794,0.6212712327639262,0.816034734249115,0.2360956221818924,-0.4116433461507161,0.0,square_baseline_s1,square,baseline,1,-1.2574108044306438,,
95000,0.18018585915366803,-0.10520171125729878,248.76195271809897,0.6187828779220581,0.7925242980321249,0.22819011410077414,-0.403907299041748,0.0,square_baseline_s1,square,baseline,1,0.10520171125729878,,
100000,0.18183241014679272,-0.24399482210477189,231.15087890625,0.6148712237675985,0.795210043589274,0.22758557895819345,-0.39941004912058514,0.0,square_baseline_s1,square,baseline,1,0.24399482210477189,,
105000,0.17307562977075575,-0.5355309844017029,200.93408203125,0.6155280470848083,0.788756271203359,0.22609748442967734,-0.3959881166617076,0.0,square_baseline_s1,square,baseline,1,0.5355309844017029,,
110000,0.17186680560310674,-0.3322464277346929,185.68547566731772,0.6147982676823934,0.7854862809181213,0.22312129537264505,-0.4063983559608459,0.0,square_baseline_s1,square,baseline,1,0.3322464277346929,,
115000,0.1674356959760189,0.16829887777566913,167.29471588134766,0.6178927421569824,0.7948168814182281,0.2300502359867096,-0.4024731516838074,0.0,square_baseline_s1,square,baseline,1,-0.16829887777566913,,
0,0.355395508557558,-12.938451766967773,140.53557586669922,0.5475215911865234,0.380919374525547,0.131928950548172,-0.2305908898512522,0.0,square_baseline_s2,square,baseline,2,12.938451766967773,,
5000,0.13269094154238695,0.4921686251958211,122.12849426269531,0.6121437549591064,0.7968184947967529,0.21451823910077414,-0.45347775022188813,0.0,square_baseline_s2,square,baseline,2,-0.4921686251958211,,
10000,0.1844949329892794,1.6434489488601685,112.2682113647461,0.6207507451375326,0.8254218697547913,0.23316592971483865,-0.4262283841768901,0.0,square_baseline_s2,square,baseline,2,-1.6434489488601685,,
15000,0.20778674458463983,1.4240975379943848,131.7720514933268,0.6175856590270996,0.8183145125706991,0.23135231932004294,-0.42118842403093976,0.0,square_baseline_s2,square,baseline,2,-1.4240975379943848,,
20000,0.2122070856392383,1.6901641289393108,181.52503458658853,0.6169676582018534,0.8217157522837321,0.23149182895819345,-0.42413262526194256,0.0,square_baseline_s2,square,baseline,2,-1.6901641289393108,,
25000,0.2327072568237781,0.5666161874930064,258.80035909016925,0.6185729503631592,0.8130635221799215,0.2342820018529892,-0.38729970653851825,0.0,square_baseline_s2,square,baseline,2,-0.5666161874930064,,
30000,0.25799386799335483,0.2716093957424164,317.8004659016927,0.6170637408892313,0.8050010402997335,0.23330544432004294,-0.3946205973625183,0.0,square_baseline_s2,square,baseline,2,-0.2716093957424164,,
35000,0.2670931165417035,-0.6143670876820883,377.0305989583333,0.612933357556661,0.7826218008995056,0.22349331279595694,-0.38203051686286926,0.0,square_baseline_s2,square,baseline,2,0.6143670876820883,,
40000,0.2759455263614654,0.1693035215139389,444.02400970458984,0.617629736661911,0.8081758320331573,0.2326311469078064,-0.39067183434963226,0.0,square_baseline_s2,square,baseline,2,-0.1693035215139389,,
45000,0.2827147682507833,0.22397339344024655,475.3480631510417,0.61616051197052,0.799639364083608,0.23163133362929025,-0.38624603549639386,0.0,square_baseline_s2,square,baseline,2,-0.22397339344024655,,
50000,0.2949983363350232,0.11060895522435514,505.8518981933594,0.6169656912485758,0.7992566227912903,0.23339844743410745,-0.39043716589609784,0.0,square_baseline_s2,square,baseline,2,-0.11060895522435514,,
55000,0.3040361891190211,-0.08264356851577759,543.73828125,0.6130784352620443,0.7884701689084371,0.22409785290559134,-0.39919930696487427,0.0,square_baseline_s2,square,baseline,2,0.08264356851577759,,
60000,0.3092211291193962,0.47435981035232544,558.7063802083334,0.6187784671783447,0.7930788000424703,0.23191035290559134,-0.4002424677213033,0.0,square_baseline_s2,square,baseline,2,-0.47435981035232544,,
65000,0.32472578386465706,0.6435968180497488,552.4433390299479,0.6166202425956726,0.8036977052688599,0.23088728884855905,-0.4096844295660655,0.0,square_baseline_s2,square,baseline,2,-0.6435968180497488,,
70000,0.3295786162217458,0.9640323122342428,608.0420939127604,0.6171344121297201,0.8052136699358622,0.2327474057674408,-0.4111216465632121,0.0,square_baseline_s2,square,baseline,2,-0.9640323122342428,,
75000,0.3327911744515101,0.2615445653597514,619.566650390625,0.6152056256930033,0.7908955613772074,0.22953869899113974,-0.39591293533643085,0.0,square_baseline_s2,square,baseline,2,-0.2615445653597514,,
80000,0.31551065482199186,0.7844008170068264,661.4584503173828,0.6187132447957993,0.8062102645635605,0.2335379533469677,-0.4096634164452553,0.0,square_baseline_s2,square,baseline,2,-0.7844008170068264,,
85000,0.3051962907115618,-0.14170165856679282,657.5937906901041,0.6143783529599508,0.7871739665667216,0.22581846018632254,-0.398616502682368,0.0,square_baseline_s2,square,baseline,2,0.14170165856679282,,
90000,0.29936069995164866,-0.16549030939737955,608.8723551432291,0.6120696067810059,0.7854319214820862,0.22600447634855905,-0.4043899476528167,0.0,square_baseline_s2,square,baseline,2,0.16549030939737955,,
95000,0.29202810327212014,-0.014030973116556803,584.2423095703125,0.6137743790944418,0.7851048509279887,0.2251209169626236,-0.40951789418856294,0.0,square_baseline_s2,square,baseline,2,0.014030973116556803,,
100000,0.2758379603425662,-1.0151683886845906,557.9822591145834,0.6070851484934489,0.7668707569440206,0.2193080484867096,-0.4073055883248647,0.0,square_baseline_s2,square,baseline,2,1.0151683886845906,,
105000,0.24789574767152467,-0.6095487475395203,513.7210693359375,0.6120690504709879,0.770485003789266,0.2176804393529892,-0.4141976237297058,0.0,square_baseline_s2,square,baseline,2,0.6095487475395203,,
110000,0.22392484173178673,0.2552868326505025,471.86875406901044,0.6163920958836874,0.7879579067230225,0.22498140732447305,-0.4141511221726735,0.0,square_baseline_s2,square,baseline,2,-0.2552868326505025,,
115000,0.20246859751641744,0.23778970539569855,425.55137634277344,0.617603212594986,0.7848697304725647,0.224748894572258,-0.4240549802780151,0.0,square_baseline_s2,square,baseline,2,-0.23778970539569855,,
0,0.35463568642735477,-13.377766609191895,133.08215840657553,0.5493980447451273,0.3732249513268471,0.13606771578391394,-0.2042986502250035,0.0,square_baseline_s3,square,baseline,3,13.377766609191895,,
5000,0.1308564492811759,0.8697021802266439,107.55242919921875,0.6224544445673624,0.8009856144587199,0.2387462854385376,-0.3858964641888936,0.0,square_baseline_s3,square,baseline,3,-0.8697021802266439,,
10000,0.1646225286026795,1.2228137751420338,89.5488510131836,0.6160046060880026,0.8181211749712626,0.2312128096818924,-0.4375072121620178,0.0,square_baseline_s3,square,baseline,3,-1.2228137751420338,,
15000,0.19065433715780578,1.1697492202123005,111.64054361979167,0.6143659551938375,0.8061108787854513,0.22302828232447305,-0.4358074963092804,0.0,square_baseline_s3,square,baseline,3,-1.1697492202123005,,
20000,0.20167945871750512,-0.31987422704696655,150.8449910481771,0.6128394405047098,0.782370368639628,0.22321429351965585,-0.4058214823404948,0.0,square_baseline_s3,square,baseline,3,0.31987422704696655,,
25000,0.20771128560105956,0.44785610834757494,208.76337687174473,0.6142748991648356,0.7956085006395975,0.2285156399011612,-0.4085896909236908,0.0,square_baseline_s3,square,baseline,3,-0.44785610834757494,,
30000,0.21617694248755767,0.5075900008281072,255.1062215169271,0.6178862651189169,0.8073426485061646,0.23218936721483865,-0.3992736339569092,0.0,square_baseline_s3,square,baseline,3,-0.5075900008281072,,
35000,0.22220860496163364,0.6579994757970175,287.6925557454427,0.6160731712977091,0.8087213635444641,0.22921318312486014,-0.41167805592219037,0.0,square_baseline_s3,square,baseline,3,-0.6579994757970175,,
40000,0.22529984284192317,1.47413906827569,311.3134231567383,0.6249124705791473,0.8261913806200027,0.2438964918255806,-0.40657839179039,0.0,square_baseline_s3,square,baseline,3,-1.47413906827569,,
45000,0.23871826231479643,1.1495946447054546,348.0377705891927,0.6226740479469299,0.8190458218256632,0.23553758362929025,-0.40880779425303143,0.0,square_baseline_s3,square,baseline,3,-1.1495946447054546,,
50000,0.2637620940804481,0.6882854700088501,393.4388427734375,0.6233253081639608,0.8195513884226481,0.23986235757668814,-0.3983403742313385,0.0,square_baseline_s3,square,baseline,3,-0.6882854700088501,,
55000,0.2797739719351133,0.44902541240056354,426.46543375651044,0.6200087467829386,0.8062902887662252,0.234561026096344,-0.3929554323355357,0.0,square_baseline_s3,square,baseline,3,-0.44902541240056354,,
60000,0.2862281133731206,-0.46571289499600727,487.6841125488281,0.6098953088124593,0.7799146175384521,0.2196800708770752,-0.4050786296526591,0.0,square_baseline_s3,square,baseline,3,0.46571289499600727,,
65000,0.292663836479187,1.4688431819279988,510.0963948567708,0.622192362944285,0.8218048413594564,0.23581660787264505,-0.41667166352272034,0.0,square_baseline_s3,square,baseline,3,-1.4688431819279988,,
70000,0.29450430075327555,0.9782066941261292,542.4074503580729,0.6188008189201355,0.8074263135592142,0.23130581279595694,-0.42057127753893536,0.0,square_baseline_s3,square,baseline,3,-0.9782066941261292,,
75000,0.2766945029298464,0.41951799392700195,547.0963338216146,0.6161171396573385,0.797212541103363,0.22391184171040854,-0.4085269371668498,0.0,square_baseline_s3,square,baseline,3,-0.41951799392700195,,
80000,0.2546101603657007,0.5131861716508865,513.1046600341797,0.6173758208751678,0.7938624322414398,0.2245745100080967,-0.418131984770298,0.0,square_baseline_s3,square,baseline,3,-0.5131861716508865,,
85000,0.2446972193817297,-0.02516418695449829,491.4721374511719,0.6160342295964559,0.7865225275357565,0.22502791384855905,-0.41167237361272174,0.0,square_baseline_s3,square,baseline,3,0.02516418695449829,,
90000,0.22727153152227397,-0.2828936030467351,473.2647196451823,0.6168714761734009,0.7824937303860983,0.22209822138150534,-0.4159722924232483,0.0,square_baseline_s3,square,baseline,3,0.2828936030467351,,
95000,0.20857531552513434,0.8480700254440308,427.18304443359375,0.6170368393262228,0.797499398390452,0.2291666716337204,-0.4358477791150411,0.0,square_baseline_s3,square,baseline,3,-0.8480700254440308,,
100000,0.19633336961269376,0.27625922362009686,369.7261047363281,0.6168240507443746,0.7952539523442587,0.22958520551522574,-0.4250136911869049,0.0,square_baseline_s3,square,baseline,3,-0.27625922362009686,,
105000,0.1776395298540592,0.6464375654856364,337.5068359375,0.6153034766515096,0.7980212569236755,0.22739956279595694,-0.4300012985865275,0.0,square_baseline_s3,square,baseline,3,-0.6464375654856364,,
110000,0.16446069280306494,-0.009997134407361366,288.08922322591144,0.614080548286438,0.7897510131200155,0.22121467192967734,-0.4268319308757782,0.0,square_baseline_s3,square,baseline,3,0.009997134407361366,,
115000,0.1594249870628118,-0.45380720496177673,252.87151336669922,0.616226464509964,0.7750106155872345,0.2215401902794838,-0.41752326488494873,0.0,square_baseline_s3,square,baseline,3,0.45380720496177673,,
0,0.355662869165341,-13.300240516662596,128.61688995361328,0.5525552233060201,0.3749416495362918,0.1349516436457634,-0.2199386358261108,0.0,square_baseline_s4,square,baseline,4,13.300240516662596,0.6990836888436608,1.9575657447179158
5000,0.12720842200020943,0.6451934178670249,86.19857533772786,0.6194901863733927,0.7912865479787191,0.2273995578289032,-0.4017988940080007,0.0,square_baseline_s4,square,baseline,4,-0.6451934178670249,0.29920170524378054,3.1562159856160483
10000,0.17308537289500234,0.9638856947422028,80.34031931559245,0.6100102663040161,0.7961713075637817,0.2182849794626236,-0.4563720027605693,0.0,square_baseline_s4,square,baseline,4,-0.9638856947422028,0.3436122433195991,3.9198140303293862
15000,0.21110824694236116,1.371090551217397,117.00471750895183,0.614222009976705,0.8080016175905863,0.22874814768632254,-0.42759939034779865,0.0,square_baseline_s4,square,baseline,4,-1.371090551217397,0.3728596865207911,4.233452479044597
20000,0.22907293811440463,0.2648549675941467,191.2303721110026,0.6166154742240906,0.7924638986587524,0.2309802919626236,-0.3859827121098836,0.0,square_baseline_s4,square,baseline,4,-0.2648549675941467,0.42125273876725916,3.8522674242655435
25000,0.23722314238548278,1.2077368299166362,262.9886423746745,0.6174889008204142,0.8094407916069031,0.23842077453931174,-0.3990354041258494,0.0,square_baseline_s4,square,baseline,4,-1.2077368299166362,0.4478300051849064,3.843902587890625
30000,0.2575052422781785,0.6683758596579233,345.6019999186198,0.6195678313573202,0.8114818334579468,0.23163133362929025,-0.3990574578444163,0.0,square_baseline_s4,square,baseline,4,-0.6683758596579233,0.47571333603747995,3.9677186012268066
35000,0.28485476622978845,0.06729992230733235,412.5221455891927,0.6173161069552103,0.7999450961748759,0.2363281399011612,-0.3816043635209401,0.0,square_baseline_s4,square,baseline,4,-0.06729992230733235,0.46051713625526575,4.433636506398519
40000,0.3097292955964803,0.40742258727550507,511.18749237060547,0.6188285499811172,0.800322636961937,0.2327706553041935,-0.38345813751220703,0.0,square_baseline_s4,square,baseline,4,-0.40742258727550507,0.47571824578018473,4.651948094367981
45000,0.33715986212094623,-0.1052970439195633,595.5304565429688,0.6152840455373129,0.7880478501319885,0.23102679351965585,-0.3833004732926686,0.0,square_baseline_s4,square,baseline,4,0.1052970439195633,0.4895757203164075,4.885468165079753
50000,0.3579522003730138,0.038090129693349205,657.3441162109375,0.6197248299916586,0.7984413703282675,0.2319103479385376,-0.3874449034531911,0.0,square_baseline_s4,square,baseline,4,-0.038090129693349205,0.4868824336383164,5.34532372156779
55000,0.36261084328095117,0.15133202075958255,728.4054158528646,0.6174790660540262,0.788384735584259,0.2311663031578064,-0.3935607473055522,0.0,square_baseline_s4,square,baseline,4,-0.15133202075958255,0.48598568052804203,5.358871618906657
60000,0.36399668753147124,0.17750602960586548,788.1489868164062,0.618261992931366,0.7908144195874532,0.23014323910077414,-0.3924839993317922,0.0,square_baseline_s4,square,baseline,4,-0.17750602960586548,0.48410876357982496,5.422774950663249
65000,0.40122762968142817,1.339475154876709,851.156005859375,0.6239229838053385,0.8186037341753641,0.24279205004374185,-0.40079166491826373,0.0,square_baseline_s4,square,baseline,4,-1.339475154876709,0.4932354253261355,5.9906379381815595
70000,0.4165979827443758,0.16203685601552328,890.8485514322916,0.6137126882870992,0.7936867674191793,0.2265625149011612,-0.39681289593378705,0.0,square_baseline_s4,square,baseline,4,-0.16203685601552328,0.46676262732444895,6.491594632466634
75000,0.38738972196976346,0.06695738434791565,957.4910278320312,0.6125567754109701,0.7845407525698344,0.22600447138150534,-0.39023421208063763,0.0,square_baseline_s4,square,baseline,4,-0.06695738434791565,0.46616488324475225,5.903467178344727
80000,0.3736738685518503,0.9841515719890594,977.1000823974609,0.6196645796298981,0.8138274103403091,0.2363281399011612,-0.40207234770059586,0.0,square_baseline_s4,square,baseline,4,-0.9841515719890594,0.4771664393456896,5.812496304512024
85000,0.39898273746172586,-0.5301712155342102,979.6474609375,0.6134538849194845,0.7789106965065002,0.2229352742433548,-0.38658082485198975,0.0,square_baseline_s4,square,baseline,4,0.5301712155342102,0.4503300574620181,6.312422116597493
90000,0.39465763767560325,0.7906327744325002,944.3121337890625,0.6198407212893168,0.7986246546109518,0.23284040888150534,-0.3997438947359721,0.0,square_baseline_s4,square,baseline,4,-0.7906327744325002,0.4592266642325535,6.27743403116862
95000,0.4015645901362101,0.2041448950767517,947.7790323893229,0.6192790865898132,0.8051729798316956,0.23172434171040854,-0.4010203778743744,0.0,square_baseline_s4,square,baseline,4,-0.2041448950767517,0.4856594730200343,6.158907254536946
100000,0.42140668779611584,0.13121077418327332,968.6439208984375,0.6203983227411906,0.7966940999031067,0.23367746671040854,-0.39546767870585126,0.0,square_baseline_s4,square,baseline,4,-0.13121077418327332,0.47849995477065943,6.44509220123291
105000,0.4450686593850453,0.23994718988736471,993.5914713541666,0.6208802262941996,0.8009933630625407,0.2321893721818924,-0.39598318934440613,0.0,square_baseline_s4,square,baseline,4,-0.23994718988736471,0.475995018935099,6.871681531270345
110000,0.4457549522320429,-0.5190852681795756,1046.8928833007812,0.6187078158060709,0.7851157188415527,0.22632999221483865,-0.3967247207959492,0.0,square_baseline_s4,square,baseline,4,0.5190852681795756,0.49147525508007367,6.656743208567302
115000,0.44003803282976145,0.2856580466032028,1048.3017578125,0.6205629706382751,0.8069293200969696,0.2342355027794838,-0.4035179913043976,0.0,square_baseline_s4,square,baseline,4,-0.2856580466032028,0.4830759376784171,6.79750394821167
0,0.3549914988378684,-13.216256141662598,131.0024846394857,0.5526810089747111,0.39625245829423267,0.13746280471483865,-0.20712894201278684,0.0,square_baseline_s5,square,baseline,5,13.216256141662598,0.7159268478426289,1.9211455186208088
5000,0.11978870940705137,-0.5529670317967733,92.99805704752605,0.6109352707862854,0.7759245236714681,0.22270276645819345,-0.3826697866121928,0.0,square_baseline_s5,square,baseline,5,0.5529670317967733,0.30777733736376256,2.7955774466196694
10000,0.14695740267634386,1.854169324040413,70.27083587646484,0.6186250448226929,0.820262591044108,0.229631707072258,-0.4432461659113565,0.0,square_baseline_s5,square,baseline,5,-1.854169324040413,0.33264069887967,3.444556474685669
15000,0.18841247409582138,0.8871196607748666,87.22596232096355,0.618906557559967,0.8236757715543112,0.2304222583770752,-0.41253875692685443,0.0,square_baseline_s5,square,baseline,5,-0.8871196607748666,0.3874972730937367,3.6947402954101562
20000,0.20377729212244353,0.8637602925300598,127.09023793538411,0.6188320318857828,0.8167784015337626,0.22893416384855905,-0.4145284791787465,0.0,square_baseline_s5,square,baseline,5,-0.8637602925300598,0.44245756254419866,3.4636480808258057
25000,0.2104383406539758,0.1097258379062017,177.69234720865884,0.6174719134966532,0.8062633872032166,0.2302362471818924,-0.3974739611148834,0.0,square_baseline_s5,square,baseline,5,-0.1097258379062017,0.4505069799304047,3.468120574951172
30000,0.2250958075126012,0.8230510155359904,234.22832234700522,0.615454375743866,0.8076171080271403,0.22712054351965585,-0.3977078894774119,0.0,square_baseline_s5,square,baseline,5,-0.8230510155359904,0.4589444234193312,3.576224168141683
35000,0.2556976094841957,0.6937502225240072,282.1103922526042,0.6230603257815043,0.816962738831838,0.2380022406578064,-0.3818060060342153,0.0,square_baseline_s5,square,baseline,5,-0.6937502225240072,0.4629289325763821,4.036230723063151
40000,0.2774443831294775,-0.10883423686027524,357.6607971191406,0.6182960718870163,0.7980996966362,0.2309919185936451,-0.3952055498957634,0.0,square_baseline_s5,square,baseline,5,0.10883423686027524,0.49404231147948935,4.1449466943740845
45000,0.28360579361518223,-0.22136640548706055,422.0356038411458,0.6205670436223348,0.7944046457608541,0.2301897406578064,-0.38836972912152606,0.0,square_baseline_s5,square,baseline,5,0.22136640548706055,0.4826745438649747,4.237432638804118
50000,0.2853294680515925,0.6516304165124893,443.5790201822917,0.6210057139396667,0.8123082121213278,0.23539807399113974,-0.4033099313577016,0.0,square_baseline_s5,square,baseline,5,-0.6516304165124893,0.47673124971636605,4.448809782663981
55000,0.3050252462426821,0.7363984485467275,457.0647277832031,0.6232064366340637,0.8152025938034058,0.23851377268632254,-0.39061715205510456,0.0,square_baseline_s5,square,baseline,5,-0.7363984485467275,0.47444252814117166,4.748096942901611
60000,0.311905175447464,0.3376389841238658,510.30063883463544,0.6167639295260111,0.8054188291231791,0.225725457072258,-0.4004662930965423,0.0,square_baseline_s5,square,baseline,5,-0.3376389841238658,0.48549631623540895,4.774022579193115
65000,0.31597856879234315,-0.3088076412677765,539.3024698893229,0.617664655049642,0.7838411927223206,0.22270276149113974,-0.39895762006441754,0.0,square_baseline_s5,square,baseline,5,0.3088076412677765,0.47723331202716324,4.843162377675374
70000,0.3120762715737025,-0.02817281087239587,555.3531901041666,0.616786777973175,0.7945669492085775,0.2292131781578064,-0.4030527373154958,0.0,square_baseline_s5,square,baseline,5,0.02817281087239587,0.49588643591007586,4.66426436106364
75000,0.3135284061233203,0.7651024858156839,543.7593383789062,0.6264610091845194,0.8212997515996298,0.244326651096344,-0.39012133081754047,0.0,square_baseline_s5,square,baseline,5,-0.7651024858156839,0.492579452631768,4.73769744237264
80000,0.31375155523419374,0.39797762781381607,572.7608337402344,0.622445359826088,0.8022665232419968,0.2310267984867096,-0.40007738769054413,0.0,square_baseline_s5,square,baseline,5,-0.39797762781381607,0.4832297065336235,4.7881587743759155
85000,0.3153258050481478,-0.04093575477600098,568.7978108723959,0.62130735317866,0.7961858510971069,0.2333054393529892,-0.3928114374478658,0.0,square_baseline_s5,square,baseline,5,0.04093575477600098,0.46235866245361096,4.982753912607829
90000,0.3118068700035413,0.6753535171349844,558.6283772786459,0.6253168980280558,0.8220833341280619,0.2353515774011612,-0.40448294083277386,0.0,square_baseline_s5,square,baseline,5,-0.6753535171349844,0.46088030206207103,5.152458508809407
95000,0.3213704496622085,-0.2899661759535472,575.12353515625,0.6182844440142313,0.790782610575358,0.22521392504374185,-0.40698274970054626,0.0,square_baseline_s5,square,baseline,5,0.2899661759535472,0.5005483039631272,4.782854715983073
100000,0.32813331832488374,0.4247326999902725,558.1352132161459,0.6227579514185587,0.8113884925842285,0.23325894276301065,-0.4043166935443878,0.0,square_baseline_s5,square,baseline,5,-0.4247326999902725,0.49452848213132644,4.985062599182129
105000,0.3401350811123847,-0.09380665421485901,581.9453938802084,0.62088014682134,0.8004696766535441,0.22837612529595694,-0.41172018647193903,0.0,square_baseline_s5,square,baseline,5,0.09380665421485901,0.47974055301274654,5.323876857757568
110000,0.3439426968495051,-0.24764557679494223,596.2108357747396,0.6174576878547668,0.7921240329742432,0.22502791384855905,-0.41122276584307355,0.0,square_baseline_s5,square,baseline,5,0.24764557679494223,0.4828763936857243,5.32815424601237
115000,0.34038386717438696,-0.24896305799484253,606.1833801269531,0.6191065013408661,0.7953970730304718,0.2239815965294838,-0.40899538993835444,0.0,square_baseline_s5,square,baseline,5,0.24896305799484253,0.46482640018030236,5.488551616668701
0,0.3648825046916802,-10.918656984965006,21.987993240356445,0.5656836231549581,0.4892687698205312,0.1547154113650322,-0.24563375612099958,0.0,square_calql_s1,square,calql,1,10.918656984965006,0.6308628921248559,2.4202728271484375
5000,0.13577246069908136,-1.800967534383138,82.14651234944661,0.6086774468421936,0.7546704014142355,0.21740142007668814,-0.37407683332761127,0.0,square_calql_s1,square,calql,1,1.800967534383138,0.49859663472365173,1.887534260749817
10000,0.14049875413378077,0.08763451377550759,111.89233144124348,0.6178125143051147,0.7972113887468973,0.2321428656578064,-0.38582343856493634,0.0,square_calql_s1,square,calql,1,-0.08763451377550759,0.5018499994026471,2.022623856862386
15000,0.14866231530904767,-0.7501590847969055,132.04505411783853,0.6162664691607157,0.7770600318908691,0.2265160083770752,-0.3681238790353139,0.0,square_calql_s1,square,calql,1,0.7501590847969055,0.4835388146476824,2.152440150578817
20000,0.16309477662046745,-0.19033495585123697,153.66736857096353,0.6192219257354736,0.8050286769866943,0.23200335601965585,-0.37919501463572186,0.0,square_calql_s1,square,calql,1,0.19033495585123697,0.5091585447708473,2.339015165964762
25000,0.17583421717087422,0.8461981614430746,188.0435791015625,0.6281106869379679,0.8208814660708109,0.24604726334412894,-0.37575089931488037,0.0,square_calql_s1,square,calql,1,-0.8461981614430746,0.5309275609212892,2.411832888921102
30000,0.18685376942157741,1.1436978379885356,215.82008361816406,0.6229983965555826,0.8274983366330465,0.2409319281578064,-0.3842614491780599,0.0,square_calql_s1,square,calql,1,-1.1436978379885356,0.511370794050325,2.67704447110494
35000,0.2007115689416726,0.29044550657272333,249.02833048502603,0.6218405564626058,0.8107168873151144,0.2397693544626236,-0.383495291074117,0.0,square_calql_s1,square,calql,1,-0.29044550657272333,0.4993329019136071,2.9333419799804688
40000,0.2198991326615214,0.03115437924861908,290.47593688964844,0.6185793280601501,0.7990222722291946,0.2344098873436451,-0.37369130551815033,0.0,square_calql_s1,square,calql,1,-0.03115437924861908,0.5095130525270748,3.0818285942077637
45000,0.2325873938699563,-0.1803939988215764,330.2629801432292,0.6186730066935221,0.8011261224746704,0.23302642504374185,-0.3792981406052907,0.0,square_calql_s1,square,calql,1,0.1803939988215764,0.5083738256238769,3.316377639770508
50000,0.24998122925559674,-0.1397462288538615,369.4713541666667,0.6153158148129781,0.7855331103006998,0.2249349057674408,-0.391845703125,0.0,square_calql_s1,square,calql,1,0.1397462288538615,0.5153040615334653,3.487858454386393
55000,0.2720321724812189,-0.02885571618874864,400.5598551432292,0.6171916325887045,0.7966407537460327,0.23005023101965585,-0.3863345682621002,0.0,square_calql_s1,square,calql,1,0.02885571618874864,0.510372470010508,3.8512865702311196
60000,0.28729469676812486,0.28650349378585815,454.6432596842448,0.6227063735326132,0.7983712951342264,0.23674666384855905,-0.3818332652250926,0.0,square_calql_s1,square,calql,1,-0.28650349378585815,0.5256652975419462,3.930036783218384
65000,0.29898896316687257,0.2178651144107183,489.4617614746094,0.6204963525136312,0.8012697696685791,0.237490713596344,-0.3792453706264496,0.0,square_calql_s1,square,calql,1,-0.2178651144107183,0.5163240695194826,4.187096357345581
70000,0.3099566424886385,0.4188143213589986,535.8572794596354,0.6212221582730612,0.8131904403368632,0.2343285083770752,-0.3897036115328471,0.0,square_calql_s1,square,calql,1,-0.4188143213589986,0.48981889394670547,4.685466925303142
75000,0.31512287060419714,0.8520742654800415,583.6927897135416,0.6274231473604838,0.8112970590591431,0.24055991073449454,-0.39217673738797504,0.0,square_calql_s1,square,calql,1,-0.8520742654800415,0.4944768334382906,4.692529837290446
80000,0.31701943973700203,0.49397869904836017,584.2620646158854,0.6217193802197775,0.8045812447865804,0.23516556123892465,-0.3935093581676483,0.0,square_calql_s1,square,calql,1,-0.49397869904836017,0.4892167536200312,4.751612027486165
85000,0.3241737201809883,-0.2648897469043732,635.8990478515625,0.617730955282847,0.792933980623881,0.22660901149113974,-0.3985150158405304,0.0,square_calql_s1,square,calql,1,0.2648897469043732,0.4939454245536927,4.856599013010661
90000,0.31580152710278825,0.17840802669525146,645.5428263346354,0.6209238171577454,0.8022473255793253,0.23042225341002145,-0.4029274880886078,0.0,square_calql_s1,square,calql,1,-0.17840802669525146,0.47905849124406236,4.919090588887532
95000,0.33720614239573476,0.21101167798042297,663.4749755859375,0.6214306801557541,0.796588808298111,0.2327009029686451,-0.4008807241916656,0.0,square_calql_s1,square,calql,1,-0.21101167798042297,0.48392157526697205,5.128563046455383
100000,0.34351550489664073,0.41964258750279737,691.9954427083334,0.62156081199646,0.8083233634630839,0.2324218899011612,-0.4051203926404317,0.0,square_calql_s1,square,calql,1,-0.41964258750279737,0.4958732978157674,5.208822250366211
105000,0.33591895202795663,-0.009330372015635172,697.9930826822916,0.6202112038930258,0.7984835902849833,0.229585200548172,-0.4083276093006134,0.0,square_calql_s1,square,calql,1,0.009330372015635172,0.48412505746177187,5.18876854578654
110000,0.3260044927398364,-0.8034509420394897,708.2665201822916,0.6156452099482218,0.7702290018399557,0.22484190265337625,-0.3966003656387329,0.0,square_calql_s1,square,calql,1,0.8034509420394897,0.47602651936333995,4.9465640385945635
115000,0.31217910796403886,0.24332375824451447,685.2079772949219,0.6200371384620667,0.8003520965576172,0.2280273586511612,-0.412779688835144,0.0,square_calql_s1,square,calql,1,-0.24332375824451447,0.4817460572502411,4.8625807762146
0,0.36075016583005587,-11.877707481384277,39.03101396560669,0.5562605063120524,0.4580109516779582,0.14332217971483865,-0.24111800392468766,0.0,square_calql_s2,square,calql,2,11.877707481384277,0.619426049150119,2.250760078430176
5000,0.14061161031325656,-0.08349132537841795,103.70474243164062,0.622976541519165,0.8021052281061808,0.23344494899113974,-0.3832046687602997,0.0,square_calql_s2,square,calql,2,0.08349132537841795,0.5014143746453498,2.0375704367955527
10000,0.15640055735905964,-0.24656213074922562,165.41075642903647,0.6148650447527567,0.7880471348762512,0.22307478388150534,-0.3949551085631053,0.0,square_calql_s2,square,calql,2,0.24656213074922562,0.5040645147513216,2.2353898684183755
15000,0.16728080188234642,0.2701635460058848,214.3804473876953,0.621517539024353,0.8034459551175436,0.2317708432674408,-0.39275099833806354,0.0,square_calql_s2,square,calql,2,-0.2701635460058848,0.4999929787239992,2.4505186080932617
20000,0.1777433186769485,0.7920390069484711,257.45375569661456,0.6218195756276449,0.8220857977867126,0.2380022406578064,-0.3906477987766266,0.0,square_calql_s2,square,calql,2,-0.7920390069484711,0.49315262782050656,2.672827959060669
25000,0.20075582265853878,0.1048771242300669,325.41977945963544,0.6141335368156433,0.7919840017954508,0.22753907243410745,-0.4022153715292613,0.0,square_calql_s2,square,calql,2,-0.1048771242300669,0.49119786337613464,3.0036540826161704
30000,0.20982513253887491,-1.0459716121355693,394.6327209472656,0.6127371390660604,0.773749828338623,0.22126116851965585,-0.38735292355219525,0.0,square_calql_s2,square,calql,2,1.0459716121355693,0.48672089829910953,3.1058427492777505
35000,0.21756874521573386,-0.0687817037105561,427.36217244466144,0.6175933082898458,0.7998807827631632,0.23088728884855905,-0.3923329810301463,0.0,square_calql_s2,square,calql,2,0.0687817037105561,0.4910294589231629,3.255100647608439
40000,0.2230441559106111,-0.39001260697841644,458.4706039428711,0.6168496161699295,0.7915922701358795,0.2283412516117096,-0.3912500292062759,0.0,square_calql_s2,square,calql,2,0.39001260697841644,0.5006967441412524,3.244606614112854
45000,0.22680503229300175,-0.17044643064339957,487.46776326497394,0.6144813497861227,0.7884456713994344,0.222795769572258,-0.39758822321891785,0.0,square_calql_s2,square,calql,2,0.17044643064339957,0.49278825201998083,3.3589083353678384
50000,0.2324941024184227,1.0061269799868267,487.5288492838542,0.6213378111521403,0.811186671257019,0.23553758362929025,-0.39354953169822693,0.0,square_calql_s2,square,calql,2,-1.0061269799868267,0.4734895350563681,3.599671125411987
55000,0.23518770361940058,-0.05291035771369934,497.09401448567706,0.6172093351682028,0.788772722085317,0.22972471018632254,-0.38396116097768146,0.0,square_calql_s2,square,calql,2,0.05291035771369934,0.49057056028044094,3.4508565266927085
60000,0.2330507946511109,0.3967516819636027,495.63890584309894,0.6170682311058044,0.8007899522781372,0.2333054393529892,-0.39975855747858685,0.0,square_calql_s2,square,calql,2,-0.3967516819636027,0.480001464092682,3.6003526051839194
65000,0.24458978027105335,0.3832857608795166,507.7382303873698,0.6170999606450399,0.7997912764549255,0.2323753833770752,-0.4010839362939198,0.0,square_calql_s2,square,calql,2,-0.3832857608795166,0.4682926834094703,3.879586617151896
70000,0.24543464084466293,0.30211249987284344,517.5079549153646,0.6163840492566427,0.801741381486257,0.22502791384855905,-0.4125279486179352,0.0,square_calql_s2,square,calql,2,-0.30211249987284344,0.470501394520534,3.960005044937134
75000,0.24597615351279575,0.23214324315388998,500.4541829427083,0.6160635948181152,0.7961175839106241,0.2253534346818924,-0.4075855215390523,0.0,square_calql_s2,square,calql,2,-0.23214324315388998,0.46225556047163513,3.9974241256713867
80000,0.2609127769867579,0.3223144660393397,492.6123962402344,0.6169164975484213,0.8007822632789612,0.22916667660077414,-0.4063694973786672,0.0,square_calql_s2,square,calql,2,-0.3223144660393397,0.4558724164928625,4.288447380065918
85000,0.2673440580566724,0.1309893603126208,519.4789225260416,0.6165775259335836,0.7925726970036825,0.2235863208770752,-0.41786035895347595,0.0,square_calql_s2,square,calql,2,-0.1309893603126208,0.47436287651779274,4.250069618225098
90000,0.27208537012338635,-1.0226284861564636,539.9891967773438,0.6082913478215536,0.7672101457913717,0.21563430627187094,-0.41062504053115845,0.0,square_calql_s2,square,calql,2,1.0226284861564636,0.46124888268964953,4.366034507751465
95000,0.2859017983078956,0.6010090038180351,515.9261169433594,0.6198045164346695,0.800590917468071,0.2323172576725483,-0.41408301144838333,0.0,square_calql_s2,square,calql,2,-0.6010090038180351,0.48061626225130205,4.4563597440719604
100000,0.2986032312115033,0.26679420471191406,538.2343953450521,0.62013840675354,0.8057351112365723,0.2265160083770752,-0.41394434372584016,0.0,square_calql_s2,square,calql,2,-0.26679420471191406,0.4872910032765137,4.682700157165527
105000,0.3059039284785588,-0.3414810995260875,536.2530517578125,0.6134258111317953,0.7794361710548401,0.22014509638150534,-0.41866807142893475,0.0,square_calql_s2,square,calql,2,0.3414810995260875,0.47611691953045443,4.819223403930664
110000,0.3143417765696843,0.15897889931996664,526.3548075358073,0.6187232136726379,0.7956000963846842,0.2303757518529892,-0.4113827447096507,0.0,square_calql_s2,square,calql,2,-0.15897889931996664,0.46834728440400153,5.055411020914714
115000,0.3267921112477779,0.4359455704689026,563.9301147460938,0.6192037463188171,0.804301917552948,0.2284458801150322,-0.42438212037086487,0.0,square_calql_s2,square,calql,2,-0.4359455704689026,0.4628315171170136,5.403351783752441
0,0.3624325844148794,-10.925986448923746,29.90287176767985,0.5629231135050455,0.4912999173005422,0.14885603139797846,-0.24982987344264984,0.0,square_calql_s3,square,calql,3,10.925986448923746,0.6064792348166952,2.5212177435557046
5000,0.13851069062948224,0.3774047295252483,96.86473592122395,0.6228784521420797,0.8126961390177408,0.23423550029595694,-0.3839726150035858,0.0,square_calql_s3,square,calql,3,-0.3774047295252483,0.5290234154701158,1.9064247608184814
10000,0.13514219125111893,-0.1209611296653747,136.7197469075521,0.6187666853268942,0.8026330868403116,0.22981772323449454,-0.3943736056486766,0.0,square_calql_s3,square,calql,3,0.1209611296653747,0.5399155534149694,1.8571491638819377
15000,0.14570701097448666,0.8188484311103821,154.94393920898438,0.6236711144447327,0.819032351175944,0.2366071492433548,-0.39179935057957965,0.0,square_calql_s3,square,calql,3,-0.8188484311103821,0.5167612460497392,2.076959212621053
20000,0.15000798702239984,0.5076917956272761,206.19880167643228,0.623060405254364,0.8071997364362081,0.23697918156782785,-0.3925739328066508,0.0,square_calql_s3,square,calql,3,-0.5076917956272761,0.5200613097669101,2.1095531781514487
25000,0.15798838883638378,-0.14667750398317975,234.22309366861978,0.6161949237187704,0.7886940240859985,0.22744606932004294,-0.3951745629310608,0.0,square_calql_s3,square,calql,3,0.14667750398317975,0.5149623059534393,2.230172077814738
30000,0.1754161474605401,0.45240969955921173,265.15992228190106,0.6238930424054464,0.8061862587928772,0.23563059171040854,-0.37832359472910565,0.0,square_calql_s3,square,calql,3,-0.45240969955921173,0.501482870073371,2.512648820877075
35000,0.1896819099783897,-1.1481130123138428,306.2918294270833,0.610545833905538,0.7672632336616516,0.22521392504374185,-0.3733251591523488,0.0,square_calql_s3,square,calql,3,1.1481130123138428,0.4784229439026739,2.7575642267862954
40000,0.2043486824259162,-0.04328863322734827,344.26963806152344,0.6181956231594086,0.79390649497509,0.2316545844078064,-0.38503208011388773,0.0,square_calql_s3,square,calql,3,0.04328863322734827,0.5009595281306116,2.930232346057892
45000,0.2148430752257506,-0.34896490971247346,378.75121053059894,0.6137929757436117,0.7889296611150106,0.22963171203931174,-0.38532887895901996,0.0,square_calql_s3,square,calql,3,0.34896490971247346,0.4771906078724137,3.2609452406565347
50000,0.21739004055658973,-0.42691216866175336,399.90528361002606,0.6171895066897074,0.7867250839869181,0.23111980656782785,-0.3887709478537242,0.0,square_calql_s3,square,calql,3,0.42691216866175336,0.496009875569849,3.164780855178833
55000,0.21741846849521,-0.5283702413241068,419.9267272949219,0.6134153008460999,0.7795233130455017,0.22274926801522574,-0.3959334095319112,0.0,square_calql_s3,square,calql,3,0.5283702413241068,0.4678981362686281,3.382795969645182
60000,0.22110154256224632,0.21239113807678223,434.67554728190106,0.6161110599835714,0.794567346572876,0.22702754040559134,-0.40582558512687683,0.0,square_calql_s3,square,calql,3,-0.21239113807678223,0.45946234463042684,3.5446904500325522
65000,0.23808416674534474,0.5709597567717234,437.7338053385417,0.6165264050165812,0.8093977173169454,0.231584832072258,-0.4076191186904907,0.0,square_calql_s3,square,calql,3,-0.5709597567717234,0.47520792227688813,3.7563509146372476
70000,0.24428117399414373,1.0357126593589783,488.2014872233073,0.6225269635518392,0.8183795213699341,0.23274740080038706,-0.41014114022254944,0.0,square_calql_s3,square,calql,3,-1.0357126593589783,0.4815525538426981,3.8140436808268228
75000,0.2482859174410502,0.3234309752782187,511.6373697916667,0.6164027055104574,0.8015639980634054,0.22986421982447305,-0.4091816842556,0.0,square_calql_s3,square,calql,3,-0.3234309752782187,0.4643480788964731,4.004961649576823
80000,0.2541340067982673,0.2619179089864096,514.9881998697916,0.615033765633901,0.7949870228767395,0.22670202453931174,-0.41081281503041583,0.0,square_calql_s3,square,calql,3,-0.2619179089864096,0.47125708352311957,4.021164178848267
85000,0.24811542083819704,0.3525249163309733,532.8801066080729,0.6171014507611593,0.7935680548350016,0.2280506044626236,-0.4084364076455434,0.0,square_calql_s3,square,calql,3,-0.3525249163309733,0.4616937164273048,3.9834022521972656
90000,0.24353714287281028,0.18763463695844015,545.3508911132812,0.6162947018941244,0.804376502831777,0.2278645932674408,-0.4146125614643097,0.0,square_calql_s3,square,calql,3,-0.18763463695844015,0.4607376477577734,4.021226406097412
95000,0.24286130685359236,-0.4506436586380005,544.8547668457031,0.6097029596567154,0.7782083302736282,0.223039910197258,-0.41376329213380814,0.0,square_calql_s3,square,calql,3,0.4506436586380005,0.4628178579568822,3.9069422483444214
100000,0.23759385620554285,0.17330739895502725,531.4489135742188,0.6157213846842448,0.7921388745307922,0.22372583051522574,-0.42833982904752094,0.0,square_calql_s3,square,calql,3,-0.17330739895502725,0.46091343404102686,3.9515358606974282
105000,0.2239481762051582,0.48862943053245544,503.91815185546875,0.6183770298957825,0.8056098024050394,0.23149182895819345,-0.4230543871720632,0.0,square_calql_s3,square,calql,3,-0.48862943053245544,0.4610400799021907,3.7108871936798096
110000,0.21198023458321888,-0.684534509976705,484.5676676432292,0.6134640574455261,0.7645696798960367,0.21549480160077414,-0.4194331069787343,0.0,square_calql_s3,square,calql,3,0.684534509976705,0.4391298872117771,3.556175470352173
115000,0.21150970123708246,-0.9747955799102782,470.3127136230469,0.6099404096603394,0.757329523563385,0.2103794738650322,-0.4261295348405838,0.0,square_calql_s3,square,calql,3,0.9747955799102782,0.4546092446792963,3.461923837661743
0,0.36286106308301286,-11.39807907740275,16.207306543986004,0.5627158880233765,0.47999199231465656,0.14220611254374185,-0.25106436510880786,0.0,square_cql_s1,square,cql,1,11.39807907740275,0.6296879264829033,2.4062438011169434
5000,0.14669658541679376,-0.9884852319955826,82.18421427408855,0.6139498353004456,0.7837284207344055,0.22247024873892465,-0.3867853383223216,0.0,square_cql_s1,square,cql,1,0.9884852319955826,0.5044425661567595,2.1111580530802407
10000,0.15546608840425802,-0.011685878038406372,127.93691507975261,0.616967519124349,0.802281896273295,0.22623698910077414,-0.39772034684817,0.0,square_cql_s1,square,cql,1,0.011685878038406372,0.5080704355871067,2.271876573562622
15000,0.1679644554853439,1.0020739436149597,180.0812225341797,0.6223462820053101,0.8134116133054098,0.23921132584412894,-0.3958734969298045,0.0,square_cql_s1,square,cql,1,-1.0020739436149597,0.5013647412390855,2.4610973993937173
20000,0.181295587370793,0.07525521516799927,220.0587412516276,0.61760942141215,0.7996693849563599,0.23423550526301065,-0.38433100779851276,0.0,square_cql_s1,square,cql,1,-0.07525521516799927,0.5026663619520867,2.615384817123413
25000,0.20201185544331865,0.5216925044854482,266.6237080891927,0.6199550827344259,0.8134627342224121,0.23046875993410745,-0.3996259868144989,0.0,square_cql_s1,square,cql,1,-0.5216925044854482,0.4938280484879767,3.0437674522399902
30000,0.21429910138249397,1.0740432341893513,281.96045939127606,0.621599038441976,0.8177019357681274,0.23358445862929025,-0.4025680522123973,0.0,square_cql_s1,square,cql,1,-1.0740432341893513,0.5057884903014621,3.1467412312825522
35000,0.22701962192853287,-0.5520744820435842,312.3060709635417,0.614464282989502,0.7904803156852722,0.2284691333770752,-0.3892696698506673,0.0,square_cql_s1,square,cql,1,0.5520744820435842,0.49072040512499954,3.3940616448720298
40000,0.24040378909558052,0.1517066210508346,353.1131820678711,0.618136078119278,0.7970875054597855,0.2306431457400322,-0.3945643827319145,0.0,square_cql_s1,square,cql,1,-0.1517066210508346,0.5034071717104724,3.491973042488098
45000,0.24957672307888665,-0.05444981654485067,418.01465861002606,0.616717517375946,0.7909050981203715,0.22865513960520426,-0.3990512192249298,0.0,square_cql_s1,square,cql,1,0.05444981654485067,0.5073604660475759,3.5911592642466226
50000,0.24742941955725348,1.2768414815266926,417.5627746582031,0.6220259467760721,0.8179383873939514,0.23665366073449454,-0.41022757689158124,0.0,square_cql_s1,square,cql,1,-1.2768414815266926,0.48351018441987775,3.8459362188975015
55000,0.24947105099757508,0.8575932383537292,427.2470703125,0.6179081598917643,0.8010973135630289,0.2321893721818924,-0.4131758213043213,0.0,square_cql_s1,square,cql,1,-0.8575932383537292,0.4858751964585765,3.803207000096639
60000,0.2573493843277295,0.5584445496400197,431.3157043457031,0.6183973352114359,0.8017768065134684,0.22949219743410745,-0.40758756796518963,0.0,square_cql_s1,square,cql,1,-0.5584445496400197,0.48029513413055774,3.9776928424835205
65000,0.2763828282554944,-0.340582807858785,469.9125264485677,0.6109874248504639,0.7867190440495809,0.21772694091002145,-0.4091644883155823,0.0,square_cql_s1,square,cql,1,0.340582807858785,0.4926592018016515,4.186421712239583
70000,0.28630930384000136,-0.8189717382192612,493.5513102213542,0.6121716499328613,0.7699517210324606,0.2162853479385376,-0.399060199658076,0.0,square_cql_s1,square,cql,1,0.8189717382192612,0.47917404758753906,4.331363201141357
75000,0.2906179611881574,0.2357665499051412,498.80910237630206,0.6159918705622355,0.7992977698644003,0.23321243623892465,-0.4069716235001882,0.0,square_cql_s1,square,cql,1,-0.2357665499051412,0.4741905839195639,4.60171381632487
80000,0.3075005824367205,0.6728702386220297,526.71533203125,0.6245914300282797,0.8100278178850809,0.23693267504374185,-0.4028325080871582,0.0,square_cql_s1,square,cql,1,-0.6728702386220297,0.4989342605957607,4.6043314933776855
85000,0.3416105623046557,-0.9036097129185995,538.0090128580729,0.6132574478785197,0.7766908208529154,0.22177270551522574,-0.39717889825503033,0.0,square_cql_s1,square,cql,1,0.9036097129185995,0.4938787099196083,5.0425950686136884
90000,0.3624169235428174,0.5824512044588724,575.4272664388021,0.6227744023005167,0.8125809629758199,0.23256139953931174,-0.40001529455184937,0.0,square_cql_s1,square,cql,1,-0.5824512044588724,0.4972589680459629,5.4525275230407715
95000,0.4061199758201837,0.13765015453100202,649.0331115722656,0.6224598735570908,0.8022631406784058,0.2335728332400322,-0.3957505822181701,0.0,square_cql_s1,square,cql,1,-0.13765015453100202,0.4887994389650261,6.1326353549957275
100000,0.4202168350418409,0.16441884636878967,707.0571085611979,0.6173041462898254,0.7929842273394266,0.22507441540559134,-0.4146216511726379,0.0,square_cql_s1,square,cql,1,-0.16441884636878967,0.4687281710983228,6.674648443857829
105000,0.4319300949573517,0.4716693659623464,695.7828369140625,0.6210738221804301,0.8100369175275167,0.23377046982447305,-0.41338353355725604,0.0,square_cql_s1,square,cql,1,-0.4716693659623464,0.48281498560007474,6.797255357106526
110000,0.4697296783328056,0.6555463870366415,810.2589721679688,0.6242974996566772,0.8126719196637472,0.2380022406578064,-0.41314759850502014,0.0,square_cql_s1,square,cql,1,-0.6555463870366415,0.5083943106812006,7.008244514465332
115000,0.4751006282866001,-0.06240156292915344,846.0624084472656,0.6184849441051483,0.7878318727016449,0.2147740051150322,-0.4192115515470505,0.0,square_cql_s1,square,cql,1,0.06240156292915344,0.47171456705671033,7.55426025390625
0,0.3638918474316597,-10.65448029836019,-3.229458808898926,0.5692357420921326,0.5013225674629211,0.1571335643529892,-0.23434116442998246,0.0,square_cql_s2,square,cql,2,10.65448029836019,0.6273110636618032,2.428577502568563
5000,0.14102063501874604,-0.7145041227340699,72.99039967854817,0.6170481244723002,0.7887354890505472,0.23060826460520426,-0.36776183048884076,0.0,square_cql_s2,square,cql,2,0.7145041227340699,0.5204716128394995,1.917593677838643
10000,0.14523827855785684,0.19658058881759635,110.45363362630208,0.6181711157162985,0.7981594602266947,0.23051526645819345,-0.39648569623629254,0.0,square_cql_s2,square,cql,2,-0.19658058881759635,0.5089756227489991,2.0887566407521567
15000,0.16441518788536383,0.12943267822265628,149.39680989583334,0.6194701194763184,0.8015726606051127,0.23070127268632254,-0.39279259244600934,0.0,square_cql_s2,square,cql,2,-0.12943267822265628,0.5027441217277574,2.3932743072509766
20000,0.18810693224271136,0.4727979401747386,196.69982401529947,0.6244853138923645,0.8078818718592325,0.23414249221483865,-0.3834342261155446,0.0,square_cql_s2,square,cql,2,-0.4727979401747386,0.526924440379312,2.5915454228719077
25000,0.2134479582309722,0.17819350957870483,237.17723592122397,0.617879331111908,0.8012558619181315,0.23270090917746225,-0.39112598697344464,0.0,square_cql_s2,square,cql,2,-0.17819350957870483,0.5103841586103949,3.047498861948649
30000,0.22166252185901003,0.3368251224358875,252.93050638834634,0.6218485037485758,0.8185458183288574,0.2391648143529892,-0.3865962326526642,0.0,square_cql_s2,square,cql,2,-0.3368251224358875,0.5253032667849681,3.1086408297220864
35000,0.26080178072055177,0.10320762793223064,313.42987060546875,0.6217684348424276,0.806550145149231,0.23284041384855905,-0.391544630130132,0.0,square_cql_s2,square,cql,2,-0.10320762793223064,0.5154041002725015,3.7366804281870523
40000,0.294803998619318,-0.05083952471613884,415.73126220703125,0.6169411092996597,0.7978151887655258,0.2301897406578064,-0.3929576203227043,0.0,square_cql_s2,square,cql,2,0.05083952471613884,0.5114298515848156,4.223728775978088
45000,0.3059147074818611,-0.06223773956298828,477.1744384765625,0.6161806583404541,0.7939449151357015,0.22502791384855905,-0.39314504464467365,0.0,square_cql_s2,square,cql,2,0.06223773956298828,0.525783904349272,4.243564605712891
50000,0.3042148734132449,0.008417745431264242,492.8718566894531,0.6149433851242065,0.7988394101460775,0.23163133362929025,-0.39609943826993305,0.0,square_cql_s2,square,cql,2,-0.008417745431264242,0.48237860963733875,4.614250024159749
55000,0.3121766805648803,-0.18206630647182465,490.15062459309894,0.6101137598355612,0.7801607648531595,0.22154018779595694,-0.4070325990517934,0.0,square_cql_s2,square,cql,2,0.18206630647182465,0.4796193306967435,4.729201793670654
60000,0.3183501536647479,0.12948043147722885,503.36865234375,0.6182999809583029,0.8012060721715292,0.2333984524011612,-0.3918141921361287,0.0,square_cql_s2,square,cql,2,-0.12948043147722885,0.48441947382864,4.792098840077718
65000,0.3273412808775902,0.31250449021657306,525.27587890625,0.6226404905319214,0.8121534784634908,0.2358631044626236,-0.3878527184327443,0.0,square_cql_s2,square,cql,2,-0.31250449021657306,0.4967431573676841,4.8287460009257
70000,0.3659870405991872,-0.9498482942581177,534.6998596191406,0.6141829490661621,0.7881707946459452,0.22312129040559134,-0.3829985558986664,0.0,square_cql_s2,square,cql,2,0.9498482942581177,0.49419945816489963,5.3710551261901855
75000,0.3884794135888417,-0.5266516208648682,533.3336791992188,0.619690477848053,0.7920234402020773,0.22693453232447305,-0.378888597091039,0.0,square_cql_s2,square,cql,2,0.5266516208648682,0.5033916110193455,5.588535785675049
80000,0.39477052340904867,-0.23233551035324732,560.5853474934896,0.6224086682001749,0.8049372831980387,0.2323753833770752,-0.381390780210495,0.0,square_cql_s2,square,cql,2,0.23233551035324732,0.48581337600919,5.940754572550456
85000,0.4355259204904238,-0.04768993457158407,573.8136596679688,0.6187959710756937,0.8011071483294169,0.22953870395819345,-0.391988068819046,0.0,square_cql_s2,square,cql,2,0.04768993457158407,0.5036662934250024,6.340597629547119
90000,0.4378383005658785,-0.3116280436515808,592.0907796223959,0.61898801724116,0.8066234588623047,0.22809710601965585,-0.39251609643300367,0.0,square_cql_s2,square,cql,2,0.3116280436515808,0.46055245312154697,7.081016540527344
95000,0.4340394604951143,0.4780955314636231,574.1797180175781,0.622020348906517,0.8057935833930969,0.2312360629439354,-0.39423224329948425,0.0,square_cql_s2,square,cql,2,-0.4780955314636231,0.48992183371036446,6.525985598564148
100000,0.4540139690041542,0.4908167322476705,600.0805460611979,0.6226455966631571,0.8130975564320883,0.2318173497915268,-0.40875070293744403,0.0,square_cql_s2,square,cql,2,-0.4908167322476705,0.4901135872755278,7.0040520032246905
105000,0.4746394177277882,-0.41518404086430866,633.5824178059896,0.6154223283131918,0.7884035507837931,0.222749263048172,-0.4044089714686076,0.0,square_cql_s2,square,cql,2,0.41518404086430866,0.48882911385552014,7.15592892964681
110000,0.4870255122582117,0.019186874230702755,655.7742513020834,0.6251324812571207,0.7977537512779236,0.2317708432674408,-0.39033342401186627,0.0,square_cql_s2,square,cql,2,-0.019186874230702755,0.4960716239724854,7.1893893877665205
115000,0.5118423774838448,-0.2694350630044937,677.9111328125,0.6198588907718658,0.7865294218063354,0.226283498108387,-0.3961627781391143,0.0,square_cql_s2,square,cql,2,0.2694350630044937,0.4831187298215823,7.72061824798584
0,0.36475875253478685,-10.799413681030273,-7.8923980593681335,0.5602894028027853,0.4923448860645294,0.15080915888150534,-0.2506457020839055,0.0,square_cql_s3,square,cql,3,10.799413681030273,0.6066237473627817,2.486486037572225
5000,0.15425420030951495,-0.1839436640342077,65.65804036458333,0.617647389570872,0.794411838054657,0.2292131781578064,-0.38713788986206055,0.0,square_cql_s3,square,cql,3,0.1839436640342077,0.49873679478623667,2.2520639896392822
10000,0.17455451066295302,0.8436210751533508,153.49917602539062,0.6218228936195374,0.8143931031227112,0.2379557341337204,-0.4017200469970703,0.0,square_cql_s3,square,cql,3,-0.8436210751533508,0.5141209887405588,2.538668235143026
15000,0.19645281508564946,0.0020989576975504742,214.34630330403647,0.6157614986101786,0.7875029047330221,0.22712054351965585,-0.3924406667550404,0.0,square_cql_s3,square,cql,3,-0.0020989576975504742,0.5062344199545242,2.809624433517456
20000,0.20891680220762884,-0.26352788011233014,269.47462972005206,0.6139159202575684,0.789222002029419,0.2250744104385376,-0.4006681839625041,0.0,square_cql_s3,square,cql,3,0.26352788011233014,0.4902676554438025,3.1389691829681396
25000,0.23598837405443188,1.018966406583786,329.9158020019531,0.6222882866859436,0.8199559052785238,0.23749070862929025,-0.4026228686173757,0.0,square_cql_s3,square,cql,3,-1.018966406583786,0.5086063181778865,3.491441090901693
30000,0.2460998460650444,0.7286981741587321,377.7187906901042,0.6161498626073202,0.8112912774085999,0.23251489301522574,-0.4048270086447398,0.0,square_cql_s3,square,cql,3,-0.7286981741587321,0.49661021556751733,3.6987666289011636
35000,0.2532075184086958,-1.1601430277029674,434.14234415690106,0.6109128594398499,0.7694802085558573,0.22135417660077414,-0.3834249675273895,0.0,square_cql_s3,square,cql,3,1.1601430277029674,0.48079463394709654,3.769993623097738
40000,0.2627205520868301,-0.29332776740193367,479.7035446166992,0.6146327257156372,0.7835815250873566,0.2256557010114193,-0.39404020458459854,0.0,square_cql_s3,square,cql,3,0.29332776740193367,0.4827267838056619,3.9467471837997437
45000,0.27367336054642993,1.27941632270813,529.3102823893229,0.6203064322471619,0.8177350560824076,0.2366536557674408,-0.4080451627572377,0.0,square_cql_s3,square,cql,3,-1.27941632270813,0.4695828079479542,4.367390950520833
50000,0.28391841202974316,-0.4640757044156392,558.3766276041666,0.6122586528460184,0.7830624580383301,0.2255394458770752,-0.40997029344240826,0.0,square_cql_s3,square,cql,3,0.4640757044156392,0.4711803451489578,4.4793321291605634
55000,0.29670899957418445,0.17074260115623474,590.9063720703125,0.6154112617174784,0.7965687314669291,0.2280506044626236,-0.4066969156265259,0.0,square_cql_s3,square,cql,3,-0.17074260115623474,0.49470571289766,4.463071982065837
60000,0.3094050526618957,0.5975987315177917,596.9083658854166,0.6171541810035706,0.7980496287345886,0.2288411557674408,-0.40903488794962567,0.0,square_cql_s3,square,cql,3,-0.5975987315177917,0.4662085768587196,4.948584238688151
65000,0.31986593604087826,0.7743711272875468,617.0063069661459,0.6140446861584982,0.7971783876419067,0.224748894572258,-0.4244934618473053,0.0,square_cql_s3,square,cql,3,-0.7743711272875468,0.458325015266434,5.278777917226155
70000,0.337956616282463,0.46104106307029724,668.3736165364584,0.6169646581013998,0.7967142264048258,0.22716705004374185,-0.4171606997648875,0.0,square_cql_s3,square,cql,3,-0.46104106307029724,0.47439550206170505,5.337545394897461
75000,0.3266843150059382,0.05348529418309537,650.9841918945312,0.612140933672587,0.7756650845209757,0.2206566333770752,-0.42338932553927106,0.0,square_cql_s3,square,cql,3,-0.05348529418309537,0.45813305759904854,5.310550689697266
80000,0.31607031077146525,-0.19954182704289755,679.0595092773438,0.6090156435966492,0.7701056003570557,0.21530879040559134,-0.4224715332190196,0.0,square_cql_s3,square,cql,3,0.19954182704289755,0.4469104698761985,5.249465465545654
85000,0.32134516984224315,-0.5622804313898087,646.6463012695312,0.6080476840337118,0.7694518367449442,0.2135416716337204,-0.41462182998657227,0.0,square_cql_s3,square,cql,3,0.5622804313898087,0.4298485482141719,5.530839761098226
90000,0.32525689502557115,0.010292341311772665,660.78125,0.6127379139264425,0.7845751841862997,0.22079614301522574,-0.4203597108523051,0.0,square_cql_s3,square,cql,3,-0.010292341311772665,0.4501482229863741,5.422083854675293
95000,0.34832842200994485,-0.5549618378281593,654.2400665283203,0.6113084405660629,0.7748435586690903,0.216936394572258,-0.4206756949424743,0.0,square_cql_s3,square,cql,3,0.5549618378281593,0.46503501036593575,5.579936623573303
100000,0.3589417730768521,0.6874284247557322,680.8553873697916,0.6174719333648682,0.798798680305481,0.223772332072258,-0.43465641140937805,0.0,square_cql_s3,square,cql,3,-0.6874284247557322,0.4683841005412776,5.872874736785889
105000,0.3652578274408976,-1.411498785018921,687.6387736002604,0.6097742517789205,0.7547507087389628,0.20958892007668814,-0.4121653139591217,0.0,square_cql_s3,square,cql,3,1.411498785018921,0.4587558421357592,5.827650705973308
110000,0.3734962498148282,-0.054040114084879555,675.2245076497396,0.6172487934430441,0.7969799836476644,0.22074963649113974,-0.4253411789735158,0.0,square_cql_s3,square,cql,3,0.054040114084879555,0.4729657116334172,6.054415861765544
115000,0.3723290637135505,-0.003870636224746704,679.5744018554688,0.6185996532440186,0.7913515567779541,0.2202846109867096,-0.4240981787443161,0.0,square_cql_s3,square,cql,3,0.003870636224746704,0.45554941243136715,6.181203365325928
0,0.3000000119209289,-16.021521886189777,41.9617551167806,0.5333037972450256,0.3049323856830597,0.11202567319075267,-0.18986235062281287,0.0,square_fixalpha_03_s1,square,fixalpha_03,1,16.021521886189777,0.7012731950026181,1.4792198936144512
5000,0.3000000119209289,-11.416051228841146,94.4319559733073,0.5580862164497375,0.48048558831214905,0.14690290888150534,-0.24601314961910245,0.0,square_fixalpha_03_s1,square,fixalpha_03,1,11.416051228841146,0.4269236841571094,3.305153210957845
10000,0.3000000119209289,-5.9858957926432295,160.30318196614584,0.5848891139030457,0.631637454032898,0.17726934949556986,-0.33634833494822186,0.0,square_fixalpha_03_s1,square,fixalpha_03,1,5.9858957926432295,0.42041337257012884,4.29094664255778
15000,0.3000000119209289,-3.740098237991333,231.9791056315104,0.5916261871655782,0.689561684926351,0.19610305627187094,-0.369302103916804,0.0,square_fixalpha_03_s1,square,fixalpha_03,1,3.740098237991333,0.4351107087230866,4.504813353220622
20000,0.3000000119209289,-1.2647819916407266,311.0165303548177,0.6107551058133444,0.7610982855161031,0.22302828232447305,-0.37348509828249615,0.0,square_fixalpha_03_s1,square,fixalpha_03,1,1.2647819916407266,0.44433037815417814,4.693358421325684
25000,0.3000000119209289,-0.5888998111089071,389.1596171061198,0.6147139271100363,0.7759132385253906,0.2317708432674408,-0.372157484292984,0.0,square_fixalpha_03_s1,square,fixalpha_03,1,0.5888998111089071,0.4485182200247518,4.668222109476726
30000,0.3000000119209289,0.5219172040621439,495.8418884277344,0.6182278196016947,0.7939773400624593,0.23093379040559134,-0.38685158888498944,0.0,square_fixalpha_03_s1,square,fixalpha_03,1,-0.5219172040621439,0.4646965284524476,4.5941033363342285
35000,0.3000000119209289,2.7818521658579507,526.9792785644531,0.6275651057561239,0.8560864130655924,0.2547433177630107,-0.4031321505705516,0.0,square_fixalpha_03_s1,square,fixalpha_03,1,-2.7818521658579507,0.4770479590794739,4.754854202270508
40000,0.3000000119209289,3.0170838832855225,588.4904327392578,0.6279248595237732,0.8582106232643127,0.2535923644900322,-0.4087625071406364,0.0,square_fixalpha_03_s1,square,fixalpha_03,1,-3.0170838832855225,0.460838838789349,4.958486437797546
45000,0.3000000119209289,3.358720382054647,651.5404663085938,0.6290520628293356,0.8630804220835367,0.2533482213815053,-0.41903897126515705,0.0,square_fixalpha_03_s1,square,fixalpha_03,1,-3.358720382054647,0.45254696430904695,5.122733275095622
50000,0.3000000119209289,3.7350501219431558,673.0311686197916,0.630014181137085,0.8755849003791809,0.2545108000437419,-0.43564056356747943,0.0,square_fixalpha_03_s1,square,fixalpha_03,1,-3.7350501219431558,0.4559847337630676,5.26374610265096
55000,0.3000000119209289,4.924667994181315,710.9776611328125,0.6364818215370178,0.8947988947232565,0.2618582745393117,-0.43780459960301715,0.0,square_fixalpha_03_s1,square,fixalpha_03,1,-4.924667994181315,0.4404257352897362,5.446463267008464
60000,0.3000000119209289,5.370143572489421,773.2829793294271,0.6395689249038696,0.9043477972348531,0.2704613159100215,-0.4547036290168762,0.0,square_fixalpha_03_s1,square,fixalpha_03,1,-5.370143572489421,0.45087471985444383,5.45741335550944
65000,0.3000000119209289,4.679767211278279,800.4981689453125,0.6389309763908386,0.8957390983899435,0.2635323802630107,-0.43763380249341327,0.0,square_fixalpha_03_s1,square,fixalpha_03,1,-4.679767211278279,0.43269439118597003,5.622864564259847
70000,0.3000000119209289,5.187726974487305,815.4295043945312,0.6389728387196859,0.9034708340962728,0.2675316333770752,-0.4494004448254903,0.0,square_fixalpha_03_s1,square,fixalpha_03,1,-5.187726974487305,0.4257129042013689,5.764895757039388
75000,0.3000000119209289,5.558670361836751,811.1123453776041,0.645233154296875,0.919797956943512,0.2729259729385376,-0.4482209384441376,0.0,square_fixalpha_03_s1,square,fixalpha_03,1,-5.558670361836751,0.4452242909424396,5.553203264872233
80000,0.3000000119209289,5.037313342094421,807.3577880859375,0.6461566537618637,0.921322301030159,0.2750767394900322,-0.4367678314447403,0.0,square_fixalpha_03_s1,square,fixalpha_03,1,-5.037313342094421,0.4403509683483545,5.633131384849548
85000,0.3000000119209289,5.070642312367757,782.1016642252604,0.6494776606559753,0.9187246362368265,0.2768322328726451,-0.43603459000587463,0.0,square_fixalpha_03_s1,square,fixalpha_03,1,-5.070642312367757,0.4596765023466214,5.331639289855957
90000,0.3000000119209289,6.813261826833089,781.1602986653646,0.6616410215695699,0.9650932947794596,0.2941778401533763,-0.44144710898399353,0.0,square_fixalpha_03_s1,square,fixalpha_03,1,-6.813261826833089,0.46264962578525165,5.463413238525391
95000,0.3000000119209289,6.479759534200032,791.5227661132812,0.6554370125134786,0.9513987104098002,0.2904576063156128,-0.46038514375686646,0.0,square_fixalpha_03_s1,square,fixalpha_03,1,-6.479759534200032,0.4313955060924872,5.958705425262451
100000,0.3000000119209289,7.9474568367004395,787.9759114583334,0.6637358069419861,0.9787756204605103,0.2966425021489461,-0.48252172271410626,0.0,square_fixalpha_03_s1,square,fixalpha_03,1,-7.9474568367004395,0.42937267770596693,6.177907943725586
105000,0.3000000119209289,6.930329958597819,836.3901163736979,0.6578792929649353,0.9545144836107889,0.2877139250437419,-0.4829254349072774,0.0,square_fixalpha_03_s1,square,fixalpha_03,1,-6.930329958597819,0.42891236420307605,6.149416923522949
110000,0.3000000119209289,6.870843887329102,855.4776611328125,0.6590226093928019,0.9595467646916708,0.2859003047148387,-0.4860694805781047,0.0,square_fixalpha_03_s1,square,fixalpha_03,1,-6.870843887329102,0.4238309397297255,6.28825569152832
115000,0.3000000119209289,8.067587852478027,796.7604675292969,0.6658756732940674,0.9839465022087098,0.2993861734867096,-0.4795607030391693,0.0,square_fixalpha_03_s1,square,fixalpha_03,1,-8.067587852478027,0.429391651351388,6.181851625442505
0,0.3000000119209289,-15.632113138834635,39.33250427246094,0.5385598142941793,0.3150332222382228,0.1208147406578064,-0.17434916396935776,0.0,square_fixalpha_03_s2,square,fixalpha_03,2,15.632113138834635,0.5925859964979028,1.7522509296735127
5000,0.3000000119209289,-11.481481870015463,79.76330820719402,0.5486059188842773,0.45546794931093854,0.13727678855260214,-0.2651062806447347,0.0,square_fixalpha_03_s2,square,fixalpha_03,2,11.481481870015463,0.38406078940036587,3.5856054623921714
10000,0.3000000119209289,-6.804338455200195,113.55668131510417,0.582959791024526,0.6228573520978292,0.18057106932004294,-0.30034680664539337,0.0,square_fixalpha_03_s2,square,fixalpha_03,2,6.804338455200195,0.3743018131198855,4.662461757659912
15000,0.3000000119209289,-5.427634874979655,149.70779418945312,0.5886664191881815,0.6601527333259583,0.192475825548172,-0.3186083833376567,0.0,square_fixalpha_03_s2,square,fixalpha_03,2,5.427634874979655,0.4151249764145941,4.375134150187175
20000,0.3000000119209289,-4.7535295486450195,186.41919962565103,0.589114785194397,0.675590455532074,0.18926711877187094,-0.3390248417854309,0.0,square_fixalpha_03_s2,square,fixalpha_03,2,4.7535295486450195,0.439192963071314,4.282614390055339
25000,0.3000000119209289,-2.95495343208313,232.02502950032553,0.6017000873883566,0.7201844851175944,0.20968193312486014,-0.34783175587654114,0.0,square_fixalpha_03_s2,square,fixalpha_03,2,2.95495343208313,0.4701235942236625,4.188120365142822
30000,0.3000000119209289,-3.6318017641703286,293.5509541829427,0.6036924322446188,0.7219479282697042,0.205217644572258,-0.33810847004254657,0.0,square_fixalpha_03_s2,square,fixalpha_03,2,3.6318017641703286,0.49932016899207704,3.936293601989746
35000,0.3000000119209289,-3.456470330556234,330.7024739583333,0.6019078493118286,0.7078485488891602,0.20582217971483865,-0.33815890550613403,0.0,square_fixalpha_03_s2,square,fixalpha_03,2,3.456470330556234,0.5016656205551572,3.8228460947672525
40000,0.3000000119209289,-2.0772543847560883,379.25423431396484,0.6083430796861649,0.7454208135604858,0.2149832658469677,-0.36201861500740046,0.0,square_fixalpha_03_s2,square,fixalpha_03,2,2.0772543847560883,0.5028542759939914,4.053710639476776
45000,0.3000000119209289,-1.0134494006633759,430.60926310221356,0.6130374272664388,0.7686280806859335,0.2229817807674408,-0.3702299992243449,0.0,square_fixalpha_03_s2,square,fixalpha_03,2,1.0134494006633759,0.4931390768630621,4.241538365681966
50000,0.3000000119209289,-0.4996429681777954,474.66087849934894,0.6113278865814209,0.7794183492660522,0.22330730160077414,-0.38683052857716876,0.0,square_fixalpha_03_s2,square,fixalpha_03,2,0.4996429681777954,0.496051989949938,4.3199567794799805
55000,0.3000000119209289,1.1273870666821797,472.8102213541667,0.6210411389668783,0.8051595290501913,0.237444207072258,-0.4016137321790059,0.0,square_fixalpha_03_s2,square,fixalpha_03,2,-1.1273870666821797,0.4727369184948052,4.620855490366618
60000,0.3000000119209289,0.011881321668624878,497.67320760091144,0.6155470609664917,0.7809608976046244,0.22330730160077414,-0.3936597903569539,0.0,square_fixalpha_03_s2,square,fixalpha_03,2,-0.011881321668624878,0.4709129721961944,4.567687034606934
65000,0.3000000119209289,-0.3501453498999277,491.6431376139323,0.6117338538169861,0.7705957492192587,0.22279577453931174,-0.39993523557980853,0.0,square_fixalpha_03_s2,square,fixalpha_03,2,0.3501453498999277,0.4622947086864137,4.7206878662109375
70000,0.3000000119209289,-1.3296724955240886,494.36023966471356,0.6136083801587423,0.7515879074732462,0.22307478388150534,-0.36538779735565186,0.0,square_fixalpha_03_s2,square,fixalpha_03,2,1.3296724955240886,0.47283462639342005,4.362069765726726
75000,0.3000000119209289,-1.0400176048278809,476.34865315755206,0.6111234426498413,0.7604212959607443,0.22093565265337625,-0.37739573915799457,0.0,square_fixalpha_03_s2,square,fixalpha_03,2,1.0400176048278809,0.5224506290059073,4.0130564371744795
80000,0.3000000119209289,-3.026801288127899,458.18521881103516,0.601125955581665,0.7127960920333862,0.2053222768008709,-0.35912565141916275,0.0,square_fixalpha_03_s2,square,fixalpha_03,2,3.026801288127899,0.4888829466508523,4.0798574686050415
85000,0.3000000119209289,-4.072233994801839,442.2100524902344,0.5938524405161539,0.6947320501009623,0.19633557399113974,-0.3586854736010234,0.0,square_fixalpha_03_s2,square,fixalpha_03,2,4.072233994801839,0.507472695520849,3.906870683034261
90000,0.3000000119209289,-3.515618324279785,417.2777506510417,0.5977847576141357,0.698272168636322,0.19898624221483865,-0.36746568481127423,0.0,square_fixalpha_03_s2,square,fixalpha_03,2,3.515618324279785,0.5144870128525102,3.886479298273722
95000,0.3000000119209289,-4.579861005147298,411.3037414550781,0.5943436622619629,0.6789654890696207,0.1878255307674408,-0.35272082686424255,0.0,square_fixalpha_03_s2,square,fixalpha_03,2,4.579861005147298,0.5011361967431656,3.895711580912272
100000,0.3000000119209289,-5.340150833129883,401.5842997233073,0.5892628033955892,0.6532652378082275,0.18415179351965585,-0.3504124879837036,0.0,square_fixalpha_03_s2,square,fixalpha_03,2,5.340150833129883,0.524154500036362,3.6297030448913574
105000,0.3000000119209289,-5.160951614379883,391.3369852701823,0.5874234636624655,0.6634984612464905,0.1835007518529892,-0.3649885058403015,0.0,square_fixalpha_03_s2,square,fixalpha_03,2,5.160951614379883,0.4961555946438052,3.9488115310668945
110000,0.3000000119209289,-3.4602635701497397,378.5049743652344,0.5958791971206665,0.6995436946551005,0.1940104216337204,-0.375641663869222,0.0,square_fixalpha_03_s2,square,fixalpha_03,2,3.4602635701497397,0.5014469479206219,4.0221922397613525
115000,0.3000000119209289,-3.0432318449020386,385.8794860839844,0.6015049517154694,0.7036418914794922,0.197823666036129,-0.39056190848350525,0.0,square_fixalpha_03_s2,square,fixalpha_03,2,3.0432318449020386,0.48925764981264913,4.242975473403931
0,0.3000000119209289,-15.453240076700846,43.46205457051595,0.5340813994407654,0.30844207604726154,0.112816222012043,-0.19374685982863105,0.0,square_fixalpha_03_s3,square,fixalpha_03,3,15.453240076700846,0.6557808060274032,1.633510669072469
5000,0.3000000119209289,-10.739088694254557,102.90582529703777,0.5615727504094442,0.5007759730021158,0.14527529974778494,-0.25836144387722015,0.0,square_fixalpha_03_s3,square,fixalpha_03,3,10.739088694254557,0.42308569068549584,3.4396046797434487
10000,0.3000000119209289,-8.619695345560709,144.44190470377603,0.5674797097841898,0.5724729895591736,0.15666853884855905,-0.3156500955422719,0.0,square_fixalpha_03_s3,square,fixalpha_03,3,8.619695345560709,0.3501137557073181,4.788087526957194
15000,0.3000000119209289,-2.51713764667511,201.99386088053384,0.597817599773407,0.7251005172729492,0.2024739682674408,-0.37419618169466656,0.0,square_fixalpha_03_s3,square,fixalpha_03,3,2.51713764667511,0.4311637216353004,4.679163455963135
20000,0.3000000119209289,-1.5980631907780964,271.076899210612,0.6075410842895508,0.7500205636024475,0.2145647406578064,-0.37859927614529926,0.0,square_fixalpha_03_s3,square,fixalpha_03,3,1.5980631907780964,0.4312546775830224,4.785065650939941
25000,0.3000000119209289,-1.8623613516489665,353.36317952473956,0.6053338448206583,0.7421290079752604,0.2121930867433548,-0.3743133246898651,0.0,square_fixalpha_03_s3,square,fixalpha_03,3,1.8623613516489665,0.4414072185084301,4.628618399302165
30000,0.3000000119209289,-0.22007304430007937,422.81292724609375,0.6114438970883688,0.7799972295761108,0.22409785290559134,-0.403567502895991,0.0,square_fixalpha_03_s3,square,fixalpha_03,3,0.22007304430007937,0.4618079200084009,4.675317764282227
35000,0.3000000119209289,0.821446160475413,497.30821736653644,0.619570275147756,0.8067438205083212,0.23149182399113974,-0.3999999165534973,0.0,square_fixalpha_03_s3,square,fixalpha_03,3,-0.821446160475413,0.4492066064529163,4.870951175689697
40000,0.3000000119209289,0.6573966518044472,586.8267211914062,0.6173547804355621,0.8039080649614334,0.2338518500328064,-0.3994504362344742,0.0,square_fixalpha_03_s3,square,fixalpha_03,3,-0.6573966518044472,0.45713242811886684,4.816325068473816
45000,0.3000000119209289,0.13475568095842996,630.74853515625,0.6159633199373881,0.788093090057373,0.22758557399113974,-0.394733061393102,0.0,square_fixalpha_03_s3,square,fixalpha_03,3,-0.13475568095842996,0.4605159850109735,4.706532160441081
50000,0.3000000119209289,0.9194873372713724,639.7167561848959,0.6232027411460876,0.8086613615353903,0.23897880812486014,-0.3965132037798564,0.0,square_fixalpha_03_s3,square,fixalpha_03,3,-0.9194873372713724,0.47516914145781747,4.610344250996907
55000,0.3000000119209289,-0.1818963487943013,638.4390869140625,0.6141369342803955,0.7802941203117371,0.22637649377187094,-0.38704614837964374,0.0,square_fixalpha_03_s3,square,fixalpha_03,3,0.1818963487943013,0.4621523485720898,4.612976710001628
60000,0.3000000119209289,0.41411768396695453,705.1737060546875,0.6190101504325867,0.7974167664845785,0.2300502359867096,-0.3959365089734395,0.0,square_fixalpha_03_s3,square,fixalpha_03,3,-0.41411768396695453,0.47180548426377505,4.637558142344157
65000,0.3000000119209289,2.25386373202006,669.5135498046875,0.6239915490150452,0.833577553431193,0.2450241893529892,-0.4097304443518321,0.0,square_fixalpha_03_s3,square,fixalpha_03,3,-2.25386373202006,0.448361590466976,5.019949277242024
70000,0.3000000119209289,1.468273401260376,714.4443562825521,0.6210964719454447,0.8195702433586121,0.2356770932674408,-0.41421012083689374,0.0,square_fixalpha_03_s3,square,fixalpha_03,3,-1.468273401260376,0.43685535335852266,5.151798407236735
75000,0.3000000119209289,3.034874518712362,708.3591105143229,0.6240792473157247,0.8443673650423685,0.24558222790559134,-0.4342452486356099,0.0,square_fixalpha_03_s3,square,fixalpha_03,3,-3.034874518712362,0.43014221518779644,5.402738253275554
80000,0.3000000119209289,4.229509949684143,778.5723419189453,0.6333525329828262,0.880239337682724,0.2534877434372902,-0.45806595683097834,0.0,square_fixalpha_03_s3,square,fixalpha_03,3,-4.229509949684143,0.4474111153685454,5.476385116577148
85000,0.3000000119209289,4.924996852874756,831.7340698242188,0.6359305381774902,0.8955495953559875,0.2603701750437419,-0.4626394510269165,0.0,square_fixalpha_03_s3,square,fixalpha_03,3,-4.924996852874756,0.4229416100230021,5.88624890645345
90000,0.3000000119209289,4.8364417552948,873.1875,0.6354993581771851,0.8900219400723776,0.2567429443200429,-0.47223000725110365,0.0,square_fixalpha_03_s3,square,fixalpha_03,3,-4.8364417552948,0.4196733290740878,5.99368683497111
95000,0.3000000119209289,4.559690475463867,841.6560872395834,0.6342119574546814,0.8828969399134318,0.2574404875437419,-0.4625743329524994,0.0,square_fixalpha_03_s3,square,fixalpha_03,3,-4.559690475463867,0.425778731532587,5.820210774739583
100000,0.3000000119209289,4.784263054529826,806.0006103515625,0.6434536377588908,0.9001484314600626,0.2673456172148387,-0.45488900939623517,0.0,square_fixalpha_03_s3,square,fixalpha_03,3,-4.784263054529826,0.4337692172897086,5.712796847025554
105000,0.3000000119209289,4.282841046651204,737.6260375976562,0.6387147506078085,0.8827193180720011,0.2630673547585805,-0.451322078704834,0.0,square_fixalpha_03_s3,square,fixalpha_03,3,-4.282841046651204,0.4463917119101863,5.4244106610616045
110000,0.3000000119209289,3.1372382640838623,691.7917887369791,0.6339735984802246,0.8698442578315735,0.254975825548172,-0.44098104039827984,0.0,square_fixalpha_03_s3,square,fixalpha_03,3,-3.1372382640838623,0.44704483276854606,5.424530665079753
115000,0.3000000119209289,3.4956902265548706,660.5560913085938,0.6409710645675659,0.8901335895061493,0.2596261203289032,-0.4403947740793228,0.0,square_fixalpha_03_s3,square,fixalpha_03,3,-3.4956902265548706,0.47145590878783605,5.221017360687256
0,0.3000000119209289,-15.501535415649414,49.645764668782554,0.535983939965566,0.3114749640226364,0.117745541036129,-0.19800073901812235,0.0,square_fixalpha_03_s4,square,fixalpha_03,4,15.501535415649414,0.6323095180738303,1.613905906677246
5000,0.3000000119209289,-11.368311882019043,112.57973734537761,0.5539825161298116,0.47669950127601624,0.14155506591002145,-0.2575258662303288,0.0,square_fixalpha_03_s4,square,fixalpha_03,4,11.368311882019043,0.3980113389535527,3.574683666229248
10000,0.3000000119209289,-4.245543479919434,173.03644307454428,0.5958029627799988,0.6886061827341715,0.1957775354385376,-0.3442283769448598,0.0,square_fixalpha_03_s4,square,fixalpha_03,4,4.245543479919434,0.41892177636970923,4.588322162628174
15000,0.3000000119209289,-3.202552000681559,239.47571309407553,0.5922486980756124,0.7015313903490702,0.19731213649113974,-0.3696105678876241,0.0,square_fixalpha_03_s4,square,fixalpha_03,4,3.202552000681559,0.4170346920364836,4.722340742746989
20000,0.3000000119209289,-2.3232755263646445,320.2874755859375,0.6019288698832194,0.7290734648704529,0.207124263048172,-0.3607485592365265,0.0,square_fixalpha_03_s4,square,fixalpha_03,4,2.3232755263646445,0.43981783401618585,4.535385767618815
25000,0.3000000119209289,-2.0217811266581216,360.2693277994792,0.602633555730184,0.7452332178751627,0.21507627765337625,-0.3677960932254791,0.0,square_fixalpha_03_s4,square,fixalpha_03,4,2.0217811266581216,0.4646538783288185,4.427230517069499
30000,0.3000000119209289,-1.5670463144779205,444.8326416015625,0.6077983180681864,0.7367151379585266,0.2155413031578064,-0.3903275926907857,0.0,square_fixalpha_03_s4,square,fixalpha_03,4,1.5670463144779205,0.44668944194526666,4.619036674499512
35000,0.3000000119209289,0.21066659688949585,489.5605977376302,0.6152833501497904,0.7870707114537557,0.229678213596344,-0.4018439054489136,0.0,square_fixalpha_03_s4,square,fixalpha_03,4,-0.21066659688949585,0.4781934117698468,4.542524655659993
40000,0.3000000119209289,-0.401334710419178,555.2665100097656,0.6077990084886551,0.7651316523551941,0.2213658019900322,-0.400991678237915,0.0,square_fixalpha_03_s4,square,fixalpha_03,4,0.401334710419178,0.46682598152119353,4.611370205879211
45000,0.3000000119209289,0.8636046449343363,605.8087972005209,0.6200865109761556,0.8115576505661011,0.23516556123892465,-0.40237534046173096,0.0,square_fixalpha_03_s4,square,fixalpha_03,4,-0.8636046449343363,0.45961770590994044,4.8611758550008135
50000,0.3000000119209289,1.2683762858311336,642.1597086588541,0.6205540299415588,0.8233192563056946,0.23851377268632254,-0.4124506215254465,0.0,square_fixalpha_03_s4,square,fixalpha_03,4,-1.2683762858311336,0.46392481058847507,4.9193878173828125
55000,0.3000000119209289,1.921850676337878,662.0663859049479,0.6225448250770569,0.8284778793652853,0.23986235757668814,-0.4276757339636485,0.0,square_fixalpha_03_s4,square,fixalpha_03,4,-1.921850676337878,0.4397601013373798,5.2397871017456055
60000,0.3000000119209289,1.6373217900594075,680.6645711263021,0.6217881838480631,0.8298141161600748,0.23888579507668814,-0.4156594177087148,0.0,square_fixalpha_03_s4,square,fixalpha_03,4,-1.6373217900594075,0.45160070114636036,5.124028046925862
65000,0.3000000119209289,2.123420159022013,746.8326212565104,0.6258552074432373,0.8382342259089152,0.24065291384855905,-0.4255700508753459,0.0,square_fixalpha_03_s4,square,fixalpha_03,4,-2.123420159022013,0.4414654737582277,5.269118309020996
70000,0.3000000119209289,3.6848456859588623,784.7809855143229,0.6317786971728007,0.8624606132507324,0.2513485997915268,-0.4414628048737843,0.0,square_fixalpha_03_s4,square,fixalpha_03,4,-3.6848456859588623,0.43947644502122724,5.417485396067302
75000,0.3000000119209289,3.150982618331909,802.0812581380209,0.628743569056193,0.8681702017784119,0.2533017198244731,-0.43634512027104694,0.0,square_fixalpha_03_s4,square,fixalpha_03,4,-3.150982618331909,0.4318532577651675,5.582444190979004
80000,0.3000000119209289,4.903495132923126,820.1298065185547,0.6407305002212524,0.9015265852212906,0.2638462707400322,-0.44977015256881714,0.0,square_fixalpha_03_s4,square,fixalpha_03,4,-4.903495132923126,0.41285135174199844,5.95085334777832
85000,0.3000000119209289,5.266125679016113,852.6415812174479,0.6375954945882162,0.8933772047360738,0.2605096797148387,-0.4751865863800048,0.0,square_fixalpha_03_s4,square,fixalpha_03,4,-5.266125679016113,0.4199353472404251,5.958442052205403
90000,0.3000000119209289,4.201601664225261,898.9412841796875,0.6342350840568542,0.8837400873502096,0.2526041766007741,-0.4520735243956248,0.0,square_fixalpha_03_s4,square,fixalpha_03,4,-4.201601664225261,0.4286148916799708,5.70852009455363
95000,0.3000000119209289,3.111830472946167,912.7848917643229,0.6285565495491028,0.8596365253130595,0.24683780471483865,-0.4540000359217326,0.0,square_fixalpha_03_s4,square,fixalpha_03,4,-3.111830472946167,0.4213376124631227,5.777705987294515
100000,0.3000000119209289,2.835391124089559,898.7669474283854,0.6249717871348063,0.8526679277420044,0.245256707072258,-0.4430644710858662,0.0,square_fixalpha_03_s4,square,fixalpha_03,4,-2.835391124089559,0.415896595309542,5.755984942118327
105000,0.3000000119209289,1.6707648436228435,893.0672200520834,0.6220192909240723,0.8233465353647867,0.2340959906578064,-0.44194390376408893,0.0,square_fixalpha_03_s4,square,fixalpha_03,4,-1.6707648436228435,0.4289955163192049,5.476668039957683
110000,0.3000000119209289,3.2132901350657144,858.4115600585938,0.626953641573588,0.8471351663271586,0.24423364301522574,-0.4632696906725566,0.0,square_fixalpha_03_s4,square,fixalpha_03,4,-3.2132901350657144,0.4285371060965219,5.644336064656575
115000,0.3000000119209289,2.153535842895508,853.0441589355469,0.624286949634552,0.8330882787704468,0.2324218899011612,-0.45337116718292236,0.0,square_fixalpha_03_s4,square,fixalpha_03,4,-2.153535842895508,0.4271352518358979,5.643497705459595
0,0.3000000119209289,-15.456557591756185,46.06598917643229,0.534619927406311,0.3104107777277628,0.11342076460520427,-0.19667079051335648,0.0,square_fixalpha_03_s5,square,fixalpha_03,5,15.456557591756185,0.6183916509602135,1.7463876008987427
5000,0.3000000119209289,-10.914538701375326,98.03861999511719,0.5627813339233398,0.4928651849428813,0.14960007866223654,-0.25877346595128375,0.0,square_fixalpha_03_s5,square,fixalpha_03,5,10.914538701375326,0.40864400991687916,3.561972220738729
10000,0.3000000119209289,-6.118462244669597,169.0552978515625,0.5856677293777466,0.6410786906878153,0.1803850531578064,-0.30851811170578,0.0,square_fixalpha_03_s5,square,fixalpha_03,5,6.118462244669597,0.4347981629294062,4.095433394114177
15000,0.3000000119209289,-3.617961565653483,245.5517120361328,0.5991000334421793,0.6992877523104349,0.2014974057674408,-0.3518841564655304,0.0,square_fixalpha_03_s5,square,fixalpha_03,5,3.617961565653483,0.45623157360178546,4.264148871103923
20000,0.3000000119209289,-2.039914687474569,312.8440856933594,0.608838419119517,0.7447626988093058,0.21409971018632254,-0.36036157608032227,0.0,square_fixalpha_03_s5,square,fixalpha_03,5,2.039914687474569,0.4699902235731994,4.337943236033122
25000,0.3000000119209289,-0.6458141903082529,378.2305399576823,0.6097610195477804,0.7766069173812866,0.22326080004374185,-0.3914426267147064,0.0,square_fixalpha_03_s5,square,fixalpha_03,5,0.6458141903082529,0.4751321286732955,4.545298099517822
30000,0.3000000119209289,0.16960304727156958,423.76182047526044,0.6139063040415446,0.7907766501108805,0.22716705004374185,-0.3866207202275594,0.0,square_fixalpha_03_s5,square,fixalpha_03,5,-0.16960304727156958,0.45672128065725803,4.708873112996419
35000,0.3000000119209289,1.3589512705802917,476.0096944173177,0.619450589021047,0.818936288356781,0.2341424971818924,-0.41336925824483234,0.0,square_fixalpha_03_s5,square,fixalpha_03,5,-1.3589512705802917,0.4601885533791246,4.899101575215657
40000,0.3000000119209289,2.4277684092521667,527.9870986938477,0.6279785335063934,0.8523051142692566,0.2495117336511612,-0.41044759750366205,0.0,square_fixalpha_03_s5,square,fixalpha_03,5,-2.4277684092521667,0.46028186761966494,5.0146589279174805
45000,0.3000000119209289,0.9777475595474243,583.14599609375,0.6234630942344666,0.8171957731246948,0.23795574406782785,-0.3938729763031006,0.0,square_fixalpha_03_s5,square,fixalpha_03,5,-0.9777475595474243,0.4620608943814493,4.800956567128499
50000,0.3000000119209289,1.2581485509872437,644.0099894205729,0.6223384539286295,0.821505586306254,0.23846727112929025,-0.4029889206091563,0.0,square_fixalpha_03_s5,square,fixalpha_03,5,-1.2581485509872437,0.47024056814717086,4.789724032084147
55000,0.3000000119209289,3.4047540028889975,669.1488850911459,0.6295808951059977,0.8644190231959025,0.2566499312718709,-0.4264042576154073,0.0,square_fixalpha_03_s5,square,fixalpha_03,5,-3.4047540028889975,0.45356863399025055,5.173335552215576
60000,0.3000000119209289,2.69302103916804,683.52490234375,0.6304649511973063,0.8510496020317078,0.2525576750437419,-0.4118291636308034,0.0,square_fixalpha_03_s5,square,fixalpha_03,5,-2.69302103916804,0.44974566734305826,5.105520248413086
65000,0.3000000119209289,1.4551162719726562,713.5393473307291,0.6234462459882101,0.823163906733195,0.24009487529595694,-0.4086116552352905,0.0,square_fixalpha_03_s5,square,fixalpha_03,5,-1.4551162719726562,0.4600085363601676,4.941211700439453
70000,0.3000000119209289,1.9087690512339275,713.3416748046875,0.6240253845850626,0.8279099265734354,0.24283855656782785,-0.419515997171402,0.0,square_fixalpha_03_s5,square,fixalpha_03,5,-1.9087690512339275,0.4445125894744119,5.183399200439453
75000,0.3000000119209289,2.803010940551758,732.0081787109375,0.6313689351081848,0.8467273314793905,0.24911646048227945,-0.4310489594936371,0.0,square_fixalpha_03_s5,square,fixalpha_03,5,-2.803010940551758,0.46122146631773847,5.0822493235270185
80000,0.3000000119209289,3.1401047110557556,724.9927673339844,0.6309192180633545,0.8615673929452896,0.2510812059044838,-0.4313049465417862,0.0,square_fixalpha_03_s5,square,fixalpha_03,5,-3.1401047110557556,0.4452068475238398,5.33532977104187
85000,0.3000000119209289,1.7335244019826253,733.8135172526041,0.6289519667625427,0.8288474480311075,0.24544272323449454,-0.42017399271329237,0.0,square_fixalpha_03_s5,square,fixalpha_03,5,-1.7335244019826253,0.44330934382407894,5.203248977661133
90000,0.3000000119209289,3.1326874097188315,683.9506632486979,0.6357966065406799,0.8684297800064087,0.254092276096344,-0.43249331911404926,0.0,square_fixalpha_03_s5,square,fixalpha_03,5,-3.1326874097188315,0.4614948803954318,5.199859460194905
95000,0.3000000119209289,3.4399309158325195,682.9548746744791,0.6400961875915527,0.876594603061676,0.2580915192763011,-0.4269087811311086,0.0,square_fixalpha_03_s5,square,fixalpha_03,5,-3.4399309158325195,0.45884920953328895,5.2261284192403155
100000,0.3000000119209289,3.141556660334269,627.4287516276041,0.6354130307833353,0.8690160512924194,0.2561849057674408,-0.4298325479030609,0.0,square_fixalpha_03_s5,square,fixalpha_03,5,-3.141556660334269,0.446173977180447,5.340259234110515
105000,0.3000000119209289,3.9450912475585938,642.3046671549479,0.644047737121582,0.8873204986254374,0.2633463641007741,-0.43430449565251666,0.0,square_fixalpha_03_s5,square,fixalpha_03,5,-3.9450912475585938,0.4349757428182322,5.586305936177571
110000,0.3000000119209289,4.320281902949016,658.0082600911459,0.6441895763079325,0.9057252009709676,0.2652994891007741,-0.44997291763623554,0.0,square_fixalpha_03_s5,square,fixalpha_03,5,-4.320281902949016,0.4457094961246231,5.640569686889648
115000,0.3000000119209289,6.486433506011963,655.299072265625,0.6566533446311951,0.955999881029129,0.2851562649011612,-0.4637943059206009,0.0,square_fixalpha_03_s5,square,fixalpha_03,5,-6.486433506011963,0.4285434745232798,6.07242751121521
0,0.36534446179866786,-10.048757076263428,24.355616251627605,0.5674886306126913,0.5203996896743774,0.1549479216337204,-0.2701783925294876,0.0,square_iql_s1,square,iql,1,10.048757076263428,,
5000,0.1483425063391526,-0.7254711985588074,79.90772755940755,0.618787944316864,0.7767635981241862,0.2220052182674408,-0.3824308514595032,0.0,square_iql_s1,square,iql,1,0.7254711985588074,,
10000,0.1452979430556297,0.356511523326238,102.6719970703125,0.6213088234265646,0.8110508720080057,0.234514519572258,-0.38828254739443463,0.0,square_iql_s1,square,iql,1,-0.356511523326238,,
15000,0.14507890989383057,1.2578795750935872,123.26671600341797,0.6270334323247274,0.8280957738558451,0.240420401096344,-0.3950011432170868,0.0,square_iql_s1,square,iql,1,-1.2578795750935872,,
20000,0.14506950527429577,0.4116698106129964,133.12155405680338,0.6220198671023051,0.8116259376207987,0.23363096515337625,-0.3970855971177419,0.0,square_iql_s1,square,iql,1,-0.4116698106129964,,
25000,0.15034796918431914,0.14114231864611307,153.28307596842447,0.6198853453000387,0.8071210583051046,0.22935268779595694,-0.39984064300854993,0.0,square_iql_s1,square,iql,1,-0.14114231864611307,,
30000,0.14234402303894356,0.7247410813967387,166.15819803873697,0.6223411361376444,0.8154962460199991,0.23223587373892465,-0.4012017250061035,0.0,square_iql_s1,square,iql,1,-0.7247410813967387,,
35000,0.14354596659541127,0.13750245173772177,166.22386169433594,0.6170115868250529,0.805388351281484,0.2319568544626236,-0.400273859500885,0.0,square_iql_s1,square,iql,1,-0.13750245173772177,,
40000,0.15288179405033586,0.5092671848833561,168.1248550415039,0.6212669610977173,0.8033136278390884,0.2351074330508709,-0.3900621235370636,0.0,square_iql_s1,square,iql,1,-0.5092671848833561,,
45000,0.15704988638559972,1.0264642139275868,187.61434936523438,0.6239683628082275,0.826524039109548,0.239397332072258,-0.4042178889115651,0.0,square_iql_s1,square,iql,1,-1.0264642139275868,,
50000,0.1602019796768824,0.7270829776922861,203.8840535481771,0.6222531199455261,0.8100634614626566,0.2382347583770752,-0.40597066283226013,0.0,square_iql_s1,square,iql,1,-0.7270829776922861,,
55000,0.16274142414331436,0.6593735218048097,201.644775390625,0.624921977519989,0.8089222311973572,0.23088728884855905,-0.40337584416071576,0.0,square_iql_s1,square,iql,1,-0.6593735218048097,,
60000,0.16985972349842382,0.4593778848648072,213.6042022705078,0.6207515796025594,0.8039612571398417,0.23423550029595694,-0.4040788412094116,0.0,square_iql_s1,square,iql,1,-0.4593778848648072,,
65000,0.16981929639975224,0.46846977869669587,203.89466857910156,0.6201392809549967,0.8054760694503784,0.2314453274011612,-0.41030458609263104,0.0,square_iql_s1,square,iql,1,-0.46846977869669587,,
70000,0.172630979369084,-0.043634663025538124,217.82689921061197,0.6188590129216512,0.7991673946380615,0.22521392504374185,-0.40968578060468036,0.0,square_iql_s1,square,iql,1,0.043634663025538124,,
75000,0.17490190962950383,0.42335949341456086,228.7589569091797,0.6202969749768575,0.8031336069107056,0.230608269572258,-0.4158909221490224,0.0,square_iql_s1,square,iql,1,-0.42335949341456086,,
80000,0.17758011836558577,0.4028322324156762,226.43013763427734,0.6210810393095016,0.8056269139051437,0.2285505086183548,-0.42161737382411957,0.0,square_iql_s1,square,iql,1,-0.4028322324156762,,
85000,0.18554843415816621,1.095810333887736,226.19024658203125,0.631059487660726,0.8244961897532145,0.24451265732447305,-0.41393134991327923,0.0,square_iql_s1,square,iql,1,-1.095810333887736,,
90000,0.19459124679366746,1.8466099898020427,259.09925333658856,0.6306434671084086,0.8380446632703146,0.2450706958770752,-0.42659520109494525,0.0,square_iql_s1,square,iql,1,-1.8466099898020427,,
95000,0.20711519320805863,-0.3502901593844096,269.2677357991536,0.6196993390719095,0.7964507937431335,0.22660901149113974,-0.4049319922924042,0.0,square_iql_s1,square,iql,1,0.3502901593844096,,
100000,0.21219326754411053,-0.21769890685876206,294.6029968261719,0.6199844479560852,0.7895615895589193,0.22967820862929025,-0.40547336141268414,0.0,square_iql_s1,square,iql,1,0.21769890685876206,,
105000,0.21146046693126355,0.05677213271458944,308.38612874348956,0.6219348907470703,0.8005465269088745,0.23088728884855905,-0.4170975685119629,0.0,square_iql_s1,square,iql,1,-0.05677213271458944,,
110000,0.21309539452195167,-0.23802441358566284,293.8572591145833,0.6195908784866333,0.7914450367291769,0.22437686721483865,-0.41308363278706867,0.0,square_iql_s1,square,iql,1,0.23802441358566284,,
115000,0.21705425120890137,-0.057723611593246446,304.9299621582031,0.6213537156581879,0.7967096865177155,0.2225865051150322,-0.416776493191719,0.0,square_iql_s1,square,iql,1,0.057723611593246446,,
0,0.36336046730478605,-10.186058203379313,24.233491897583008,0.5662385622660319,0.5085274279117584,0.15327381839354834,-0.2615459561347961,0.0,square_iql_s2,square,iql,2,10.186058203379313,,
5000,0.14805791452527042,-0.29731692870457965,69.85460408528645,0.6208502451578776,0.7960630456606547,0.23051526645819345,-0.37258073687553406,0.0,square_iql_s2,square,iql,2,0.29731692870457965,,
10000,0.1592680938541889,0.9222792188326517,109.26507568359375,0.6261261304219564,0.821738580862681,0.23502605160077414,-0.39793219168980914,0.0,square_iql_s2,square,iql,2,-0.9222792188326517,,
15000,0.17482333332300182,-0.4716102679570516,158.79621378580728,0.6159517168998718,0.795134166876475,0.22879465421040854,-0.3802761336167653,0.0,square_iql_s2,square,iql,2,0.4716102679570516,,
20000,0.18316602855920786,-0.3201452394326528,215.7129160563151,0.6142480572064718,0.7898820837338766,0.2290736734867096,-0.3915241261323293,0.0,square_iql_s2,square,iql,2,0.3201452394326528,,
25000,0.19838411410649615,0.916987140973409,249.0159657796224,0.6251145601272583,0.816227376461029,0.24335008362929025,-0.3902232050895691,0.0,square_iql_s2,square,iql,2,-0.916987140973409,,
30000,0.2119536710282167,0.2752371057868004,279.40503946940106,0.6206141511599222,0.8069455027580261,0.2370721846818924,-0.39545302589734393,0.0,square_iql_s2,square,iql,2,-0.2752371057868004,,
35000,0.23744542275865865,-0.24472359816233316,319.49169921875,0.6188575625419617,0.7929025491078695,0.23214287062486014,-0.3865671753883362,0.0,square_iql_s2,square,iql,2,0.24472359816233316,,
40000,0.2593807943165302,-0.0244665518403053,368.2253875732422,0.6184709072113037,0.7971961349248886,0.2340611144900322,-0.38786010444164276,0.0,square_iql_s2,square,iql,2,0.0244665518403053,,
45000,0.2830160165826479,0.3827311297257741,417.33534749348956,0.6206652522087097,0.7973928252855936,0.23437500993410745,-0.3898814916610718,0.0,square_iql_s2,square,iql,2,-0.3827311297257741,,
50000,0.31817621489365894,0.36933011809984845,486.9731140136719,0.6218551198641459,0.807557225227356,0.234561026096344,-0.39577896396319073,0.0,square_iql_s2,square,iql,2,-0.36933011809984845,,
55000,0.3370120301842689,0.022031774123509693,547.7639567057291,0.6181090672810873,0.787868062655131,0.23456102112929025,-0.38566531737645465,0.0,square_iql_s2,square,iql,2,-0.022031774123509693,,
60000,0.3515889972448349,0.1377523144086202,581.4081013997396,0.6146827737490336,0.7841667930285136,0.22823662062486014,-0.40697362025578815,0.0,square_iql_s2,square,iql,2,-0.1377523144086202,,
65000,0.3653015226125717,-0.17203993598620096,633.8829549153646,0.6177404721577963,0.7858546773592631,0.22837612529595694,-0.3967609405517578,0.0,square_iql_s2,square,iql,2,0.17203993598620096,,
70000,0.3910493761301041,0.07758951187133774,681.2371012369791,0.6154869596163431,0.7916574875513712,0.22693453232447305,-0.40957767764727276,0.0,square_iql_s2,square,iql,2,-0.07758951187133774,,
75000,0.4125513310233752,0.059569706519444765,718.737060546875,0.6178181171417236,0.7863254547119141,0.22716705004374185,-0.40621016422907513,0.0,square_iql_s2,square,iql,2,-0.059569706519444765,,
80000,0.4448210075497627,0.6409210450947285,769.6717376708984,0.6174578815698624,0.8061924874782562,0.2300502359867096,-0.41294096410274506,0.0,square_iql_s2,square,iql,2,-0.6409210450947285,,
85000,0.4831507911284764,-1.0036735832691193,808.3831787109375,0.610296626885732,0.7647175590197245,0.21489026149113974,-0.4014040430386861,0.0,square_iql_s2,square,iql,2,1.0036735832691193,,
90000,0.5157477428515752,0.14964304367701212,854.6386922200521,0.6175809105237325,0.7921683192253113,0.22656250993410745,-0.41359567642211914,0.0,square_iql_s2,square,iql,2,-0.14964304367701212,,
95000,0.534070626894633,0.2809183994928996,897.1798909505209,0.6184724569320679,0.7934442758560181,0.22521392504374185,-0.41615863641103107,0.0,square_iql_s2,square,iql,2,-0.2809183994928996,,
100000,0.544494683543841,0.13623799880345655,938.5861002604166,0.6198439796765646,0.7933400273323059,0.22856213649113974,-0.41402920087178546,0.0,square_iql_s2,square,iql,2,-0.13623799880345655,,
105000,0.524195130666097,-0.9275399744510651,963.5684611002604,0.6123393575350443,0.7670961618423462,0.218843013048172,-0.4063683748245239,0.0,square_iql_s2,square,iql,2,0.9275399744510651,,
110000,0.5060020849108696,0.5449331800142924,983.8797607421875,0.6166794300079346,0.7965857783953348,0.22702754040559134,-0.4211145540078481,0.0,square_iql_s2,square,iql,2,-0.5449331800142924,,
115000,0.49491079449653624,-0.18168401718139648,1010.2844543457031,0.6189635396003723,0.7846984267234802,0.2278180941939354,-0.41153278946876526,0.0,square_iql_s2,square,iql,2,0.18168401718139648,,
0,0.36416520178318024,-10.64231284459432,21.176031748453777,0.562717616558075,0.4974491000175476,0.1517392173409462,-0.25791597366333,0.0,square_iql_s3,square,iql,3,10.64231284459432,,
5000,0.14133886372049645,0.5592136581738789,77.3596700032552,0.6255573431650797,0.8170382579167684,0.24046690265337625,-0.37157658735911053,0.0,square_iql_s3,square,iql,3,-0.5592136581738789,,
10000,0.15194790785511328,0.3810731569925944,100.01116434733073,0.6277512907981873,0.8307669957478842,0.2431175708770752,-0.3813709318637848,0.0,square_iql_s3,square,iql,3,-0.3810731569925944,,
15000,0.1755513372520605,-0.10063980519771577,160.65980529785156,0.6208503047625223,0.7990509072939554,0.2348865419626236,-0.37420231103897095,0.0,square_iql_s3,square,iql,3,0.10063980519771577,,
20000,0.18846794317166005,0.13295298814773562,210.30699157714844,0.6234924793243408,0.8093762993812561,0.23530507584412894,-0.3753451406955719,0.0,square_iql_s3,square,iql,3,-0.13295298814773562,,
25000,0.19267098754644388,-0.07984558741251628,252.31605021158853,0.6173601150512695,0.7976857225100199,0.234514519572258,-0.37764205535252887,0.0,square_iql_s3,square,iql,3,0.07984558741251628,,
30000,0.20975912958383558,0.5150395631790161,285.78809611002606,0.6246130665143331,0.8065632979075114,0.2337239682674408,-0.3860325713952382,0.0,square_iql_s3,square,iql,3,-0.5150395631790161,,
35000,0.2116751663386821,0.5284703969955444,327.2366536458333,0.6216050783793131,0.806262195110321,0.234561026096344,-0.39627194404602045,0.0,square_iql_s3,square,iql,3,-0.5284703969955444,,
40000,0.20821013450622555,-0.10031828284263611,339.37986755371094,0.6163074821233749,0.788722813129425,0.2305036373436451,-0.3966207876801491,0.0,square_iql_s3,square,iql,3,0.10031828284263611,,
45000,0.21863188371062278,-0.5619715452194214,366.4353332519531,0.614112377166748,0.7887115875879923,0.22502791384855905,-0.39021600286165875,0.0,square_iql_s3,square,iql,3,0.5619715452194214,,
50000,0.21993257949749623,-0.32267482082049054,372.8862813313802,0.618070145448049,0.7897089918454488,0.22870164612929025,-0.40026165048281354,0.0,square_iql_s3,square,iql,3,0.32267482082049054,,
55000,0.2187239721417427,-0.24053404728571573,388.0841471354167,0.6146838068962097,0.7844809691111246,0.22344681123892465,-0.40444960196812946,0.0,square_iql_s3,square,iql,3,0.24053404728571573,,
60000,0.20809465820590653,-0.5068960984547933,380.8958231608073,0.6130654414494833,0.7740947405497233,0.222749263048172,-0.4016588230927785,0.0,square_iql_s3,square,iql,3,0.5068960984547933,,
65000,0.20463559130827583,0.9344058036804199,383.74184163411456,0.6181905666987101,0.8031705816586813,0.23107329507668814,-0.41580649216969806,0.0,square_iql_s3,square,iql,3,-0.9344058036804199,,
70000,0.20235437701145806,0.4763265500466029,377.5931396484375,0.617302656173706,0.7955326040585836,0.22735306123892465,-0.40856549143791193,0.0,square_iql_s3,square,iql,3,-0.4763265500466029,,
75000,0.19855967809756594,1.13304336865743,365.48328653971356,0.6193090677261353,0.8121470014254252,0.233584463596344,-0.41952844460805255,0.0,square_iql_s3,square,iql,3,-1.13304336865743,,
80000,0.1942532211542129,0.14146315306425095,359.4911804199219,0.6176993548870087,0.7846230864524841,0.2246791385114193,-0.4123566970229149,0.0,square_iql_s3,square,iql,3,-0.14146315306425095,,
85000,0.19329474146167433,0.18278763691584268,349.3845723470052,0.6188207864761353,0.7956693768501282,0.22898066540559134,-0.41592535376548767,0.0,square_iql_s3,square,iql,3,-0.18278763691584268,,
90000,0.19351895004510877,0.5581108729044596,323.41839599609375,0.620561679204305,0.8061001102129618,0.2337239682674408,-0.4167042275269826,0.0,square_iql_s3,square,iql,3,-0.5581108729044596,,
95000,0.18761083235343293,-0.28176095088322956,316.51397705078125,0.6117754578590393,0.778029183546702,0.22154018779595694,-0.4195108811060588,0.0,square_iql_s3,square,iql,3,0.28176095088322956,,
100000,0.18961623907089228,0.5007317513227463,320.7183837890625,0.6251250306765238,0.8056654135386149,0.2376767247915268,-0.4107193648815155,0.0,square_iql_s3,square,iql,3,-0.5007317513227463,,
105000,0.19511685470739995,1.038203736146291,324.0023905436198,0.6252073645591736,0.8150902390480042,0.2317708432674408,-0.42494521538416546,0.0,square_iql_s3,square,iql,3,-1.038203736146291,,
110000,0.19261018410325048,0.8523706595102946,310.95229085286456,0.6240578095118204,0.8126524090766907,0.23070127765337625,-0.4251028696695964,0.0,square_iql_s3,square,iql,3,-0.8523706595102946,,
115000,0.1899207785725593,0.7165645658969879,315.4778747558594,0.6264931857585907,0.8073275685310364,0.2338169738650322,-0.4188795536756515,0.0,square_iql_s3,square,iql,3,-0.7165645658969879,,
0,0.34608811239401494,-17.07620684305827,135.30917358398438,0.5251034100850424,0.21679571767648062,0.1028645858168602,-0.18121045827865598,0.9007208111884603,square_mix_prefill_s1,square,mix_prefill,1,17.07620684305827,,
5000,0.0749258392800887,-4.114991197983424,87.03038660685222,0.60967485109965,0.6941351294517517,0.21019346515337625,-0.3006873428821563,0.888687884439601,square_mix_prefill_s1,square,mix_prefill,1,4.114991197983424,,
10000,0.059516404010355434,0.665611465771993,-5.617914994557698,0.614131490389506,0.7797794739405314,0.2268880307674408,-0.4024456739425659,0.8769722244057768,square_mix_prefill_s1,square,mix_prefill,1,-0.665611465771993,,
15000,0.09588910366098084,1.759769360224406,-34.86492156982422,0.6176074743270874,0.8220851222674052,0.2318173497915268,-0.4356013536453247,0.8655614463597902,square_mix_prefill_s1,square,mix_prefill,1,-1.759769360224406,,
20000,0.12460755432645475,-1.5047030051549275,-14.866039594014486,0.608498215675354,0.7711735566457113,0.2173084169626236,-0.3786707321802775,0.8544438018978138,square_mix_prefill_s1,square,mix_prefill,1,1.5047030051549275,,
25000,0.12571514969070746,-0.5291053255399069,10.392801602681478,0.6163384119669596,0.7911776105562845,0.22763208051522574,-0.38072720170021057,0.8436081385895774,square_mix_prefill_s1,square,mix_prefill,1,0.5291053255399069,,
30000,0.11640082498391467,0.2919561266899109,20.811351776123047,0.6174968282381693,0.8116839925448099,0.2314453274011612,-0.3804478844006856,0.8330438626604773,square_mix_prefill_s1,square,mix_prefill,1,-0.2919561266899109,,
35000,0.11263760440051551,0.7985693365335464,11.45930544535319,0.6255121429761251,0.8309903740882874,0.24125744899113974,-0.3789883057276407,0.822740904443104,square_mix_prefill_s1,square,mix_prefill,1,-0.7985693365335464,,
40000,0.11253799619153138,0.7501118034124374,21.853140592575073,0.6227073967456818,0.8212423026561737,0.2380719967186451,-0.374668225646019,0.8110461252952982,square_mix_prefill_s1,square,mix_prefill,1,-0.7501118034124374,,
45000,0.11199954561889165,0.050088380773862164,24.61133321126302,0.6233935554822286,0.8107541600863138,0.23735120395819345,-0.35761691133181256,0.7996639665135534,square_mix_prefill_s1,square,mix_prefill,1,-0.050088380773862164,,
50000,0.1231952605148156,-0.2746123969554901,42.47514979044596,0.6201833089192709,0.811433732509613,0.23553758362929025,-0.35295913616816205,0.7901654419688996,square_mix_prefill_s1,square,mix_prefill,1,0.2746123969554901,,
55000,0.11473912770549453,-0.01921945810317997,52.04992548624674,0.6195777853329977,0.8022282322247823,0.22823662062486014,-0.37270113825798035,0.7808899205673673,square_mix_prefill_s1,square,mix_prefill,1,0.01921945810317997,,
60000,0.11140582412481304,-0.01409156620502472,63.429735819498696,0.6195208032925924,0.8111903071403503,0.23632813493410745,-0.367697407801946,0.7718296399630843,square_mix_prefill_s1,square,mix_prefill,1,0.01409156620502472,,
65000,0.1044981413831313,0.6609227061271667,73.74594370524089,0.6220740079879761,0.819053848584493,0.23781623442967734,-0.3789594868818919,0.7629771939396902,square_mix_prefill_s1,square,mix_prefill,1,-0.6609227061271667,,
70000,0.10609369414548074,0.2884835998217265,58.46060434977213,0.6257369915644327,0.81759641567866,0.24190849562486014,-0.3614727755387624,0.7543255122181117,square_mix_prefill_s1,square,mix_prefill,1,-0.2884835998217265,,
75000,0.10417519422868883,-0.09426383177439379,63.49207560221354,0.6214253306388855,0.80597452322642,0.2356770932674408,-0.3662833273410797,0.7458678416228027,square_mix_prefill_s1,square,mix_prefill,1,0.09426383177439379,,
80000,0.10310481060296292,-0.23191741108894337,54.978403091430664,0.6237500756978989,0.8141297698020935,0.2396065965294838,-0.3537147492170334,0.7362430188323716,square_mix_prefill_s1,square,mix_prefill,1,0.23191741108894337,,
85000,0.09644668760399021,-0.41649892926216125,58.01859792073568,0.6245857079823812,0.8068674405415853,0.23795574406782785,-0.3510824143886566,0.7268520407652014,square_mix_prefill_s1,square,mix_prefill,1,0.41649892926216125,,
90000,0.0962434500455856,-0.19391814370950064,54.14760208129883,0.6229796608289083,0.8072744210561117,0.24162947138150534,-0.35156339406967163,0.7189960258300291,square_mix_prefill_s1,square,mix_prefill,1,0.19391814370950064,,
95000,0.09415672967831286,0.22569196422894797,47.696947733561196,0.624831477801005,0.8190549810727438,0.24576823910077414,-0.3607742488384247,0.7113080163845381,square_mix_prefill_s1,square,mix_prefill,1,-0.22569196422894797,,
100000,0.0917016201963027,0.06590801477432251,31.85863494873047,0.6257652441660563,0.813542902469635,0.23902530471483865,-0.36172916491826373,0.703782680058001,square_mix_prefill_s1,square,mix_prefill,1,-0.06590801477432251,,
105000,0.0884013115117947,-0.13831714789072672,21.648150126139324,0.6219745675722758,0.8055797020594279,0.2360956221818924,-0.364183912674586,0.6964149077797647,square_mix_prefill_s1,square,mix_prefill,1,0.13831714789072672,,
110000,0.08272386540969207,0.9794113238652548,8.925697167714437,0.6310093204180399,0.8413331707318624,0.2506510516007741,-0.36492907007535297,0.6891998022115274,square_mix_prefill_s1,square,mix_prefill,1,-0.9794113238652548,,
115000,0.07930624894797794,-0.10666278004646301,0.3376741409301758,0.6274848580360413,0.8136744499206543,0.2435128465294838,-0.3557948768138885,0.6832971030041886,square_mix_prefill_s1,square,mix_prefill,1,0.10666278004646301,,
0,0.345986579110225,-17.004362106323246,134.13923136393228,0.5237602790196737,0.21635500093301138,0.10384115328391393,-0.1772372225920359,0.9007208111884603,square_mix_prefill_s2,square,mix_prefill,2,17.004362106323246,,
5000,0.07856526536246138,-3.974420726299286,81.28408177693684,0.6029814879099528,0.6987514694531759,0.2060081958770752,-0.3176862796147664,0.888687884439601,square_mix_prefill_s2,square,mix_prefill,2,3.974420726299286,,
10000,0.07001224489261704,3.5096919933954873,6.27227214972178,0.6264511942863464,0.8650630513827006,0.24590774873892465,-0.45142407218615216,0.8769722244057768,square_mix_prefill_s2,square,mix_prefill,2,-3.5096919933954873,,
15000,0.1181150488555431,1.4306972026824951,-6.632890542348226,0.6264151334762573,0.8278223077456156,0.2392113208770752,-0.40228026111920673,0.8655614463597902,square_mix_prefill_s2,square,mix_prefill,2,-1.4306972026824951,,
20000,0.12885294407606124,0.6882055848836899,4.5420130888621015,0.6209452549616495,0.8199969927469889,0.23325894276301065,-0.3849155108133952,0.8544438018978138,square_mix_prefill_s2,square,mix_prefill,2,-0.6882055848836899,,
25000,0.1381538607180118,-0.44454342126846313,26.009939511617024,0.6170293291409811,0.8083863059679667,0.2304222583770752,-0.366894006729126,0.8436081385895774,square_mix_prefill_s2,square,mix_prefill,2,0.44454342126846313,,
30000,0.14612195218602814,0.6223338345686594,52.85879770914713,0.6244620482126871,0.8235220313072205,0.24734934171040854,-0.35665122667948407,0.8330438626604773,square_mix_prefill_s2,square,mix_prefill,2,-0.6223338345686594,,
35000,0.15485266273220377,0.44692442814509065,75.1498540242513,0.6211989919344584,0.8124622702598572,0.24265254040559134,-0.36059404412905377,0.822740904443104,square_mix_prefill_s2,square,mix_prefill,2,-0.44692442814509065,,
40000,0.15840359777212143,1.4189721196889877,102.37522888183594,0.6284053325653076,0.8406427204608917,0.2502790316939354,-0.36226195096969604,0.8110461252952982,square_mix_prefill_s2,square,mix_prefill,2,-1.4189721196889877,,
45000,0.1398321631054083,1.1145203312238057,97.51346079508464,0.625262439250946,0.8270958662033081,0.24465217192967734,-0.35783519347508747,0.7996639665135534,square_mix_prefill_s2,square,mix_prefill,2,-1.1145203312238057,,
50000,0.12922267417112984,0.45761026938756305,87.67629496256511,0.619634211063385,0.8161579767862955,0.23795573910077414,-0.3658277193705241,0.7901654419688996,square_mix_prefill_s2,square,mix_prefill,2,-0.45761026938756305,,
55000,0.12390991064409411,0.03158099949359894,90.57872517903645,0.6205330689748129,0.8050497770309448,0.23614212373892465,-0.35727588335673016,0.7808899205673673,square_mix_prefill_s2,square,mix_prefill,2,-0.03158099949359894,,
60000,0.11299433708190913,1.0660058955351512,90.98638153076172,0.6221956610679626,0.8289759357770284,0.2421410083770752,-0.37284867962201435,0.7718296399630843,square_mix_prefill_s2,square,mix_prefill,2,-1.0660058955351512,,
65000,0.106291223069032,0.15291624764601383,76.84020741780598,0.621967077255249,0.8166722456614176,0.23721169432004294,-0.362895667552948,0.7629771939396902,square_mix_prefill_s2,square,mix_prefill,2,-0.15291624764601383,,
70000,0.10153864224751787,0.1515954434871674,67.39206441243489,0.6237491170565287,0.8108856081962585,0.2356305867433548,-0.36511563261349994,0.7543255122181117,square_mix_prefill_s2,square,mix_prefill,2,-0.1515954434871674,,
75000,0.0979090594997008,-0.5528319279352824,70.14127095540364,0.6192588011423746,0.7928400834401449,0.2333054393529892,-0.355048139890035,0.7458678416228027,square_mix_prefill_s2,square,mix_prefill,2,0.5528319279352824,,
80000,0.08615880496799941,0.47609771043062205,62.201125144958496,0.6234549880027771,0.8229078054428101,0.2373046986758709,-0.3681276813149452,0.7362430188323716,square_mix_prefill_s2,square,mix_prefill,2,-0.47609771043062205,,
85000,0.0770863395184278,-1.3333036104838054,45.858805338541664,0.6153009732564291,0.783234715461731,0.2251674234867096,-0.3537910183270772,0.7268520407652014,square_mix_prefill_s2,square,mix_prefill,2,1.3333036104838054,,
90000,0.08081372690697507,0.24472438295682272,35.811814626057945,0.6269300580024719,0.8135710755983988,0.23949034015337625,-0.3762141863505046,0.7189960258300291,square_mix_prefill_s2,square,mix_prefill,2,-0.24472438295682272,,
95000,0.0796015342076619,-0.5902169048786163,32.924065907796226,0.6218694845835367,0.7942473093668619,0.23228237529595694,-0.3631148934364319,0.7113080163845381,square_mix_prefill_s2,square,mix_prefill,2,0.5902169048786163,,
100000,0.07860851287841793,-0.7184411287307739,39.680493672688804,0.6163835128148397,0.7986436287562052,0.2284691333770752,-0.37958695491154987,0.703782680058001,square_mix_prefill_s2,square,mix_prefill,2,0.7184411287307739,,
105000,0.07530037052929396,-0.8053740859031677,38.43808237711588,0.6180513103802999,0.8042661746342977,0.23028274873892465,-0.36875343322753906,0.6964149077797647,square_mix_prefill_s2,square,mix_prefill,2,0.8053740859031677,,
110000,0.07570759877562516,0.5740003486474355,32.047733306884766,0.6263132294019064,0.8261819283167521,0.2382347583770752,-0.3826337953408559,0.6891998022115274,square_mix_prefill_s2,square,mix_prefill,2,-0.5740003486474355,,
115000,0.0769951321184635,-0.8689358681440353,35.17658996582031,0.6181390583515167,0.7865628600120544,0.2255859524011612,-0.3826131224632263,0.6832971030041886,square_mix_prefill_s2,square,mix_prefill,2,0.8689358681440353,,
0,0.34638804843028387,-16.841565132141113,134.61544036865234,0.5224748651186625,0.22006800274054208,0.10226004819075267,-0.1836712559064229,0.9007208111884603,square_mix_prefill_s3,square,mix_prefill,3,16.841565132141113,,
5000,0.0750881797323624,-4.4453643560409555,85.08576838175456,0.6045010089874268,0.6874383389949799,0.20810083051522574,-0.28818901379903156,0.888687884439601,square_mix_prefill_s3,square,mix_prefill,3,4.4453643560409555,,
10000,0.0646563609441121,4.409066756566365,2.958999872207641,0.6318349639574686,0.866976777712504,0.2564639349778493,-0.4768952230612437,0.8769722244057768,square_mix_prefill_s3,square,mix_prefill,3,-4.409066756566365,,
15000,0.10126870721578592,-1.4995660384496052,-22.796767552693684,0.5999932686487833,0.7511351903279623,0.20498513182004294,-0.4112105071544647,0.8655614463597902,square_mix_prefill_s3,square,mix_prefill,3,1.4995660384496052,,
20000,0.11444795069595175,2.115440587202708,-20.449800491333008,0.6271865169207255,0.8498271505037943,0.2460937649011612,-0.4118731717268626,0.8544438018978138,square_mix_prefill_s3,square,mix_prefill,3,-2.115440587202708,,
25000,0.1181482400745153,2.149639050165812,-16.825788497924805,0.6289537151654562,0.8688892126083374,0.2563709219296773,-0.3790483872095744,0.8436081385895774,square_mix_prefill_s3,square,mix_prefill,3,-2.149639050165812,,
30000,0.12158033909897004,0.8836143811543783,-3.434004783630371,0.6234491070111593,0.8286449114481608,0.23869978884855905,-0.38195600112279254,0.8330438626604773,square_mix_prefill_s3,square,mix_prefill,3,-0.8836143811543783,,
35000,0.10930231437087057,-0.15942029158274326,6.838236252466838,0.6189757982889811,0.8042034308115641,0.23711868623892465,-0.36456594864527386,0.822740904443104,square_mix_prefill_s3,square,mix_prefill,3,0.15942029158274326,,
40000,0.09316995805129402,0.4475070461630821,0.4715645909309387,0.6255161315202713,0.8226363211870193,0.2381068728864193,-0.37593963742256165,0.8110461252952982,square_mix_prefill_s3,square,mix_prefill,3,-0.4475070461630821,,
45000,0.08717119979361691,-0.21119297544161478,-2.860474387804667,0.6221380233764648,0.815839966138204,0.2366536557674408,-0.36430614193280536,0.7996639665135534,square_mix_prefill_s3,square,mix_prefill,3,0.21119297544161478,,
50000,0.08717755538721876,0.5984322726726532,3.2393353382746377,0.6318217714627584,0.8328567345937093,0.245256707072258,-0.3666159411271413,0.7901654419688996,square_mix_prefill_s3,square,mix_prefill,3,-0.5984322726726532,,
55000,0.09501440202196437,0.8126169145107269,21.891929626464844,0.6287091374397278,0.8358603715896606,0.24562873442967734,-0.3663467864195506,0.7808899205673673,square_mix_prefill_s3,square,mix_prefill,3,-0.8126169145107269,,
60000,0.10328772900005177,0.5676538522044818,57.23922602335612,0.6242111722628275,0.8282772699991862,0.23804875214894614,-0.3820983866850535,0.7718296399630843,square_mix_prefill_s3,square,mix_prefill,3,-0.5676538522044818,,
65000,0.1053684669236342,0.5101025601228079,73.96970621744792,0.6213175455729166,0.819683313369751,0.2347470372915268,-0.3771665294965108,0.7629771939396902,square_mix_prefill_s3,square,mix_prefill,3,-0.5101025601228079,,
70000,0.10414484217762941,0.6502643426259359,84.47071329752605,0.6235157450040182,0.8361490368843079,0.2395368367433548,-0.37095406651496887,0.7543255122181117,square_mix_prefill_s3,square,mix_prefill,3,-0.6502643426259359,,
75000,0.10306271873414513,0.3664778371651967,98.21339416503906,0.6209013859430949,0.8170901934305826,0.23753721515337625,-0.3713802397251129,0.7458678416228027,square_mix_prefill_s3,square,mix_prefill,3,-0.3664778371651967,,
80000,0.10872216215357183,0.8344478756189346,105.8581657409668,0.6250270009040833,0.8311581015586853,0.2426409162580967,-0.36575528979301447,0.7362430188323716,square_mix_prefill_s3,square,mix_prefill,3,-0.8344478756189346,,
85000,0.12073958826561766,0.3157241493463516,130.6578598022461,0.6233715613683065,0.814353863398234,0.24307106932004294,-0.3728528916835785,0.7268520407652014,square_mix_prefill_s3,square,mix_prefill,3,-0.3157241493463516,,
90000,0.12929984691242372,0.6005606452624004,155.99872843424478,0.6271524031956991,0.8332494497299194,0.24107143779595694,-0.36601362625757855,0.7189960258300291,square_mix_prefill_s3,square,mix_prefill,3,-0.6005606452624004,,
95000,0.1369179954131444,1.0297400653362274,193.1896769205729,0.6275750597318014,0.8254770835240682,0.24967449406782785,-0.3669147789478302,0.7113080163845381,square_mix_prefill_s3,square,mix_prefill,3,-1.0297400653362274,,
100000,0.13322390342752136,-0.4627924958864848,206.0919443766276,0.6199699838956197,0.8035410841306051,0.231584832072258,-0.36770782868067425,0.703782680058001,square_mix_prefill_s3,square,mix_prefill,3,0.4627924958864848,,
105000,0.13953116858998935,-0.5752771496772766,206.87235514322916,0.6184957424799601,0.7987352013587952,0.2290736734867096,-0.36608925461769104,0.6964149077797647,square_mix_prefill_s3,square,mix_prefill,3,0.5752771496772766,,
110000,0.13343935633699097,-0.5951248606046041,211.61014302571616,0.6136569579442342,0.7882756392161051,0.22595796982447305,-0.3744360903898875,0.6891998022115274,square_mix_prefill_s3,square,mix_prefill,3,0.5951248606046041,,
115000,0.1325552828609943,0.8841923177242279,211.96116638183594,0.6246609687805176,0.827186644077301,0.240862175822258,-0.38170781731605524,0.6832971030041886,square_mix_prefill_s3,square,mix_prefill,3,-0.8841923177242279,,
0,0.3744760525723298,-8.209971825281778,-37.73128561178843,0.5776382088661194,0.5850486556688944,0.16913132866223654,-0.2953597555557887,0.0,square_td_s1,square,td,1,8.209971825281778,0.6077162918998894,3.2419838110605874
5000,0.18145888720949488,-0.6128314336140951,57.56254577636719,0.6213192741076151,0.7954896887143453,0.23028274873892465,-0.3774157563845317,0.0,square_td_s1,square,td,1,0.6128314336140951,0.5237299233399776,2.5427868366241455
10000,0.18652665764093398,0.3981986343860626,122.97998809814453,0.6252707839012146,0.8196717898050944,0.23953684171040854,-0.3734002908070882,0.0,square_td_s1,square,td,1,-0.3981986343860626,0.541123229070438,2.5480366547902427
15000,0.20016454681754112,0.765556663274765,168.4038340250651,0.6258927782376608,0.8239513436953226,0.2415364682674408,-0.3852790594100952,0.0,square_td_s1,square,td,1,-0.765556663274765,0.5380401637655269,2.7868236700693765
20000,0.2085692971944809,0.2690379818280538,215.10867309570312,0.6212987701098124,0.8044260938962301,0.23962984482447305,-0.3926159640153249,0.0,square_td_s1,square,td,1,-0.2690379818280538,0.5257437905545452,2.9624276161193848
25000,0.21717242076992982,-0.18680391709009805,239.17484537760416,0.6221690972646078,0.8012115955352783,0.2302827537059784,-0.3915969530741374,0.0,square_td_s1,square,td,1,0.18680391709009805,0.5302535973794943,3.0674498081207275
30000,0.21984778419137,0.8771165013313293,272.2637939453125,0.6222507158915201,0.810663898785909,0.23404948910077414,-0.4033369521299998,0.0,square_td_s1,square,td,1,-0.8771165013313293,0.5110621493312246,3.238882382710775
35000,0.22156028524041171,-0.4225138823191325,300.87331136067706,0.6174421906471252,0.7851450641949972,0.22981772323449454,-0.3925991356372833,0.0,square_td_s1,square,td,1,0.4225138823191325,0.4961105352815658,3.2898555596669516
40000,0.23167731072753664,0.2993384078145027,316.05265045166016,0.6202993094921112,0.8013174086809158,0.2334333285689354,-0.3939649537205696,0.0,square_td_s1,square,td,1,-0.2993384078145027,0.5101308395376597,3.3672130703926086
45000,0.23110267246762906,0.09683974335590996,363.4832051595052,0.6200016736984253,0.7940916021664938,0.23014323910077414,-0.3983675241470337,0.0,square_td_s1,square,td,1,-0.09683974335590996,0.5075718592541006,3.372906446456909
50000,0.22539847368995344,0.1316779752572377,370.9830830891927,0.6172797679901123,0.8004482587178549,0.22814361254374185,-0.4017648696899414,0.0,square_td_s1,square,td,1,-0.1316779752572377,0.5128766193760185,3.2974655628204346
55000,0.22449099322160082,-0.4764157483975093,352.6000569661458,0.6127250989278158,0.778828759988149,0.2235398143529892,-0.3938722809155782,0.0,square_td_s1,square,td,1,0.4764157483975093,0.5140006136441353,3.1974593798319497
60000,0.23512941002845758,0.31918234626452124,364.7449137369792,0.6195876002311707,0.7966822584470113,0.2298642247915268,-0.4015848239262898,0.0,square_td_s1,square,td,1,-0.31918234626452124,0.5054855767015973,3.453648090362549
65000,0.22780529484152792,0.39216506481170654,366.61509195963544,0.6192920207977295,0.807905892531077,0.22991072634855905,-0.4003865718841553,0.0,square_td_s1,square,td,1,-0.39216506481170654,0.4951051898743246,3.477189064025879
70000,0.23246457005540522,1.1399127046267192,361.1930643717448,0.6247833172480265,0.811017910639445,0.238420769572258,-0.4036082128683726,0.0,square_td_s1,square,td,1,-1.1399127046267192,0.5012395266919039,3.5017174084981284
75000,0.24123470162351923,-0.08657171328862508,362.3888651529948,0.6194721261660258,0.7923435568809509,0.2311197966337204,-0.39685269196828205,0.0,square_td_s1,square,td,1,0.08657171328862508,0.504580373312486,3.5385886828104653
80000,0.25359724263350164,0.34957511226336163,358.27210489908856,0.6199590166409811,0.8005005915959676,0.2328869104385376,-0.408140371243159,0.0,square_td_s1,square,td,1,-0.34957511226336163,0.48935967933005764,3.9145451386769614
85000,0.2640509674946467,-0.23189823826154068,389.86045328776044,0.6151235898335775,0.7774412631988525,0.22307478884855905,-0.4156547288099925,0.0,square_td_s1,square,td,1,0.23189823826154068,0.5054292631281276,3.926248550415039
90000,0.2615076124668121,-1.0030826528867085,398.43572998046875,0.6077106992403666,0.761479655901591,0.21330916384855905,-0.4028911789258321,0.0,square_td_s1,square,td,1,1.0030826528867085,0.4890414982210142,3.9091687202453613
95000,0.2515475999563932,-0.048725493252277374,406.66204833984375,0.6131125390529633,0.7909962832927704,0.2234235592186451,-0.41211298108100886,0.0,square_td_s1,square,td,1,0.048725493252277374,0.4891144838592669,3.8889012336730957
100000,0.26074129790067674,0.9869720935821533,414.34039306640625,0.6237327853838602,0.8108588854471842,0.23102679351965585,-0.408713032801946,0.0,square_td_s1,square,td,1,-0.9869720935821533,0.48439731713284023,4.063507477442424
105000,0.2680659055709838,0.678140809138616,443.9804178873698,0.6194034417470297,0.8022399743398031,0.22800410290559134,-0.4202811320622762,0.0,square_td_s1,square,td,1,-0.678140809138616,0.4733817455741109,4.338850895563762
110000,0.2814483160773913,0.8084202210108439,458.75501505533856,0.6190085411071777,0.7965345978736877,0.2303757518529892,-0.41978058218955994,0.0,square_td_s1,square,td,1,-0.8084202210108439,0.47157772149363186,4.502338886260986
115000,0.2825885429978371,-0.4039131999015808,504.1651916503906,0.6040140390396118,0.7653103470802307,0.2103794738650322,-0.4287455677986145,0.0,square_td_s1,square,td,1,0.4039131999015808,0.47245023720649326,4.457190036773682
0,0.38619266748428344,-5.796586374441783,-43.1085573832194,0.5908889770507812,0.6365829606850942,0.18670945862929025,-0.31146131455898285,0.0,square_td_s2,square,td,2,5.796586374441783,0.5822521185236925,3.7057882150014243
5000,0.20868928457299862,0.17805071671803793,35.73662439982096,0.6221288045247396,0.8070798516273499,0.23739770551522574,-0.38633476694424945,0.0,square_td_s2,square,td,2,-0.17805071671803793,0.46523876911225576,3.3637009461720786
10000,0.2170106100539366,0.2940343022346497,73.76444753011067,0.6251522501309713,0.8099068204561869,0.24130395551522574,-0.37815513213475543,0.0,square_td_s2,square,td,2,-0.2940343022346497,0.5141579949883623,3.1030685901641846
15000,0.23788169994950292,-0.3463098307450612,134.049072265625,0.6209364732106527,0.8006398876508077,0.2287946492433548,-0.3861093421777089,0.0,square_td_s2,square,td,2,0.3463098307450612,0.545823037222975,3.227975527445475
20000,0.24203453088800106,-0.23397537072499594,195.10511271158853,0.6219749848047892,0.8093909025192261,0.23474703232447305,-0.3741234044233958,0.0,square_td_s2,square,td,2,0.23397537072499594,0.5558004299089053,3.1918908754984536
25000,0.2564998231828213,-0.21787325541178393,250.6509806315104,0.6213561296463013,0.8016157944997152,0.2357701063156128,-0.37308119734128314,0.0,square_td_s2,square,td,2,0.21787325541178393,0.5471119622804748,3.416128953297933
30000,0.2765234882632891,0.714416633049647,321.2577718098958,0.6286707321802775,0.8252580761909485,0.24679130812486014,-0.3808840612570445,0.0,square_td_s2,square,td,2,-0.714416633049647,0.5421405599266261,3.8047004540761313
35000,0.289223634203275,-0.42935744921366376,366.43567911783856,0.6184743444124857,0.8007091879844666,0.23284040888150534,-0.3744361698627472,0.0,square_td_s2,square,td,2,0.42935744921366376,0.5394719628334989,3.9371188481648765
40000,0.2885812353342771,0.04097973927855494,400.9130859375,0.6214655041694641,0.8020308315753937,0.2346889041364193,-0.3856429383158684,0.0,square_td_s2,square,td,2,-0.04097973927855494,0.5290025424611338,4.066615998744965
45000,0.29648561676343277,-0.06446538368860881,418.47105916341144,0.6168553034464518,0.7992214759190878,0.2300037294626236,-0.3917513390382131,0.0,square_td_s2,square,td,2,0.06446538368860881,0.5240446355704963,4.217590967814128
50000,0.2883749276399612,-0.3684403697649638,425.94484456380206,0.6173917055130005,0.7904458244641622,0.2271670550107956,-0.38769861062367755,0.0,square_td_s2,square,td,2,0.3684403697649638,0.5259204410240406,4.024638652801514
55000,0.28358848442633944,0.5924814492464066,423.4071451822917,0.6239298383394877,0.8111098806063334,0.23544458051522574,-0.39442334572474164,0.0,square_td_s2,square,td,2,-0.5924814492464066,0.5277796100320787,4.014458179473877
60000,0.28748329033454256,0.4769226014614105,427.57366943359375,0.6237980127334595,0.805131713549296,0.23949034015337625,-0.3830351034800212,0.0,square_td_s2,square,td,2,-0.4769226014614105,0.535384659014681,3.9458386103312173
65000,0.30114953915278114,-0.19037243723869324,419.5553487141927,0.6195889512697855,0.7899832328160604,0.2327008992433548,-0.3826383848985036,0.0,square_td_s2,square,td,2,0.19037243723869324,0.525861575751304,4.16860310236613
70000,0.3069822331269582,0.47681260108947754,441.5231018066406,0.625004788239797,0.8090779582659403,0.23809524873892465,-0.3939120372136434,0.0,square_td_s2,square,td,2,-0.47681260108947754,0.5209971595233753,4.432232062021892
75000,0.3098736266295115,-0.0930157204469045,446.21002197265625,0.616672416528066,0.7930363217989603,0.2274460643529892,-0.4001931647459666,0.0,square_td_s2,square,td,2,0.0930157204469045,0.49796818359848793,4.666051705678304
80000,0.3402907714247703,0.04881607492764791,471.94971720377606,0.6187803745269775,0.7995294332504272,0.23381697634855905,-0.39319200317064923,0.0,square_td_s2,square,td,2,-0.04881607492764791,0.5268508124903118,4.81018861134847
85000,0.34125447869300846,0.8293753365675608,511.62281290690106,0.622218906879425,0.8180853128433228,0.23614212373892465,-0.4076702396074931,0.0,square_td_s2,square,td,2,-0.8293753365675608,0.5208309385903801,5.008881251017253
90000,0.3312864010532697,-0.36198421319325763,514.0779520670573,0.6161297162373861,0.7887437343597412,0.22763208051522574,-0.4003826479117076,0.0,square_td_s2,square,td,2,0.36198421319325763,0.494530287375392,5.014962514241536
95000,0.3425419468432665,-0.11884034425020218,538.4911651611328,0.6144972592592239,0.792249783873558,0.2281668595969677,-0.40261703729629517,0.0,square_td_s2,square,td,2,0.11884034425020218,0.5073690626955158,5.081658124923706
100000,0.3523081729809443,0.4432043631871541,558.6382853190104,0.6195020079612732,0.8025492231051127,0.23023624221483865,-0.409361074368159,0.0,square_td_s2,square,td,2,-0.4432043631871541,0.5004865427412793,5.330747922261556
105000,0.3545256326595942,0.15587832530339557,556.6550089518229,0.6186140775680542,0.7914203802744547,0.22623698910077414,-0.41148770848910016,0.0,square_td_s2,square,td,2,-0.15587832530339557,0.4912656903150134,5.44833771387736
110000,0.3394366905093193,0.35310572385787964,536.4427693684896,0.619632621606191,0.7966532309850057,0.23158482710520426,-0.41431578000386554,0.0,square_td_s2,square,td,2,-0.35310572385787964,0.49162160798291676,5.244879563649495
115000,0.33681426420807836,-0.013246700167655945,501.9042510986328,0.6169462203979492,0.7925441265106201,0.2259347215294838,-0.411923736333847,0.0,square_td_s2,square,td,2,0.013246700167655945,0.49059518110471695,5.251801252365112
0,0.3813898836572964,-7.092000404993693,-34.05259386698405,0.5853996078173319,0.611790249745051,0.17694382866223654,-0.29823383688926697,0.0,square_td_s3,square,td,3,7.092000404993693,0.5883907946899809,3.5052525202433267
5000,0.18370780795812602,0.7176316380500793,64.25600179036458,0.631209135055542,0.8310826420783997,0.2456752359867096,-0.37114519874254864,0.0,square_td_s3,square,td,3,-0.7176316380500793,0.53778738092318,2.541088024775187
10000,0.19433473621805505,0.17951428890228271,123.12532806396484,0.6264539162317911,0.8162303368250529,0.24014138182004294,-0.38156311710675556,0.0,square_td_s3,square,td,3,-0.17951428890228271,0.5166834189285502,2.7843010425567627
15000,0.2066372739772002,0.8268304268519083,192.4134521484375,0.6271557807922363,0.8235241572062174,0.24218750993410745,-0.3868831793467203,0.0,square_td_s3,square,td,3,-0.8268304268519083,0.5360969619225501,2.8822314739227295
20000,0.2375123915572961,-0.2703933119773865,231.48777770996094,0.6225618918736776,0.8021407922108968,0.23572359482447305,-0.3779078821341196,0.0,square_td_s3,square,td,3,0.2703933119773865,0.5328803164859379,3.267911513646444
25000,0.25917827884356176,0.4533066054185231,311.33111572265625,0.6236379543940226,0.818000058333079,0.23632812996705374,-0.3938356041908264,0.0,square_td_s3,square,td,3,-0.4533066054185231,0.5481326650282551,3.5618879795074463
30000,0.28753755539655684,0.1244962712128957,381.38868204752606,0.6209631562232971,0.7988204558690389,0.23674666384855905,-0.3823084533214569,0.0,square_td_s3,square,td,3,-0.1244962712128957,0.5468139140661595,3.8268392086029053
35000,0.3291656682888667,0.7853277077277502,433.9363098144531,0.6285519202550253,0.812601625919342,0.24572173754374185,-0.38044660290082294,0.0,square_td_s3,square,td,3,-0.7853277077277502,0.5411897982681124,4.4569369951883955
40000,0.3581143386662006,-0.40795011073350906,542.3004760742188,0.6180309802293777,0.792080819606781,0.2302594967186451,-0.381208211183548,0.0,square_td_s3,square,td,3,0.40795011073350906,0.5339357774438911,4.89609158039093
45000,0.34809431384007133,-0.05862337350845337,606.8637491861979,0.6169530351956686,0.7958405216534933,0.23093379040559134,-0.39466777443885803,0.0,square_td_s3,square,td,3,0.05862337350845337,0.5046028582512387,5.108402093251546
50000,0.3569112519423167,-1.0351168513298035,651.0387369791666,0.6184311707814535,0.7819445927937826,0.22409785290559134,-0.3861546417077382,0.0,square_td_s3,square,td,3,1.0351168513298035,0.5122903484618503,5.110674858093262
55000,0.3613332430521647,0.2086733877658844,660.7533365885416,0.621096670627594,0.8011343876520792,0.23209636410077414,-0.39824629823366803,0.0,square_td_s3,square,td,3,-0.2086733877658844,0.5067342906305711,5.289198557535808
60000,0.3778212656577427,0.11452525854110718,695.7365112304688,0.6231724818547567,0.7983388702074686,0.2360491156578064,-0.3909253378709157,0.0,square_td_s3,square,td,3,-0.11452525854110718,0.512336667948218,5.427823543548584
65000,0.4000647445519765,0.4244494736194611,744.7026570638021,0.620579719543457,0.8041372299194336,0.23242188493410745,-0.39263121287027997,0.0,square_td_s3,square,td,3,-0.4244494736194611,0.5060872998012084,5.861336390177409
70000,0.42305201888084404,0.17307917277018228,785.0873209635416,0.6205991705258688,0.7959398825963339,0.23153833051522574,-0.3908701539039611,0.0,square_td_s3,square,td,3,-0.17307917277018228,0.5060503809977609,6.154882113138835
75000,0.42179093807935714,0.3234989643096924,809.6102905273438,0.6160873572031657,0.7967272202173868,0.2298177182674408,-0.4063318769137065,0.0,square_td_s3,square,td,3,-0.3234989643096924,0.5010296332258414,6.318494160970052
80000,0.4336286197106043,0.5549377004305521,849.2053833007812,0.6167919635772705,0.8009949326515198,0.22684152921040854,-0.41265950600306195,0.0,square_td_s3,square,td,3,-0.5549377004305521,0.5067479430971847,6.485699971516927
85000,0.4397409339745839,0.34694238503774005,867.2959594726562,0.6200122435887655,0.7847989996274313,0.230608269572258,-0.401712566614151,0.0,square_td_s3,square,td,3,-0.34694238503774005,0.49212621922810823,6.574239571889241
90000,0.46150125712156287,0.19087652365366617,870.4391479492188,0.6177800893783569,0.7981437842051188,0.22991072634855905,-0.4009382426738739,0.0,square_td_s3,square,td,3,-0.19087652365366617,0.4966825515580533,6.9230804443359375
95000,0.5135755091905594,-0.304166279733181,924.7732391357422,0.615961104631424,0.7817417234182358,0.2240862287580967,-0.4033137932419777,0.0,square_td_s3,square,td,3,0.304166279733181,0.5127795837873853,7.429010272026062
100000,0.521660229563713,-0.6174112136165302,992.2826944986979,0.613832414150238,0.7771608233451843,0.22051712373892465,-0.3958500822385152,0.0,square_td_s3,square,td,3,0.6174112136165302,0.49224903834470507,7.794086774190267
105000,0.5362175583839416,-0.26333353916804,1004.7339070638021,0.61635822057724,0.7929660876592001,0.22512092192967734,-0.3994279106458028,0.0,square_td_s3,square,td,3,0.26333353916804,0.48981595228101926,8.192329247792562
110000,0.5669877211252848,-0.10172087947527571,1021.0882161458334,0.6188544034957886,0.7923583388328552,0.22633000214894614,-0.4024462203184764,0.0,square_td_s3,square,td,3,0.10172087947527571,0.4876358120071769,8.682446479797363
115000,0.5823447570204734,-0.7430679798126221,1053.3657836914062,0.6125689148902893,0.7757424414157867,0.2210519090294838,-0.3970409035682678,0.0,square_td_s3,square,td,3,0.7430679798126221,0.4850121660051422,8.807240009307861
0,0.3714144165317217,-15.338785489400228,-61.53031921386719,0.5383491913477579,0.2913534119725227,0.11904762436946233,-0.19347108900547025,0.0,square_tent12_hq_s1,square,tent12_hq,1,15.338785489400228,0.738993568626368,1.5421159466107686
5000,0.2634395842750867,-11.137486139933268,-99.95891825358073,0.55979456504186,0.49479058384895325,0.14355469246705374,-0.26488693555196124,0.0,square_tent12_hq_s1,square,tent12_hq,1,11.137486139933268,0.39604294607756874,3.243369181950887
10000,0.31839960863192873,-11.125074704488119,-108.15323130289714,0.5583943327267965,0.4838179548581441,0.142671138048172,-0.26077165206273395,0.0,square_tent12_hq_s1,square,tent12_hq,1,11.125074704488119,0.46587063561698616,3.2259870370229087
15000,0.27925076683362327,-11.716902097066244,-100.18008931477864,0.5534655451774597,0.4644784430662791,0.13769532243410745,-0.25866325696309406,0.0,square_tent12_hq_s1,square,tent12_hq,1,11.716902097066244,0.49926429864273825,2.5286664962768555
20000,0.24819257110357285,-11.677515983581543,-93.56390380859375,0.5565670728683472,0.4701947669188182,0.14239211877187094,-0.25460442900657654,0.0,square_tent12_hq_s1,square,tent12_hq,1,11.677515983581543,0.48090149795892473,2.3883275190989175
25000,0.23449588641524313,-11.931833267211914,-91.82101694742839,0.5570919911066691,0.46083228786786395,0.14425223569075266,-0.24196575582027427,0.0,square_tent12_hq_s1,square,tent12_hq,1,11.931833267211914,0.5628939494941693,1.8678356011708577
30000,0.2228945970535278,-12.07932217915853,-87.41007741292317,0.5539339383443197,0.4493582447369893,0.13811384638150534,-0.2435249437888463,0.0,square_tent12_hq_s1,square,tent12_hq,1,12.07932217915853,0.5911212415200572,1.65372896194458
35000,0.20313753411173815,-12.308833440144857,-82.70030212402344,0.5573470592498779,0.44801711042722064,0.14164807399113974,-0.23667879402637482,0.0,square_tent12_hq_s1,square,tent12_hq,1,12.308833440144857,0.6290614179486155,1.426194429397583
40000,0.20428276415914293,-11.62159013748169,-80.94445610046387,0.5586094558238983,0.4745442345738411,0.145821712911129,-0.2385495379567146,0.0,square_tent12_hq_s1,square,tent12_hq,1,11.62159013748169,0.6263402908954598,1.4922456741333008
45000,0.2074263917903105,-11.427509943644205,-77.91138966878255,0.5637298623720804,0.47606969873110455,0.14904204507668814,-0.23633040487766263,0.0,square_tent12_hq_s1,square,tent12_hq,1,11.427509943644205,0.6595646214505936,1.4516412417093914
50000,0.20744340593616165,-11.882039705912272,-73.97471618652344,0.5588096777598063,0.461329032977422,0.14569382866223654,-0.23379639784495032,0.0,square_tent12_hq_s1,square,tent12_hq,1,11.882039705912272,0.6422631098807834,1.4500313997268677
55000,0.2052365928888321,-11.966923713684082,-71.63263448079427,0.5556062261263529,0.4479930102825165,0.14043899377187094,-0.23717373609542847,0.0,square_tent12_hq_s1,square,tent12_hq,1,11.966923713684082,0.6411949745650589,1.4040416876475017
60000,0.2031804760297139,-12.022429466247559,-73.79763793945312,0.5572451750437418,0.45503995815912884,0.1438802182674408,-0.23372987409432724,0.0,square_tent12_hq_s1,square,tent12_hq,1,12.022429466247559,0.6552389890954888,1.379197120666504
65000,0.2027649288376172,-11.583338419596354,-82.50484466552734,0.5576581756273905,0.468186597029368,0.14471726616223654,-0.2442500293254852,0.0,square_tent12_hq_s1,square,tent12_hq,1,11.583338419596354,0.6436104461464232,1.4422396818796794
70000,0.204217949261268,-11.776495615641275,-77.7168451944987,0.5616077383359274,0.4548770984013875,0.14639137188593546,-0.23381688197453812,0.0,square_tent12_hq_s1,square,tent12_hq,1,11.776495615641275,0.6658621936917092,1.365340034166972
75000,0.19839536945025124,-12.037927627563477,-76.06776682535808,0.556801438331604,0.44751088817914325,0.1439732164144516,-0.23742980261643729,0.0,square_tent12_hq_s1,square,tent12_hq,1,12.037927627563477,0.6559366078213817,1.3314135074615479
80000,0.19078203514218328,-11.782624244689941,-76.85357093811035,0.5599548667669296,0.459276832640171,0.143380306661129,-0.2445418201386928,0.0,square_tent12_hq_s1,square,tent12_hq,1,11.782624244689941,0.6494983758690906,1.3317302465438843
85000,0.18984402194619177,-11.60339323679606,-83.92798614501953,0.5632575551668803,0.46106381217638653,0.14671689768632254,-0.242605835199356,0.0,square_tent12_hq_s1,square,tent12_hq,1,11.60339323679606,0.634824463430821,1.3561116059621174
90000,0.18644312644998232,-12.159963607788086,-81.86578369140625,0.5577488740285238,0.4547307888666789,0.14043899377187094,-0.23491601149241126,0.0,square_tent12_hq_s1,square,tent12_hq,1,12.159963607788086,0.6475877152044331,1.297303835550944
95000,0.1809900564452012,-12.038152694702148,-79.37078603108723,0.560139000415802,0.44699926177660626,0.1409505307674408,-0.24386313557624814,0.0,square_tent12_hq_s1,square,tent12_hq,1,12.038152694702148,0.6460472466797472,1.252996285756429
100000,0.17850351755817728,-11.745338439941406,-71.75480143229167,0.5608031352361044,0.4413088361422221,0.14471727112929025,-0.24149100482463834,0.0,square_tent12_hq_s1,square,tent12_hq,1,11.745338439941406,0.6641901317460975,1.1819064617156982
105000,0.17812561616301534,-12.241981506347656,-77.46331787109375,0.557983418305715,0.4410834113756816,0.1422991156578064,-0.2345140824715296,0.0,square_tent12_hq_s1,square,tent12_hq,1,12.241981506347656,0.6451752044884808,1.2151859203974407
110000,0.1835293737550576,-11.68845017751058,-76.92798105875652,0.5614408254623413,0.453823725382487,0.14453125993410745,-0.24124556779861447,0.0,square_tent12_hq_s1,square,tent12_hq,1,11.68845017751058,0.6403217222295865,1.294788122177124
115000,0.18757560513913624,-12.141036033630371,-71.71973037719727,0.5582261383533478,0.44338497519493103,0.1409737765789032,-0.23739916831254954,0.0,square_tent12_hq_s1,square,tent12_hq,1,12.141036033630371,0.6560614061137326,1.2653628587722778
0,0.36586421504616734,-16.415220896402996,-68.18282063802083,0.5262723565101624,0.2457422415415446,0.10351562996705373,-0.19368556141853324,0.0,square_tent12_hq_s2,square,tent12_hq,2,16.415220896402996,0.7040181158963218,1.440914233525594
5000,0.2825239539146423,-10.328212420145668,-113.27969614664714,0.566469649473826,0.5097873906294504,0.1526227742433548,-0.263045385479927,0.0,square_tent12_hq_s2,square,tent12_hq,2,10.328212420145668,0.4065840572852797,3.4574477672576904
10000,0.3441463177402814,-11.745341618855795,-117.13595835367839,0.5563531716664633,0.47214771310488385,0.13802083830038706,-0.25039718051751453,0.0,square_tent12_hq_s2,square,tent12_hq,2,11.745341618855795,0.46646837534769087,3.3897112210591636
15000,0.2950349460045496,-12.199705441792807,-105.13687133789062,0.5509973764419556,0.45556576053301495,0.13611421485741934,-0.24622887869675947,0.0,square_tent12_hq_s2,square,tent12_hq,2,12.199705441792807,0.5337154894536749,2.464679002761841
20000,0.2577024551729361,-11.925267537434896,-92.93858337402344,0.5555182496706644,0.46089991927146906,0.14076451460520426,-0.2432431777318318,0.0,square_tent12_hq_s2,square,tent12_hq,2,11.925267537434896,0.5558458822235294,2.0568647384643555
25000,0.23018965348601336,-11.223946889241537,-95.05624135335286,0.5619892279307047,0.48531387249628705,0.15015811721483865,-0.24049177269140873,0.0,square_tent12_hq_s2,square,tent12_hq,2,11.223946889241537,0.596037892898757,1.7814196348190308
30000,0.2138296877344449,-11.587939262390137,-90.47177632649739,0.5625366369883219,0.4750123123327891,0.1471819281578064,-0.24583899478117624,0.0,square_tent12_hq_s2,square,tent12_hq,2,11.587939262390137,0.6327904038708194,1.5594337383906047
35000,0.2033127682904402,-12.01893393198649,-89.76273345947266,0.5598014791806539,0.45941489934921265,0.13983445862929025,-0.2405822376410166,0.0,square_tent12_hq_s2,square,tent12_hq,2,12.01893393198649,0.6120719980571129,1.4893258015314739
40000,0.19798746444284915,-11.713414430618286,-83.00465774536133,0.5612374097108841,0.4684775248169899,0.1490304209291935,-0.23639090359210962,0.0,square_tent12_hq_s2,square,tent12_hq,2,11.713414430618286,0.672595669345625,1.3390754163265228
45000,0.18610139464338618,-12.117073694864908,-79.13379669189453,0.5585226615269979,0.4530878166357675,0.14164807399113974,-0.2294355481863021,0.0,square_tent12_hq_s2,square,tent12_hq,2,12.117073694864908,0.6519813342321765,1.2535769542058308
50000,0.1839051780601342,-12.44876225789388,-79.50047047932942,0.5562284787495931,0.44394799073537183,0.14174107710520426,-0.22819004456202185,0.0,square_tent12_hq_s2,square,tent12_hq,2,12.44876225789388,0.6315706580351955,1.272888978322347
55000,0.18715907459457712,-11.688122749328613,-80.15166982014973,0.5601840019226074,0.4529803395271301,0.14708892007668814,-0.22867471973101297,0.0,square_tent12_hq_s2,square,tent12_hq,2,11.688122749328613,0.6500502852884461,1.2521668275197346
60000,0.18932085459431006,-11.767572085062662,-79.86832427978516,0.5592623353004456,0.4631602664788564,0.14448475341002145,-0.23385242621103916,0.0,square_tent12_hq_s2,square,tent12_hq,2,11.767572085062662,0.6681248089256284,1.2619486649831135
65000,0.18437223086754476,-12.246343612670898,-74.86421203613281,0.5582835078239441,0.4450572331746419,0.14406622449556986,-0.231625368197759,0.0,square_tent12_hq_s2,square,tent12_hq,2,12.246343612670898,0.6431538823017576,1.251791000366211
70000,0.1778741193314393,-11.879328091939291,-81.35101826985677,0.5571125944455465,0.4551603893438975,0.14504278699556986,-0.23600221673647556,0.0,square_tent12_hq_s2,square,tent12_hq,2,11.879328091939291,0.6393515941989967,1.2351366678873699
75000,0.17170675968130425,-12.373144149780273,-75.80978902180989,0.553695797920227,0.4353759487469991,0.1401134729385376,-0.23242743810017905,0.0,square_tent12_hq_s2,square,tent12_hq,2,12.373144149780273,0.6584455128855967,1.1194947560628254
80000,0.1686720905825495,-11.834654569625854,-78.34246063232422,0.5570303946733475,0.449137270450592,0.1430315338075161,-0.24093703925609586,0.0,square_tent12_hq_s2,square,tent12_hq,2,11.834654569625854,0.6455816627075937,1.1590838730335236
85000,0.168162935723861,-11.761454900105795,-79.16015116373698,0.5575451850891113,0.4482308228810628,0.1434616893529892,-0.24296570320924124,0.0,square_tent12_hq_s2,square,tent12_hq,2,11.761454900105795,0.6325204904669439,1.1725747187932332
90000,0.16684975251555442,-12.035943349202475,-73.9681167602539,0.5553412834803263,0.4420363207658132,0.13885789116223654,-0.24545191725095108,0.0,square_tent12_hq_s2,square,tent12_hq,2,12.035943349202475,0.6680123578761982,1.1068589289983113
95000,0.1709197796881199,-11.743090947469076,-79.17396545410156,0.5567715366681417,0.4508151908715566,0.146577388048172,-0.24227380752563474,0.0,square_tent12_hq_s2,square,tent12_hq,2,11.743090947469076,0.6390295630118243,1.1973947286605835
100000,0.17749886239568388,-11.728588104248047,-84.05182393391927,0.5628715952237447,0.45233336091041565,0.14392671982447305,-0.23749000330766043,0.0,square_tent12_hq_s2,square,tent12_hq,2,11.728588104248047,0.6405591957034494,1.2368534803390503
105000,0.1816987300912539,-12.028859456380209,-82.79943339029948,0.5597298343976339,0.44498725732167554,0.14513580004374185,-0.23914712170759833,0.0,square_tent12_hq_s2,square,tent12_hq,2,12.028859456380209,0.6415218335915046,1.2454822063446045
110000,0.18017043694853782,-11.737687428792318,-77.80585225423177,0.5536428093910217,0.4423099160194397,0.14039248724778494,-0.2484842936197916,0.0,square_tent12_hq_s2,square,tent12_hq,2,11.737687428792318,0.6182189871814897,1.2876431941986084
115000,0.1756905686110258,-11.889516353607178,-84.58786010742188,0.5569926798343658,0.4514166265726089,0.1424386203289032,-0.24624054878950116,0.0,square_tent12_hq_s2,square,tent12_hq,2,11.889516353607178,0.6371568482850996,1.2499609589576721
0,0.3693095495303471,-15.341305414835611,-60.44518788655599,0.5380695660909017,0.2888331984480222,0.1192801371216774,-0.18330804506937656,0.0,square_tent12_hq_s3,square,tent12_hq,3,15.341305414835611,0.7465904966789677,1.5150740345319111
5000,0.2535231098532676,-10.99569320678711,-101.51868184407552,0.5595369140307108,0.48081041375796,0.14406622449556986,-0.2576941152413686,0.0,square_tent12_hq_s3,square,tent12_hq,3,10.99569320678711,0.34487639253677266,3.4879654248555503
10000,0.32867340544859563,-11.15219243367513,-119.13468933105469,0.5624067187309265,0.47846002380053204,0.15099517007668814,-0.25048432747522986,0.0,square_tent12_hq_s3,square,tent12_hq,3,11.15219243367513,0.44177554801651375,3.45052703221639
15000,0.29834022819995876,-11.423405647277832,-97.9344482421875,0.5603802800178528,0.4658070107301076,0.14606585105260214,-0.23554602762063345,0.0,square_tent12_hq_s3,square,tent12_hq,3,11.423405647277832,0.524180271286356,2.5398755073547363
20000,0.2644307384888331,-11.469713846842447,-96.66846974690755,0.5619120995203654,0.47903476158777863,0.1492745578289032,-0.23872954150040945,0.0,square_tent12_hq_s3,square,tent12_hq,3,11.469713846842447,0.5650714706388432,2.145228624343872
25000,0.24107687398791308,-12.081416130065918,-89.13722737630208,0.5555627743403116,0.45341294010480243,0.14039249221483865,-0.2368660469849904,0.0,square_tent12_hq_s3,square,tent12_hq,3,12.081416130065918,0.58416277352703,1.8253164291381836
30000,0.22722474460800487,-12.034517923990885,-84.94731903076172,0.5566352208455404,0.456558624903361,0.14295015235741934,-0.2304506947596868,0.0,square_tent12_hq_s3,square,tent12_hq,3,12.034517923990885,0.610373017877689,1.6342175006866455
35000,0.22379244267940515,-11.828052838643393,-79.14021555582683,0.5591901938120524,0.47050825754801434,0.14378721018632254,-0.24066390097141258,0.0,square_tent12_hq_s3,square,tent12_hq,3,11.828052838643393,0.6202228065218599,1.6408265034357707
40000,0.21722908616065975,-11.9224214553833,-75.16994857788086,0.5616459846496582,0.4547574669122696,0.1447405181825161,-0.23378378152847284,0.0,square_tent12_hq_s3,square,tent12_hq,3,11.9224214553833,0.651251044174195,1.4694506525993347
45000,0.21801102384924884,-11.850669860839844,-75.90762329101562,0.5610990524291992,0.46062013506889343,0.1463448703289032,-0.23017735779285428,0.0,square_tent12_hq_s3,square,tent12_hq,3,11.850669860839844,0.6655209102377596,1.444963773091634
50000,0.22541748459140454,-12.30024496714274,-71.70792388916016,0.5618855754534403,0.4520440697669983,0.14197358985741934,-0.23287145793437955,0.0,square_tent12_hq_s3,square,tent12_hq,3,12.30024496714274,0.6637337364807346,1.512588381767273
55000,0.242182303716739,-11.956953048706055,-73.48985290527344,0.5597694913546244,0.45201942324638367,0.14587983985741934,-0.2300984015067418,0.0,square_tent12_hq_s3,square,tent12_hq,3,11.956953048706055,0.6230546986457158,1.704277237256368
60000,0.22938798243800798,-11.928762435913086,-76.78606923421223,0.558626393477122,0.45955700675646466,0.1452753096818924,-0.23644542694091794,0.0,square_tent12_hq_s3,square,tent12_hq,3,11.928762435913086,0.6960671096133398,1.4736491839090984
65000,0.21779626781741776,-11.821060498555502,-73.22207895914714,0.559651255607605,0.45436851183573407,0.14039249221483865,-0.23190464079380027,0.0,square_tent12_hq_s3,square,tent12_hq,3,11.821060498555502,0.6837183253803792,1.4002288977305095
70000,0.208617557088534,-11.876026153564453,-73.05181121826172,0.5577269991238912,0.45360386371612543,0.14202009638150534,-0.23868761459986362,0.0,square_tent12_hq_s3,square,tent12_hq,3,11.876026153564453,0.6715040477712556,1.3723849058151245
75000,0.20077642127871506,-11.915045420328775,-68.06432851155598,0.5555510322252909,0.45123593012491864,0.138764888048172,-0.24125975370407104,0.0,square_tent12_hq_s3,square,tent12_hq,3,11.915045420328775,0.6789518672661922,1.3098395665486653
80000,0.18873976953327654,-12.134093284606934,-69.56711006164551,0.5577089339494705,0.441016286611557,0.1382882334291935,-0.23713413625955576,0.0,square_tent12_hq_s3,square,tent12_hq,3,12.134093284606934,0.6804181470269548,1.21970996260643
85000,0.18557616397738452,-12.185256640116373,-73.73739115397136,0.5575442711512247,0.4401562710603078,0.14002046485741934,-0.23697392642498014,0.0,square_tent12_hq_s3,square,tent12_hq,3,12.185256640116373,0.6754249074545076,1.1974596579869587
90000,0.18043481459220248,-12.055738766988119,-71.94950358072917,0.5586002866427103,0.44602470596631366,0.14629837373892465,-0.23362118999163306,0.0,square_tent12_hq_s3,square,tent12_hq,3,12.055738766988119,0.6651120949177588,1.2033496300379436
95000,0.17419887110590934,-12.076029459635416,-72.8725077311198,0.5557276209195455,0.44034457206726074,0.14355469246705374,-0.23362526794274643,0.0,square_tent12_hq_s3,square,tent12_hq,3,12.076029459635416,0.6677994176179158,1.1421190897623699
100000,0.16833475207289061,-11.903788884480795,-69.68992106119792,0.5593008399009705,0.4461280107498169,0.14708892007668814,-0.23827289541562394,0.0,square_tent12_hq_s3,square,tent12_hq,3,11.903788884480795,0.6472444373012047,1.1454851229985554
105000,0.16705016468962033,-11.881319363911947,-70.76995086669922,0.5564188162485758,0.4509469270706177,0.1430431604385376,-0.23815854887167612,0.0,square_tent12_hq_s3,square,tent12_hq,3,11.881319363911947,0.6679437908256348,1.1103051503499348
110000,0.1681887959440549,-12.233064969380697,-70.46340942382812,0.5548434456189474,0.4296476940313975,0.13974144558111826,-0.23256486654281613,0.0,square_tent12_hq_s3,square,tent12_hq,3,12.233064969380697,0.6471307364397619,1.1082391341527302
115000,0.17034163549542425,-12.243162155151367,-69.11761856079102,0.5562207996845245,0.4333145171403885,0.1403459832072258,-0.23614680022001266,0.0,square_tent12_hq_s3,square,tent12_hq,3,12.243162155151367,0.6286041180909745,1.1760820746421814
0,0.3991226479411125,-14.815899531046549,144.6750742594401,0.5394356648127238,0.3362008233865102,0.12076823661724727,-0.20745682219664252,0.0,square_tent12_s1,square,tent12,1,14.815899531046549,0.7580574388117832,1.9712149500846863
5000,0.37944426486889515,-11.083909670511881,181.3548380533854,0.56043940782547,0.5013594428698221,0.14685640235741934,-0.25916418433189387,0.0,square_tent12_s1,square,tent12,1,11.083909670511881,0.4674560210092871,3.954029639561971
10000,0.5975958357254664,-11.461465199788412,297.4818420410156,0.5583969354629517,0.48588674267133075,0.143647700548172,-0.24510991573333737,0.0,square_tent12_s1,square,tent12,1,11.461465199788412,0.4735582004347012,5.754700819651286
15000,0.9217338313659034,-11.729037602742514,525.941151936849,0.5562048157056173,0.46831708153088886,0.1379743367433548,-0.25043197969595593,0.0,square_tent12_s1,square,tent12,1,11.729037602742514,0.5174573626990463,8.044624169667562
20000,1.2922274688879651,-11.73051389058431,895.4204915364584,0.5578885873158773,0.46350359916687006,0.1463448703289032,-0.2414378225803375,0.0,square_tent12_s1,square,tent12,1,11.73051389058431,0.5905248449205651,9.730599403381348
25000,1.735330162445704,-12.017406781514486,1403.1790364583333,0.5555477937062582,0.44517712791760755,0.14569382866223654,-0.23843418061733243,0.0,square_tent12_s1,square,tent12,1,12.017406781514486,0.6003092344699721,12.423699696858725
30000,2.286690362294515,-11.738597551981607,2073.768310546875,0.5550132989883423,0.4351868530114491,0.1393694281578064,-0.2417891025543213,0.0,square_tent12_s1,square,tent12,1,11.738597551981607,0.6413372249968492,15.043306032816568
35000,3.0304092645645144,-11.979924519856771,2850.8495279947915,0.5578086177508036,0.4301258623600006,0.14202009638150534,-0.2379648387432098,0.0,square_tent12_s1,square,tent12,1,11.979924519856771,0.6101394322082491,21.16804567972819
40000,4.179871866106987,-12.196706771850586,4300.654724121094,0.5545257180929184,0.40653253346681595,0.1437988355755806,-0.22707972303032872,0.0,square_tent12_s1,square,tent12,1,12.196706771850586,0.6586033980893126,25.463477611541748
45000,5.444722676277162,-11.637792905171713,5859.528483072917,0.5585884849230448,0.4254354834556579,0.14946057399113974,-0.2314150432745615,0.0,square_tent12_s1,square,tent12,1,11.637792905171713,0.6723624013470149,33.609649658203125
50000,6.681681640942892,-12.304434140523275,7780.255859375,0.5520359675089518,0.39505575100580853,0.1434616893529892,-0.2295465568701426,0.0,square_tent12_s1,square,tent12,1,12.304434140523275,0.6986883607633457,38.699990590413414
55000,7.807398049036661,-12.234851519266764,9553.728190104166,0.5525649388631185,0.38137439886728924,0.14011347790559134,-0.22945057352383927,0.0,square_tent12_s1,square,tent12,1,12.234851519266764,0.7019321611308108,43.314248402913414
60000,9.437989997863772,-12.031757036844889,11376.01171875,0.5564038356145223,0.3832751512527466,0.14448475341002145,-0.22800028324127194,0.0,square_tent12_s1,square,tent12,1,12.031757036844889,0.7026483534347533,52.89781951904297
65000,10.40207265218099,-11.92366854349772,13610.995442708334,0.5585947235425314,0.362484743197759,0.14699591199556986,-0.22451597452163694,0.0,square_tent12_s1,square,tent12,1,11.92366854349772,0.7607843603849563,51.178367614746094
70000,10.779119316736859,-11.834827740987143,15261.601236979166,0.5582495133082072,0.37599411606788635,0.14936756094296774,-0.226045623421669,0.0,square_tent12_s1,square,tent12,1,11.834827740987143,0.6952512845625985,60.06571578979492
75000,12.867713658014935,-11.768783569335938,16964.380859375,0.5557314157485962,0.3719593783219655,0.14587984482447305,-0.2309207568566004,0.0,square_tent12_s1,square,tent12,1,11.768783569335938,0.7398846662416924,67.24388885498047
80000,14.214927220344542,-12.098445177078247,19551.998046875,0.5598395764827728,0.3530947118997574,0.1478097178041935,-0.2178990803658962,0.0,square_tent12_s1,square,tent12,1,12.098445177078247,0.7590984526454921,69.37841892242432
85000,14.871590614318848,-12.075205167134603,21405.282552083332,0.5600929657618204,0.3567000130812327,0.1467168927192688,-0.21993631621201826,0.0,square_tent12_s1,square,tent12,1,12.075205167134603,0.7224750437982036,76.91409556070964
90000,16.76932455698649,-11.673206011454264,23140.0546875,0.5589426557223002,0.3723253309726715,0.15234375496705374,-0.22455825905005133,0.0,square_tent12_s1,square,tent12,1,11.673206011454264,0.706128159937324,91.02359008789062
95000,18.188428974151613,-12.116851806640625,24956.016927083332,0.5580780903498331,0.3552572925885518,0.149507075548172,-0.22047876815001163,0.0,square_tent12_s1,square,tent12,1,12.116851806640625,0.7688329979103599,88.1421635945638
100000,18.85059003829956,-10.715539932250977,25953.055989583332,0.5645751357078552,0.39224072297414136,0.15638951460520426,-0.2365185966094335,0.0,square_tent12_s1,square,tent12,1,10.715539932250977,0.6881167335489288,110.65577189127605
105000,20.70007247924805,-11.974536259969076,28127.76171875,0.5606723030408224,0.35489248236020404,0.15155320366223654,-0.21887076894442237,0.0,square_tent12_s1,square,tent12,1,11.974536259969076,0.6992849606903354,110.91238149007161
110000,22.185103130340575,-11.193157196044922,29631.922526041668,0.564863940080007,0.38168631990750623,0.15666853884855905,-0.22695023814837134,0.0,square_tent12_s1,square,tent12,1,11.193157196044922,0.7179322286781956,121.17124938964844
115000,23.03111476898193,-11.762690544128418,31120.9658203125,0.5592184364795685,0.369845449924469,0.1522740051150322,-0.222976915538311,0.0,square_tent12_s1,square,tent12,1,11.762690544128418,0.7508223680004594,118.57490921020508
0,0.40511900434891385,-15.364685694376627,141.20551045735678,0.5375976165135702,0.30089208235343295,0.1145368367433548,-0.19281438986460364,0.0,square_tent12_s2,square,tent12,2,15.364685694376627,0.780800221314657,1.9753722349802654
5000,0.3877190873026848,-11.485275586446127,179.36125691731772,0.5564781427383423,0.47622524698575336,0.1359747052192688,-0.2617055922746658,0.0,square_tent12_s2,square,tent12,2,11.485275586446127,0.41938677048103207,4.42905839284261
10000,0.6386749426523844,-12.157245953877768,323.73877970377606,0.5474684238433838,0.45399823784828186,0.12890625496705374,-0.2663348217805226,0.0,square_tent12_s2,square,tent12,2,12.157245953877768,0.4402385989069753,6.558569590250651
15000,1.0243018557627994,-11.261930465698242,608.7190450032552,0.555638591448466,0.47551820675532025,0.14220610757668814,-0.25886032978693646,0.0,square_tent12_s2,square,tent12,2,11.261930465698242,0.5396473514299253,8.586262385050455
20000,1.439805394411087,-11.28274949391683,1070.5011800130208,0.5568674604098002,0.47437206904093426,0.1471354216337204,-0.24555389086405435,0.0,square_tent12_s2,square,tent12,2,11.28274949391683,0.592664898353714,10.939251263936361
25000,1.8337458352247875,-11.374436696370443,1683.5098876953125,0.5585572322209676,0.4618046184380849,0.1439732164144516,-0.2471371889114379,0.0,square_tent12_s2,square,tent12,2,11.374436696370443,0.663476418173477,12.246674219767252
30000,2.4811467011769612,-11.383886337280273,2366.4765625,0.5637820959091187,0.4545006950696309,0.15173921982447305,-0.24043141802151993,0.0,square_tent12_s2,square,tent12,2,11.383886337280273,0.6811228250256368,15.929675420125326
35000,3.1958967208862306,-12.158169746398926,3373.8358561197915,0.5562757452329,0.4353524347146352,0.14313616851965585,-0.23430062333742774,0.0,square_tent12_s2,square,tent12,2,12.158169746398926,0.67198055941879,20.270220438639324
40000,4.217322024703026,-12.011783838272095,4717.622802734375,0.5573790520429611,0.42997443675994873,0.1465890109539032,-0.22919466719031328,0.0,square_tent12_s2,square,tent12,2,12.011783838272095,0.6702676477207901,26.652235984802246
45000,5.424839806556702,-11.472357749938965,6257.565104166667,0.5621423125267029,0.43606937925020856,0.1490420401096344,-0.23078700900077811,0.0,square_tent12_s2,square,tent12,2,11.472357749938965,0.6907452657045389,33.3318239847819
50000,6.5434366782506315,-11.917956988016764,8087.382486979167,0.5566552678743998,0.40381403764088947,0.144577756524086,-0.2313532928625742,0.0,square_tent12_s2,square,tent12,2,11.917956988016764,0.7046595200235499,37.69762166341146
55000,7.699278799692789,-12.098610242207846,9964.3095703125,0.5556576053301493,0.3953794340292613,0.14587983985741934,-0.2203916907310485,0.0,square_tent12_s2,square,tent12,2,12.098610242207846,0.730722813486809,41.835061391194664
60000,8.296193408966063,-12.086940129597982,12084.597330729166,0.5564612746238708,0.3742333749930064,0.1424851268529892,-0.22575998802979783,0.0,square_tent12_s2,square,tent12,2,12.086940129597982,0.7589693746808432,41.638397216796875
65000,9.17899875640869,-11.62879498799642,14028.389322916666,0.5629321336746216,0.389420082171758,0.15364583830038706,-0.2195378988981247,0.0,square_tent12_s2,square,tent12,2,11.62879498799642,0.7229397815641279,50.2292594909668
70000,9.76484128634135,-11.783109664916992,16123.194010416666,0.5574009617169698,0.37285107374191284,0.14732143779595694,-0.22217692434787747,0.0,square_tent12_s2,square,tent12,2,11.783109664916992,0.7565306738015747,49.4448356628418
75000,10.400182008743286,-11.392648696899414,17658.712890625,0.5599829355875651,0.39189210534095764,0.14992559949556986,-0.22579576571782425,0.0,square_tent12_s2,square,tent12,2,11.392648696899414,0.7032046974933858,59.32980092366537
80000,11.916051340103149,-12.623551368713379,20094.06640625,0.5524270683526993,0.35028941184282303,0.1442173644900322,-0.2105126194655895,0.0,square_tent12_s2,square,tent12,2,12.623551368713379,0.7642214877367419,57.935346603393555
85000,13.223841349283854,-12.194466590881348,22292.630208333332,0.5577446420987447,0.3567565381526947,0.14750744899113974,-0.21706044673919675,0.0,square_tent12_s2,square,tent12,2,12.194466590881348,0.7362389676372811,66.59050750732422
90000,14.793125995000203,-11.779070218404135,23418.521484375,0.5627093116442362,0.3684337039788564,0.14876302580038706,-0.21960780521233872,0.0,square_tent12_s2,square,tent12,2,11.779070218404135,0.7186644271407908,78.9193852742513
95000,14.833750311533612,-11.599078814188639,25617.536458333332,0.5579533576965332,0.36175839106241864,0.150437131524086,-0.2211997558673223,0.0,square_tent12_s2,square,tent12,2,11.599078814188639,0.7232243715852144,76.36888631184895
100000,15.836588064829508,-10.942852338155111,27296.955729166668,0.5640659928321838,0.380476454893748,0.15699405471483865,-0.23064638674259183,0.0,square_tent12_s2,square,tent12,2,10.942852338155111,0.7041736524035264,89.07247670491536
105000,17.081468868255616,-12.786417643229166,29153.541666666668,0.5531561374664307,0.33126052220662433,0.14569382866223654,-0.21543468038241068,0.0,square_tent12_s2,square,tent12,2,12.786417643229166,0.7294235655947849,85.45573170979817
110000,18.606986872355144,-11.145666122436523,30276.861979166668,0.5583495299021403,0.3844018876552582,0.1551804393529892,-0.2318967332442601,0.0,square_tent12_s2,square,tent12,2,11.145666122436523,0.6939047194514161,105.9554443359375
115000,20.008160305023196,-12.102838516235352,32387.986328125,0.5598102509975433,0.3462580442428589,0.1482282429933548,-0.21716140210628504,0.0,square_tent12_s2,square,tent12,2,12.102838516235352,0.7573003980633142,96.43708801269533
0,0.41355791439612705,-14.857444127400717,141.89122772216797,0.5405808687210083,0.32862720886866253,0.12197730938593547,-0.1872917066017786,0.0,square_tent12_s3,square,tent12,3,14.857444127400717,0.6721038458555285,2.234922250111898
5000,0.43277203291654587,-10.383113861083984,197.73327128092447,0.5612858335177103,0.5103310843308767,0.148577019572258,-0.2690746188163757,0.0,square_tent12_s3,square,tent12,3,10.383113861083984,0.46166765625641726,4.720346132914226
10000,0.69910788834095,-10.775840123494467,331.5763346354167,0.5623549620310465,0.503412147363027,0.15243676801522574,-0.26167361934979755,0.0,square_tent12_s3,square,tent12,3,10.775840123494467,0.5008286734432005,6.62442143758138
15000,1.0591789215803147,-11.005040486653646,634.2610066731771,0.5567034482955933,0.4788188338279724,0.14197359482447305,-0.2625134587287903,0.0,square_tent12_s3,square,tent12,3,11.005040486653646,0.5653393648486514,8.695150375366211
20000,1.5709219892819721,-11.345316569010416,1136.3578287760417,0.5589325229326884,0.47486448287963867,0.1463448703289032,-0.24947098890940345,0.0,square_tent12_s3,square,tent12,3,11.345316569010416,0.6303538579070554,11.279587109883627
25000,2.1502821842829385,-11.286627451578775,1755.891357421875,0.5598169366518656,0.4605072538057963,0.14787947634855905,-0.2427645226319631,0.0,square_tent12_s3,square,tent12,3,11.286627451578775,0.6473428951513114,14.690646489461264
30000,2.680933686097463,-11.78107770284017,2611.4892578125,0.5586976806322733,0.445053627093633,0.14848401149113974,-0.22886102894941965,0.0,square_tent12_s3,square,tent12,3,11.78107770284017,0.6357417392367574,17.972849527994793
35000,3.5607564051946006,-11.797585169474283,3614.516357421875,0.555561343828837,0.4430643717447917,0.1471354216337204,-0.23870989680290214,0.0,square_tent12_s3,square,tent12,3,11.797585169474283,0.6531660997192142,23.588133494059246
40000,4.686344087123871,-11.741610288619995,5133.1064453125,0.5576646476984024,0.4251825883984566,0.1485421396791935,-0.23692131415009496,0.0,square_tent12_s3,square,tent12,3,11.741610288619995,0.6946880115737568,28.148924350738525
45000,5.866829172770182,-12.039819717407227,6899.211263020833,0.5573912660280863,0.4195278187592824,0.14281064768632254,-0.23105386396249128,0.0,square_tent12_s3,square,tent12,3,12.039819717407227,0.6647243810098135,36.72540156046549
50000,6.779416521390279,-11.65207290649414,8732.3173828125,0.5631110270818075,0.4242244561513265,0.15373884638150534,-0.23158991336822507,0.0,square_tent12_s3,square,tent12,3,11.65207290649414,0.6622391941738766,42.88532257080078
55000,7.77190432548523,-12.19173526763916,10454.568684895834,0.5528289278348287,0.40380509694417316,0.14490328232447305,-0.22942092518011722,0.0,square_tent12_s3,square,tent12,3,12.19173526763916,0.704758792774367,44.721909840901695
60000,8.89171821276347,-12.431563377380371,12427.634114583334,0.5548823873202006,0.3760370413462321,0.1420665979385376,-0.22361300388971964,0.0,square_tent12_s3,square,tent12,3,12.431563377380371,0.6853331972130258,49.734483083089195
65000,9.963360087076824,-12.012879689534506,14251.086588541666,0.5535704493522644,0.36585739254951477,0.14174107710520426,-0.22022479275862372,0.0,square_tent12_s3,square,tent12,3,12.012879689534506,0.6850219439173367,54.457045237223305
70000,10.44217537244161,-11.958152770996094,16689.560546875,0.5551306009292603,0.3640832304954529,0.14415923257668814,-0.22663592795530954,0.0,square_tent12_s3,square,tent12,3,11.958152770996094,0.7282309862012081,53.85204569498698
75000,11.225091648101808,-11.53060531616211,18406.263671875,0.5555245280265808,0.3694704373677571,0.14611235757668814,-0.22537538409233093,0.0,square_tent12_s3,square,tent12,3,11.53060531616211,0.7066964246505135,59.79227066040039
80000,12.105540490150451,-11.845510005950928,20378.49609375,0.5538038909435272,0.3574006408452987,0.1460309773683548,-0.2249185182154178,0.0,square_tent12_s3,square,tent12,3,11.845510005950928,0.6860427648318732,65.41862869262695
85000,13.343536504109702,-11.94671662648519,22450.951822916668,0.5543760259946188,0.3534611960252126,0.14913504819075266,-0.2251911759376525,0.0,square_tent12_s3,square,tent12,3,11.94671662648519,0.7222972911262583,68.35940933227539
90000,14.930853875478109,-12.626199722290039,24204.046875,0.5509967009226481,0.3363123337427775,0.14443824688593546,-0.2246646533409754,0.0,square_tent12_s3,square,tent12,3,12.626199722290039,0.715992115402203,76.70133209228516
95000,16.403329149881998,-12.442023595174154,26124.05078125,0.5492907563845316,0.34935547908147174,0.140718013048172,-0.2216157217820485,0.0,square_tent12_s3,square,tent12,3,12.442023595174154,0.7000943531848519,86.28555552164714
100000,16.841724745432536,-12.5497407913208,27888.17578125,0.5563247799873352,0.34019718567530305,0.14369420210520426,-0.21867891649405158,0.0,square_tent12_s3,square,tent12,3,12.5497407913208,0.6983551070934473,87.94538879394531
105000,17.4688019434611,-11.96333090464274,29266.139322916668,0.5554124315579733,0.36422722538312274,0.14625186224778494,-0.22426837682723996,0.0,square_tent12_s3,square,tent12,3,11.96333090464274,0.7214598808832108,92.00867716471355
110000,18.671746635437014,-11.859282811482748,31046.677083333332,0.5571250915527344,0.36534566680590314,0.14546131591002145,-0.23005399107933042,0.0,square_tent12_s3,square,tent12,3,11.859282811482748,0.6920354666645556,103.52875010172527
115000,19.500035572052006,-11.43523359298706,31458.51953125,0.5592213273048401,0.3853549063205719,0.154366634786129,-0.2351320683956146,0.0,square_tent12_s3,square,tent12,3,11.43523359298706,0.7116962890338546,110.51181411743164
0,0.39820209791262945,-15.64797846476237,148.84132639567056,0.5430809855461121,0.2979549616575241,0.1247674897313118,-0.1686776876449585,0.0,square_tent12_s4,square,tent12,4,15.64797846476237,0.7488818977288583,1.7009981274604797
5000,0.40201868166526156,-11.540455182393393,201.44728088378906,0.5560801029205322,0.4784083068370819,0.14067151149113974,-0.2533258150021234,0.0,square_tent12_s4,square,tent12,4,11.540455182393393,0.47547395442731516,3.9567020734151206
10000,0.6139461070299149,-11.566338539123535,330.0038757324219,0.5517186919848124,0.48381053407986957,0.13922991851965585,-0.26363174120585126,0.0,square_tent12_s4,square,tent12,4,11.566338539123535,0.4736202511529235,6.071851412455241
15000,0.8879708329836528,-11.814534187316895,577.7367045084635,0.5514590740203857,0.46462854743003845,0.13853237529595694,-0.2412687391042709,0.0,square_tent12_s4,square,tent12,4,11.814534187316895,0.531870822397559,7.498100121815999
20000,1.188009363412857,-11.641596158345541,895.7006225585938,0.553419828414917,0.46533019344011944,0.14118304351965585,-0.2523026863733927,0.0,square_tent12_s4,square,tent12,4,11.641596158345541,0.5789156622722543,9.30958080291748
25000,1.6365468819936115,-11.4854154586792,1321.7249348958333,0.5590511560440063,0.47086020310719806,0.14667039612929025,-0.23905593156814567,0.0,square_tent12_s4,square,tent12,4,11.4854154586792,0.6028824194509341,12.244366327921549
30000,2.137868010997772,-11.598937034606934,1955.0504150390625,0.561799943447113,0.4533501863479614,0.14718192319075266,-0.23765259981155387,0.0,square_tent12_s4,square,tent12,4,11.598937034606934,0.6467422402437475,14.449913342793783
35000,2.771685703595479,-11.78145949045817,2672.3019205729165,0.5597037474314371,0.4522777597109477,0.1471819281578064,-0.23776147266228995,0.0,square_tent12_s4,square,tent12,4,11.78145949045817,0.6554104662823147,18.44240125020345
40000,3.688896265625954,-11.463099241256714,3851.09716796875,0.5586329102516174,0.4539724439382553,0.1481236107647419,-0.23912538960576055,0.0,square_tent12_s4,square,tent12,4,11.463099241256714,0.6614437230534197,24.346256256103516
45000,5.097306307156881,-11.739577611287435,5273.380696614583,0.5617281198501587,0.4397485852241516,0.14918155471483865,-0.2294433812300364,0.0,square_tent12_s4,square,tent12,4,11.739577611287435,0.6615261489773759,32.81141153971354
50000,6.354378382364909,-11.266945521036783,6698.795247395833,0.5650890072186788,0.45003014802932734,0.1535993367433548,-0.23036933441956833,0.0,square_tent12_s4,square,tent12,4,11.266945521036783,0.7021570323270888,39.158243815104164
55000,7.510463507970175,-12.33678913116455,8665.634114583334,0.5572818915049235,0.40360278884569806,0.1424386203289032,-0.22464294234911597,0.0,square_tent12_s4,square,tent12,4,12.33678913116455,0.6717114959305706,45.0500742594401
60000,8.60557295481364,-12.089202562967936,10353.9970703125,0.5552399953206381,0.4121517737706502,0.14746094743410745,-0.22700377802054084,0.0,square_tent12_s4,square,tent12,4,12.089202562967936,0.65414491803603,55.076375325520836
65000,9.39898009300232,-11.751125653584799,12322.548177083334,0.5604782104492188,0.41302505135536194,0.1490885466337204,-0.22907812396685276,0.0,square_tent12_s4,square,tent12,4,11.751125653584799,0.6952093204059534,56.20490264892578
70000,11.212963517506916,-11.540847778320312,14086.731119791666,0.5595460534095764,0.4047864079475403,0.14783296982447305,-0.2239683667818705,0.0,square_tent12_s4,square,tent12,4,11.540847778320312,0.6431247437023238,70.63951110839844
75000,12.13955987294515,-12.389267603556315,16507.1103515625,0.554265042146047,0.3627346456050873,0.14262463649113974,-0.21990283826986942,0.0,square_tent12_s4,square,tent12,4,12.389267603556315,0.7375971252393682,61.899603525797524
80000,13.35990400314331,-11.371761083602905,18576.8056640625,0.5620335787534714,0.3908163532614708,0.153878353536129,-0.22375711426138872,0.0,square_tent12_s4,square,tent12,4,11.371761083602905,0.721332891270819,73.81655693054199
85000,14.749062697092691,-11.704161008199057,20499.92578125,0.5554242531458536,0.37525953849156696,0.1471354216337204,-0.22995109856128693,0.0,square_tent12_s4,square,tent12,4,11.704161008199057,0.7152322714827788,81.1232681274414
90000,16.056398757298787,-12.23553466796875,22503.649739583332,0.5496325492858887,0.35134848952293396,0.14081102112929025,-0.2234435975551605,0.0,square_tent12_s4,square,tent12,4,12.23553466796875,0.7272010421638893,82.31304931640625
95000,18.27193482716878,-11.989938418070475,23820.310546875,0.558246115843455,0.3740375240643819,0.1452288031578064,-0.22716072201728818,0.0,square_tent12_s4,square,tent12,4,11.989938418070475,0.7070369722025568,101.58161926269531
100000,19.064789644877113,-11.138137817382812,25491.771484375,0.5640938878059387,0.4034857352574666,0.1540178656578064,-0.232127383351326,0.0,square_tent12_s4,square,tent12,4,11.138137817382812,0.693129035778319,113.63818105061848
105000,19.621399625142416,-11.812001546223959,27302.229166666668,0.55681973695755,0.3767543435096741,0.14848401149113974,-0.2294390002886454,0.0,square_tent12_s4,square,tent12,4,11.812001546223959,0.7164403850118225,107.4906234741211
110000,21.55198876063029,-11.775055567423502,28761.425130208332,0.5601937572161356,0.37936026851336163,0.14913504819075266,-0.2279509902000427,0.0,square_tent12_s4,square,tent12,4,11.775055567423502,0.7142054534581336,119.21371205647786
115000,23.18414363861084,-12.015557289123535,30239.9453125,0.5627425611019135,0.3752879947423935,0.1437639594078064,-0.2224949449300766,0.0,square_tent12_s4,square,tent12,4,12.015557289123535,0.7259501743976091,124.83671188354492
0,0.40074328978856405,-15.066212972005209,139.09737141927084,0.5366565783818563,0.3114744300643603,0.11472285042206447,-0.19739046692848197,0.0,square_tent12_s5,square,tent12,5,15.066212972005209,0.6898329243725382,2.0013675491015115
5000,0.35441897561152774,-11.540111541748047,163.11390177408853,0.5606801907221476,0.48051708936691284,0.1452288031578064,-0.24278627336025238,0.0,square_tent12_s5,square,tent12,5,11.540111541748047,0.42248185891879775,3.9096546173095703
10000,0.5287697359919549,-11.13985284169515,256.26658630371094,0.5591742595036825,0.49214814106623334,0.14076451460520426,-0.25535265107949573,0.0,square_tent12_s5,square,tent12,5,11.13985284169515,0.47284293077470796,5.270737965901692
15000,0.8293639401594798,-11.617472330729166,455.55336507161456,0.5583555698394775,0.4739027718702952,0.14508929351965585,-0.24509784082571662,0.0,square_tent12_s5,square,tent12,5,11.617472330729166,0.533411377641479,7.026135762532552
20000,1.1607453942298889,-11.304958661397299,782.1313883463541,0.562991221745809,0.48208385705947876,0.14769346018632254,-0.24166477719942728,0.0,square_tent12_s5,square,tent12,5,11.304958661397299,0.593807706663365,8.9217742284139
25000,1.4735993127028149,-11.350213368733725,1197.2577311197917,0.5608470439910889,0.4692758023738861,0.1486700177192688,-0.24026423692703244,0.0,square_tent12_s5,square,tent12,5,11.350213368733725,0.6225363324786551,10.647595723470053
30000,1.9143234431743623,-11.795398394266764,1713.0558675130208,0.5540826320648193,0.46104962627093,0.1425316333770752,-0.2381865431865056,0.0,square_tent12_s5,square,tent12,5,11.795398394266764,0.6252923661448454,13.550690333048502
35000,2.55704835653305,-11.395329475402832,2351.8644205729165,0.5591508348782858,0.46460625529289246,0.14429874221483865,-0.24124811093012485,0.0,square_tent12_s5,square,tent12,5,11.395329475402832,0.6353983094085368,18.136592864990234
40000,3.5629104495048525,-11.745492458343506,3472.299560546875,0.5595993548631668,0.4549490883946419,0.147042416036129,-0.239274688065052,0.0,square_tent12_s5,square,tent12,5,11.745492458343506,0.6766895036343858,23.268415927886963
45000,4.695595081647237,-11.765325228373209,4916.88720703125,0.5589931209882101,0.4383976459503174,0.14606585601965585,-0.23726867139339444,0.0,square_tent12_s5,square,tent12,5,11.765325228373209,0.6803334364488701,29.4929625193278
50000,5.804393927256267,-11.73731772104899,6384.619140625,0.5593744317690531,0.44077667593955994,0.14773996671040854,-0.2360767672459284,0.0,square_tent12_s5,square,tent12,5,11.73731772104899,0.671261201734168,37.47153854370117
55000,6.91402333577474,-11.317960421244303,8185.209147135417,0.5609155893325806,0.43231201171875,0.15132069091002145,-0.23174496988455454,0.0,square_tent12_s5,square,tent12,5,11.317960421244303,0.6941342771085276,41.68963877360026
60000,7.763262995084126,-11.58819580078125,10048.3681640625,0.5581600666046143,0.4055782159169515,0.15187872449556986,-0.22898361086845398,0.0,square_tent12_s5,square,tent12,5,11.58819580078125,0.6807612400581434,46.136908213297524
65000,9.069963264465331,-12.012319246927897,12246.660481770834,0.5572114189465841,0.3918501337369283,0.147553950548172,-0.21935338278611496,0.0,square_tent12_s5,square,tent12,5,12.012319246927897,0.7220348726583167,49.42785135904948
70000,9.879547389348348,-12.044906934102377,14237.135091145834,0.5575737754503886,0.3702298204104106,0.14611236254374185,-0.22378880282243094,0.0,square_tent12_s5,square,tent12,5,12.044906934102377,0.7490658107117096,49.753533681233726
75000,11.113878361384074,-12.19349479675293,15954.767578125,0.5534292658170065,0.36359573403994244,0.1389508992433548,-0.23249079287052146,0.0,square_tent12_s5,square,tent12,5,12.19349479675293,0.7290916108045199,58.24847920735677
80000,12.160604155063629,-11.71103811264038,17995.46630859375,0.5579277575016022,0.3775238171219826,0.1447405219078064,-0.22761415690183634,0.0,square_tent12_s5,square,tent12,5,11.71103811264038,0.7037385886562056,67.09479141235352
85000,12.905067125956217,-12.29549757639567,19811.09375,0.5549577077229818,0.3611008624235789,0.14801897605260214,-0.22212798893451688,0.0,square_tent12_s5,square,tent12,5,12.29549757639567,0.7312796443014052,67.18141682942708
90000,14.34539712270101,-11.31450621287028,21723.787760416668,0.5625460545221964,0.38414686918258667,0.15332032243410745,-0.22980543971061704,0.0,square_tent12_s5,square,tent12,5,11.31450621287028,0.6925972999240404,82.02734883626302
95000,15.734066613515218,-12.163044611612955,23447.397786458332,0.5551648338635763,0.3588531215985616,0.14629836877187094,-0.2220540990432103,0.0,square_tent12_s5,square,tent12,5,12.163044611612955,0.7209042986177279,81.87009684244792
100000,16.849106248219808,-11.719732602437338,24945.373046875,0.5580950379371643,0.37834420800209045,0.1477399617433548,-0.22484577198823288,0.0,square_tent12_s5,square,tent12,5,11.719732602437338,0.7308395161449761,90.49641672770183
105000,17.421600246429445,-11.899151166280111,26730.276041666668,0.5599984526634216,0.3713961144288381,0.14722842971483865,-0.23031823833783469,0.0,square_tent12_s5,square,tent12,5,11.899151166280111,0.7223505684385545,94.96754455566406
110000,19.46741469701131,-12.253085772196451,28262.65625,0.5566162268320719,0.3560069700082143,0.14392671982447305,-0.22404530644416806,0.0,square_tent12_s5,square,tent12,5,12.253085772196451,0.7370531786024935,99.229008992513
115000,20.888184261322024,-11.263659954071045,29374.9677734375,0.5662426352500916,0.3907584846019745,0.1556919664144516,-0.2315583676099777,0.0,square_tent12_s5,square,tent12,5,11.263659954071045,0.7222159318315937,117.46685409545898
0,0.36518506805102025,-14.030523618062338,134.79798380533853,0.545660674571991,0.34463900824387866,0.1257440522313118,-0.2111606697241465,0.0,square_tent6_s1,square,tent6,1,14.030523618062338,0.7493738952683168,1.8045001029968262
5000,0.20257426723837846,-5.993196169535319,120.16297403971355,0.5797226031621298,0.632900595664978,0.1750837117433548,-0.35243934392929077,0.0,square_tent6_s1,square,tent6,1,5.993196169535319,0.3634478667971994,3.504680951436361
10000,0.27326792975266767,-4.183566252390544,141.74791971842447,0.5886516173680624,0.6833739479382833,0.18061756591002145,-0.3726475735505422,0.0,square_tent6_s1,square,tent6,1,4.183566252390544,0.3879046028201672,4.609062671661377
15000,0.34744498431682586,-6.800063610076904,183.78732299804688,0.5773863593737284,0.6203927596410116,0.17168899873892465,-0.33054740230242413,0.0,square_tent6_s1,square,tent6,1,6.800063610076904,0.42030171787167786,4.910083929697673
20000,0.41414785385131836,-5.120951016743978,303.58498128255206,0.5868056416511536,0.6710336407025655,0.1889881044626236,-0.34208545088768,0.0,square_tent6_s1,square,tent6,1,5.120951016743978,0.4746326728341963,5.4523390134175616
25000,0.4639684930443764,-6.180532137552897,409.84339396158856,0.5870167016983032,0.6383423010508219,0.18740700682004294,-0.3186330795288086,0.0,square_tent6_s1,square,tent6,1,6.180532137552897,0.5348791290974587,5.187143484751384
30000,0.5059915473063786,-5.443487644195557,558.0616861979166,0.5885404944419861,0.6532677412033081,0.18326823910077414,-0.3251442909240722,0.0,square_tent6_s1,square,tent6,1,5.443487644195557,0.5435338983097762,5.6014604568481445
35000,0.5278433213631312,-4.814262390136719,620.7887166341146,0.5942873358726501,0.6631243228912354,0.19587054351965585,-0.33572863539059955,0.0,square_tent6_s1,square,tent6,1,4.814262390136719,0.5597470004317501,5.806686719258626
40000,0.577971437573433,-5.7196924686431885,755.2905883789062,0.5874741822481155,0.6442166268825531,0.1833147406578064,-0.3279077410697937,0.0,square_tent6_s1,square,tent6,1,5.7196924686431885,0.5510507566732827,6.343711495399475
45000,0.6303772032260895,-5.931863943735759,863.8698933919271,0.58470352490743,0.6341923276583353,0.18866258362929025,-0.32143256068229675,0.0,square_tent6_s1,square,tent6,1,5.931863943735759,0.552909674756453,6.772111574808757
50000,0.6203776041666667,-6.020679632822673,958.4913126627604,0.5856962203979492,0.6282920241355896,0.18610491851965585,-0.3189829885959625,0.0,square_tent6_s1,square,tent6,1,6.020679632822673,0.5470222601964606,6.680099010467529
55000,0.647166034579277,-5.703556219736735,1029.87060546875,0.5847839713096619,0.6358863115310669,0.18438430627187094,-0.3292075494925181,0.0,square_tent6_s1,square,tent6,1,5.703556219736735,0.5609682802542015,6.961249033610026
60000,0.6783149470885594,-5.692867914835612,1129.18359375,0.5856923659642538,0.6442102591196696,0.186662957072258,-0.3192453781763713,0.0,square_tent6_s1,square,tent6,1,5.692867914835612,0.5702750707127003,7.147460301717122
65000,0.697140438357989,-5.404817422231038,1216.5168863932292,0.5883534153302511,0.6453891197840372,0.18698847790559134,-0.32936171690622956,0.0,square_tent6_s1,square,tent6,1,5.404817422231038,0.5713049698188681,7.359118938446045
70000,0.7531070798635483,-5.749647617340088,1233.0509440104167,0.5871019760767618,0.6389491160710653,0.1861049234867096,-0.3215440313021342,0.0,square_tent6_s1,square,tent6,1,5.749647617340088,0.5407916174105937,8.305779774983725
75000,0.8040077557166417,-6.336384932200114,1352.2607828776042,0.5831592480341593,0.6238415241241455,0.18043155471483865,-0.32315319776535034,0.0,square_tent6_s1,square,tent6,1,6.336384932200114,0.5398663436538841,8.824036280314127
80000,0.8631091013550758,-5.34274560213089,1437.6949462890625,0.5897113978862762,0.647624671459198,0.1894182562828064,-0.33312683552503586,0.0,square_tent6_s1,square,tent6,1,5.34274560213089,0.533270190190524,9.855509757995607
85000,0.921126127243042,-6.47520097096761,1603.9623209635417,0.5828572511672974,0.6226155559221903,0.18112910290559134,-0.32219813267389935,0.0,square_tent6_s1,square,tent6,1,6.47520097096761,0.538594885938544,10.078108469645182
90000,0.9751479128996531,-6.164930502573649,1770.092529296875,0.5836989879608154,0.6224828362464905,0.18191965421040854,-0.3194699585437774,0.0,square_tent6_s1,square,tent6,1,6.164930502573649,0.5311743659649039,10.749863624572754
95000,1.0138123591740926,-5.645864645640056,1887.5118001302083,0.5886603792508444,0.6363224188486735,0.1888485997915268,-0.3242736756801605,0.0,square_tent6_s1,square,tent6,1,5.645864645640056,0.5544593848848849,10.85477352142334
100000,1.0857958972454071,-5.741195519765218,1991.060302734375,0.5886642932891846,0.6361139019330343,0.1815011203289032,-0.33062605063120526,0.0,square_tent6_s1,square,tent6,1,5.741195519765218,0.5379603145142475,12.2643829981486
105000,1.1790491561094918,-5.943958282470703,2128.2344970703125,0.5906064112981161,0.6305962800979614,0.18689546982447305,-0.31688376267751056,0.0,square_tent6_s1,square,tent6,1,5.943958282470703,0.5629083684721156,12.343855539957682
110000,1.2355404675006867,-5.2444227536519366,2297.7682291666665,0.5906990965207418,0.6486987272898356,0.18829055627187094,-0.33292247851689655,0.0,square_tent6_s1,square,tent6,1,5.2444227536519366,0.5509489384450624,13.70028018951416
115000,1.2891173005104064,-6.062394380569458,2408.853515625,0.584643691778183,0.6173768043518066,0.182686947286129,-0.32546013593673706,0.0,square_tent6_s1,square,tent6,1,6.062394380569458,0.538513388743957,14.084596157073976
0,0.3669363240400951,-13.993002573649088,137.5475107828776,0.5431700944900513,0.35012419521808624,0.1269066259264946,-0.21033888061841324,0.0,square_tent6_s2,square,tent6,2,13.993002573649088,0.6198373204444451,2.020043690999349
5000,0.20822237432003018,-4.785404205322266,134.13105265299478,0.5922874013582865,0.6922472516695658,0.18810455004374185,-0.34128127495447796,0.0,square_tent6_s2,square,tent6,2,4.785404205322266,0.36687893223621176,3.710625966389974
10000,0.30192288011312485,-4.822891394297282,160.84159342447916,0.5845692952473959,0.664729913075765,0.1840587854385376,-0.3603060146172841,0.0,square_tent6_s2,square,tent6,2,4.822891394297282,0.363729024135889,5.265593528747559
15000,0.4048591886957486,-4.730829238891602,258.3975067138672,0.5909295082092285,0.6666510701179504,0.19084822138150534,-0.3410688539346059,0.0,square_tent6_s2,square,tent6,2,4.730829238891602,0.47133684395607744,5.3487122853597
20000,0.47018727362155915,-6.364268620808919,411.3476257324219,0.5843148628870646,0.6285042961438497,0.18298921982447305,-0.30806254347165424,0.0,square_tent6_s2,square,tent6,2,6.364268620808919,0.5029127818198922,5.384162267049153
25000,0.5089250261584918,-6.2225721677144366,563.5410766601562,0.5828579465548197,0.6290934483210245,0.18071057895819345,-0.32338788112004596,0.0,square_tent6_s2,square,tent6,2,6.2225721677144366,0.5055165360234923,5.903618494669597
30000,0.5714536011219025,-5.720401287078857,710.2200927734375,0.5892480810483297,0.6418970823287964,0.18875559171040854,-0.32349030176798504,0.0,square_tent6_s2,square,tent6,2,5.720401287078857,0.5153492134428971,6.592331250508626
35000,0.641220020254453,-4.810351689656575,881.3809814453125,0.595380425453186,0.6710193753242493,0.19605655471483865,-0.328904132048289,0.0,square_tent6_s2,square,tent6,2,4.810351689656575,0.5409461090852,7.331972599029541
40000,0.6976923987269401,-5.858315110206604,1087.3772277832031,0.584218218922615,0.6364291310310364,0.1875348873436451,-0.3189072906970978,0.0,square_tent6_s2,square,tent6,2,5.858315110206604,0.5207286016786048,7.930142521858215
45000,0.7526135633389156,-5.888949155807495,1254.6119384765625,0.5899949272473654,0.6350851257642111,0.18410528699556986,-0.3104783495267232,0.0,square_tent6_s2,square,tent6,2,5.888949155807495,0.5459438010517575,8.038043657938639
50000,0.8017656534910201,-5.509481430053711,1398.733154296875,0.5907278259595236,0.6454624732335409,0.18815105160077414,-0.3204105297724406,0.0,square_tent6_s2,square,tent6,2,5.509481430053711,0.5449785144399244,8.825322151184082
55000,0.8369846274455388,-5.976278781890869,1541.609375,0.5908005436261495,0.635177751382192,0.187593013048172,-0.30874696373939514,0.0,square_tent6_s2,square,tent6,2,5.976278781890869,0.5702826076609931,8.622271855672201
60000,0.8930230418841044,-5.63342825571696,1650.6256103515625,0.5893386006355286,0.6408450206120809,0.18694197138150534,-0.3198902706305186,0.0,square_tent6_s2,square,tent6,2,5.63342825571696,0.52425546682723,10.171062787373861
65000,0.945785290002823,-5.819027264912923,1796.5379638671875,0.5916594862937927,0.6367711027463278,0.18829055627187094,-0.31722234686215717,0.0,square_tent6_s2,square,tent6,2,5.819027264912923,0.5647756955051672,9.993549982706705
70000,1.0323665817578636,-5.971617698669434,1981.5295003255208,0.5825904011726379,0.6294865806897482,0.1805710643529892,-0.33245139320691425,0.0,square_tent6_s2,square,tent6,2,5.971617698669434,0.5337029851962772,11.598105112711588
75000,1.0813980877399445,-5.258400599161784,2088.8046061197915,0.5897172292073568,0.6509597102801005,0.19061570862929025,-0.3275497059027354,0.0,square_tent6_s2,square,tent6,2,5.258400599161784,0.5320750559978383,12.380739212036133
80000,1.2218610122799873,-6.488722205162048,2248.0219116210938,0.5804633796215057,0.6153046488761902,0.1759905219078064,-0.32701821625232697,0.0,square_tent6_s2,square,tent6,2,6.488722205162048,0.5123639912249369,13.964041233062744
85000,1.3011920074621834,-6.482954661051433,2402.0513509114585,0.5831939180692037,0.6229565739631653,0.17457217971483865,-0.3307427962621053,0.0,square_tent6_s2,square,tent6,2,6.482954661051433,0.5414658586057014,14.382481892903646
90000,1.3878728389739992,-5.787586371103923,2564.7696126302085,0.5877002278963724,0.6374159455299377,0.1852213591337204,-0.3337030311425527,0.0,square_tent6_s2,square,tent6,2,5.787586371103923,0.5504432503654458,15.206106503804525
95000,1.4679073890050252,-5.722198645273845,2789.2981770833335,0.5877313812573751,0.6370391448338827,0.18322173754374185,-0.33316854635874427,0.0,square_tent6_s2,square,tent6,2,5.722198645273845,0.5209240961831563,17.118496576944988
100000,1.5617955366770426,-6.715552647908528,3007.76416015625,0.5809813737869263,0.6187117298444113,0.17559524873892465,-0.3267141282558441,0.0,square_tent6_s2,square,tent6,2,6.715552647908528,0.5438584713878627,17.099838256835938
105000,1.6422398010889687,-6.242504278818767,3116.4471842447915,0.5865180691083273,0.6235718329747518,0.18103609482447305,-0.3294874926408132,0.0,square_tent6_s2,square,tent6,2,6.242504278818767,0.5251229323015422,18.680104573567707
110000,1.763037896156311,-5.892813364664714,3360.0723470052085,0.5836378534634908,0.6352681716283163,0.18247768779595694,-0.3331625858942668,0.0,square_tent6_s2,square,tent6,2,5.892813364664714,0.5375324187482254,19.853953679402668
115000,1.901166209578514,-5.691011190414429,3544.014404296875,0.5936207175254822,0.6400802135467529,0.1856166422367096,-0.330533429980278,0.0,square_tent6_s2,square,tent6,2,5.691011190414429,0.5875477740951109,19.633867263793945
0,0.3654564879834652,-12.747560183207193,132.1894989013672,0.5545255939165751,0.39842426031827927,0.1376488208770752,-0.2194514274597168,0.0,square_tent6_s3,square,tent6,3,12.747560183207193,0.8110454438696212,1.9591938058535259
5000,0.17902836104234057,-4.979142665863037,107.79989624023438,0.5860332250595093,0.6630216240882874,0.1825706958770752,-0.35443031787872314,0.0,square_tent6_s3,square,tent6,3,4.979142665863037,0.3541592160910185,3.249317487080892
10000,0.26169588863849635,-5.9768721262613935,118.85393524169922,0.5882513125737509,0.6551925738652548,0.1843378096818924,-0.3259205420811971,0.0,square_tent6_s3,square,tent6,3,5.9768721262613935,0.38813392169298044,4.151083628336589
15000,0.3386940613389015,-4.618885040283203,190.16575622558594,0.5942172209421793,0.6731343666712443,0.1948009729385376,-0.3260184129079183,0.0,square_tent6_s3,square,tent6,3,4.618885040283203,0.4459874741694394,4.642815113067627
20000,0.3955315992236137,-5.468970616658528,302.2112528483073,0.5929072697957357,0.6555474599202474,0.19419643779595694,-0.31215129295984906,0.0,square_tent6_s3,square,tent6,3,5.468970616658528,0.47265080250721087,4.999231338500977
25000,0.45436010112365083,-5.5131791432698565,404.30739339192706,0.5828991134961446,0.6524643699328104,0.1880115419626236,-0.3277117013931274,0.0,square_tent6_s3,square,tent6,3,5.5131791432698565,0.47186905972482857,5.877086321512858
30000,0.5239768773317337,-5.206253528594971,526.9398396809896,0.5879967411359152,0.6540555556615194,0.19024368127187094,-0.32364636659622187,0.0,square_tent6_s3,square,tent6,3,5.206253528594971,0.4907121193343045,6.427292505900065
35000,0.5814074824253718,-5.377339998881022,640.2100219726562,0.5908705393473307,0.6541817784309387,0.19024368623892465,-0.3274213671684265,0.0,square_tent6_s3,square,tent6,3,5.377339998881022,0.5039755976708331,6.988532702128093
40000,0.6793426990509033,-5.685174226760864,837.3167114257812,0.5886401683092117,0.6498440802097321,0.1853724978864193,-0.3263759911060333,0.0,square_tent6_s3,square,tent6,3,5.685174226760864,0.5307122945974089,7.770637273788452
45000,0.784117333094279,-6.213979244232178,1071.4037272135417,0.5867990255355835,0.6283390124638876,0.17889695862929025,-0.327391654253006,0.0,square_tent6_s3,square,tent6,3,6.213979244232178,0.535319642055685,8.752930641174316
50000,0.8759846220413844,-5.565074602762858,1232.6005452473958,0.5903676946957906,0.6483664313952128,0.19401042660077414,-0.3313334385553995,0.0,square_tent6_s3,square,tent6,3,5.565074602762858,0.5428238901303857,9.878885587056478
55000,0.9499823331832885,-5.785789807637532,1376.2092692057292,0.5887003342310587,0.6392646233240763,0.18178013960520426,-0.3362419307231903,0.0,square_tent6_s3,square,tent6,3,5.785789807637532,0.5369589609862239,10.79876708984375
60000,1.0462083597977954,-6.265987873077393,1599.3352864583333,0.5860816041628519,0.6186249057451884,0.18308222790559134,-0.32033981879552204,0.0,square_tent6_s3,square,tent6,3,6.265987873077393,0.5457652068210727,11.196170806884766
65000,1.1252296964327495,-6.012228171030681,1720.5442301432292,0.5839584072430929,0.6288173993428549,0.172898069024086,-0.33031948407491046,0.0,square_tent6_s3,square,tent6,3,6.012228171030681,0.5451996230334647,12.409067789713541
70000,1.264759216705958,-5.048646926879883,1875.3861490885417,0.592833399772644,0.6563916603724161,0.18977865080038706,-0.33459843198458356,0.0,square_tent6_s3,square,tent6,3,5.048646926879883,0.554251313711631,14.104569435119629
75000,1.3458147585392,-5.533311525980632,2115.2079264322915,0.586241086324056,0.6352531711260477,0.18438431123892465,-0.326648473739624,0.0,square_tent6_s3,square,tent6,3,5.533311525980632,0.5280801557334291,15.161476135253906
80000,1.4938933476805687,-5.86910879611969,2325.604736328125,0.5815796256065369,0.6278629899024963,0.176409050822258,-0.34034983068704605,0.0,square_tent6_s3,square,tent6,3,5.86910879611969,0.5395303638968811,16.684076070785522
85000,1.645695122083028,-6.4874809583028155,2612.402099609375,0.5798977812131246,0.6078710556030273,0.17838542660077414,-0.3370887835820516,0.0,square_tent6_s3,square,tent6,3,6.4874809583028155,0.518237866900832,18.608999888102215
90000,1.8180158336957295,-5.83914057413737,2871.7936197916665,0.5867903629938761,0.6357006231943766,0.18810455004374185,-0.33067653576533,0.0,square_tent6_s3,square,tent6,3,5.83914057413737,0.5324229946961202,20.749451955159504
95000,2.0099128166834515,-6.2292704582214355,3128.1751302083335,0.5798611839612325,0.6191574533780416,0.17480469246705374,-0.3403690854708354,0.0,square_tent6_s3,square,tent6,3,6.2292704582214355,0.5345402669531114,22.728506724039715
100000,2.2869578123092653,-5.744810740152995,3481.2122395833335,0.5898439685503641,0.6383620500564575,0.18656995395819345,-0.33471880356470746,0.0,square_tent6_s3,square,tent6,3,5.744810740152995,0.5418269313184148,25.626352945963543
105000,2.564670312404633,-5.616319338480632,3799.2965494791665,0.588305135567983,0.64430304368337,0.18243118127187094,-0.33478275934855145,0.0,square_tent6_s3,square,tent6,3,5.616319338480632,0.5424747047544821,28.951359430948894
110000,2.765977736314138,-6.032776832580566,4328.824055989583,0.5846809347470602,0.6282615462938944,0.18029205004374185,-0.34183494249979657,0.0,square_tent6_s3,square,tent6,3,6.032776832580566,0.5443750200279204,31.01992416381836
115000,2.8828506469726562,-5.192654848098755,4724.926025390625,0.5925360023975372,0.6624661684036255,0.1898019015789032,-0.34467822313308716,0.0,square_tent6_s3,square,tent6,3,5.192654848098755,0.552086384244211,32.97793960571289
